,module,kME
RPS4Y1,0,
XIST,0,
HLA-DQA1.3,0,
APOBEC3B,0,
DDX3Y,0,
KDM5D,0,
EIF1AY,0,
HLA-DRB4,0,
TXLNGY,0,
TMEM176B,0,
C4BPA,0,
DEFA1,0,
HLA-DQA1.1,0,
CEACAM8,0,
MYOM2,0,
DEFA4,0,
USP9Y,0,
LTF,0,
S100B,0,
S100P,0,
ARID4A,0,
BTNL8,0,
CPA3,0,
CASP6,0,
HLA-DQB1.5,0,
CEBPG,0,
OLFM4,0,
LCN2,0,
MS4A3,0,
TMEM176A,0,
CRISP3,0,
LOC100996747,0,
HLA-DQB1.1,0,
PRKY,0,
MYBL1,0,
ORM1.1,0,
KCNA5,0,
SLC25A3,0,
HLA-DQA1.2,0,
CLC,0,
RNF19A,0,
MCTP1,0,
CD9,0,
FGF13,0,
RNASE2,0,
LAIR2,0,
HIST1H2AE,0,
SPP1,0,
AZU1,0,
BPI,0,
TCRBV12S3,0,
IKZF3,0,
KLRC1,0,
GSTT1,0,
THSD7A,0,
LOC100996756,0,
RP11-549J18.1,0,
KLRC3,0,
MDM4,0,
CAMP,0,
CD177,0,
ARG1,0,
SCML1,0,
FAM118A,0,
ALDH1A1,0,
PDK1,0,
SIDT1,0,
TCN1,0,
PLA2G4C,0,
ATP6V0A1,0,
LGALS2,0,
KLRC4,0,
GEM,0,
GSTM3,0,
MTX2,0,
ELANE,0,
CFD,0,
VNN1,0,
HNRNPA1.2,0,
APOBEC3A,0,
HDC,0,
FCGR2B,0,
HOXB2,0,
NCRNA00185,0,
SCN3A,0,
CTSG,0,
RC3H1,0,
SAMD9,0,
CES1,0,
DCUN1D1,0,
ORM1.2,0,
FCER1A,0,
ERAP2,0,
AKR1C3,0,
IDO1,0,
CHI3L2,0,
CCL23,0,
ARL17A.2,0,
RFX7,0,
MS4A4A,0,
NLRP2,0,
BTNL3,0,
SLC22A5,0,
LMO2,0,
LOC102725263,0,
ANKRD1,0,
C1orf56,0,
FCGR1A.2,0,
EVI2A,0,
BTN3A2.1,0,
GALT,0,
TRAF2,0,
FCGR1B,0,
CEACAM6,0,
RFC4,0,
RP11-116O18.1,0,
KIAA1324,0,
ACOT7,0,
PSPH,0,
GFOD1,0,
HCG18,0,
C1QA,0,
ECH1,0,
GNG7,0,
CRYZ,0,
PLP2,0,
CSGALNACT1,0,
TSEN2,0,
ENC1,0,
MAP3K7CL,0,
FAM98A,0,
TNNT1,0,
COL9A3,0,
TARDBP,0,
DTX2P1-UPK3BP1-PMS2P11,0,
GRAMD1C,0,
RPH3AL,0,
EXOC5,0,
LOC100127972,0,
MAGT1,0,
AIM2,0,
HOPX,0,
DHRS9,0,
MAP3K1,0,
C11orf80,0,
CD8B,0,
HMGB2,0,
PEX6,0,
GTF2H2,0,
MMP8,0,
SH3YL1,0,
PNLIPRP1,0,
ADAMTS5,0,
TUBBP5,0,
KANK1,0,
PRRC1,0,
GATM,0,
FAM153A.2,0,
FANCG,0,
ACADVL,0,
BST1,0,
BMPR1A,0,
LILRA3,0,
AGA,0,
ZNF551,0,
MEOX1,0,
CHI3L1,0,
RPH3A,0,
CDKN1C,0,
RPS6KC1,0,
SPOCK3,0,
RRM2,0,
RGCC,0,
CD160,0,
DSP,0,
CROCCP2,0,
SUPT16H,0,
ERO1LB,0,
CD3G,0,
IL7R,0,
CYSLTR2,0,
KCNA3,0,
TENM1,0,
PTPLB,0,
LOC102724250,0,
P2RY14,0,
CLEC2D,0,
NQO2,0,
RRN3.2,0,
ZBTB16,0,
TOPORS,0,
LRCH1,0,
FANCL,0,
KLRF1,0,
MGAT4A,0,
MTHFD2,0,
NGFRAP1,0,
PLGLB1,0,
FBLN5,0,
ZCCHC2,0,
TTN,0,
GPS2,0,
PCDH17,0,
PRKX.1,0,
SUSD4,0,
AKAP12,0,
CRTAM,0,
GZMM,0,
NT5E,0,
RBBP8,0,
NANOG,0,
TOX,0,
TAGLN,0,
PADI2,0,
LOC389906,0,
POMZP3.2,0,
NOD2,0,
KAT2B,0,
IL18RAP,0,
MIR3916,0,
OFD1,0,
HMBOX1,0,
PLA2G4A,0,
AGO3,0,
ANPEP,0,
NEFL,0,
WDR43,0,
PMP22,0,
KIAA1598,0,
USP36,0,
NPIPB15,0,
PDGFC,0,
DENND4A,0,
CYP2E1,0,
GUSBP3.1,0,
GTF2H2B,0,
WRB,0,
AP3B2,0,
CIITA,0,
ATR,0,
ZWINT,0,
LOC644172,0,
CACNB4,0,
SLC35A5,0,
NCAPG2,0,
ADORA3,0,
ZDHHC11,0,
SPINK2,0,
CARKD,0,
PLEKHA5,0,
PHACTR1,0,
GRAMD3,0,
ATP8B4,0,
HIST1H1C,0,
PDE9A,0,
UTY,0,
AGPAT5,0,
ZNF493,0,
CXCL8,0,
MEST,0,
SPDYE2,0,
RABGGTB.1,0,
NMD3,0,
MEF2A,0,
PLA2G7,0,
SLC29A2,0,
UAP1L1,0,
POMZP3.1,0,
BRPF1,0,
BDH1,0,
CD1D,0,
UEVLD,0,
CASP5,0,
KIF14,0,
GATC.1,0,
MARCO,0,
BEX4,0,
FCER1G,0,
XCL1.1,0,
RAB33B,0,
TJP2,0,
SPAG1,0,
ARL17A.1,0,
APOC3,0,
CXCL10,0,
CBR1,0,
NDFIP1,0,
DSC1,0,
FAM60A,0,
HSPH1,0,
PAPD7,0,
CCDC47,0,
RCAN3,0,
VPS9D1,0,
DNMT1,0,
POMC,0,
ARPC1A,0,
COLGALT2,0,
GOLGA2P5,0,
CAMTA1,0,
IL18R1,0,
LRRC37A2,0,
MRPL35,0,
SEC22B,0,
B3GNT2,0,
SULT1B1,0,
LRRC6,0,
HNRNPA1.1,0,
LPGAT1,0,
RAD23B,0,
IL2RA,0,
NRN1,0,
GBAS,0,
SOCS2,0,
ODAM,0,
DUSP5,0,
ARID5B,0,
SLC47A1,0,
NR1D2,0,
PWP2,0,
CEP83,0,
FLJ21369,0,
GADD45A,0,
DNAJC17,0,
CLEC5A,0,
CETP,0,
PPAT,0,
GPR183,0,
TTF2,0,
PLA2G12A,0,
SLC25A40,0,
ZKSCAN7,0,
WDR19,0,
FIP1L1,0,
CSNK1E.2,0,
AOC1,0,
TMEM14B,0,
FAIM,0,
EIF2S3,0,
THOC7,0,
CRYBB2.2,0,
INPP4B,0,
PRSS21,0,
LMNB1,0,
PLEKHB1,0,
ITPKB,0,
TFEC,0,
MIS18BP1,0,
MYL12B,0,
DGKG,0,
TTTY15,0,
MEIS1,0,
STAT4,0,
FAM153A.3,0,
CENPBD1P1.2,0,
HSPD1,0,
DNAJC3,0,
CCNB1,0,
DPEP3,0,
CASP8,0,
C14orf132,0,
C1QB,0,
SPAST,0,
TRADD,0,
USP53,0,
VASH1,0,
SMAD7,0,
UTS2,0,
NDC80,0,
AV8S2,0,
PTPLAD1,0,
CD24,0,
SDR39U1,0,
SNORA21,0,
CCNT1,0,
MAD1L1,0,
TCR-alpha,0,
RASGRP1,0,
RAB32,0,
IK.2,0,
ADI1,0,
KCNN4,0,
ZWILCH,0,
ZW10,0,
EIF1AX,0,
ELAVL1,0,
ZNF557,0,
COX5A,0,
ZBTB25,0,
CFH.2,0,
REST,0,
SCAF8,0,
SETBP1,0,
FAM13A,0,
COCH,0,
GOLM1,0,
ZDHHC13,0,
ARPIN,0,
IL3RA,0,
NBPF10.4,0,
ZNF227,0,
METAP2,0,
ALDH8A1,0,
GCM1,0,
USP32.2,0,
GMNN,0,
KIAA0226,0,
FZD2,0,
AHSA2,0,
ZBTB6,0,
ERICH1,0,
LIPA,0,
CORO2B,0,
TM4SF4,0,
SERINC1,0,
ERVK3-2,0,
METTL21B,0,
LACTB2,0,
SLAMF1,0,
CLEC10A,0,
PLA2G16,0,
FAM169A,0,
CXXC1,0,
C21orf91,0,
LINC00115,0,
ZNF195,0,
P2RX7,0,
EML4,0,
GMCL1,0,
KIAA1279,0,
SMPD3,0,
CCDC6,0,
LOC100506076,0,
BC069776,0,
HIST1H4D,0,
ANKRD55,0,
EIF5B,0,
LOC102724985,0,
ID3,0,
KLRAP1,0,
SNX29P2,0,
MAGEF1,0,
TRIM49,0,
PPFIBP2,0,
LHFPL2,0,
CD247,0,
TRIM22,0,
AKAP2,0,
ZFP36L2,0,
RETN,0,
SLC31A1,0,
BV03S1J2.2,0,
ALG6,0,
ZNF185,0,
IGHG1.4,0,
RNASE6,0,
DPYSL2,0,
MCM6,0,
CENPU,0,
ANKRD36,0,
P2RY10,0,
SMC3,0,
NAGK,0,
ENDOD1,0,
ACAP2,0,
SLC16A6,0,
EIF2AK3,0,
GABARAPL1.2,0,
MUC8,0,
UBA6,0,
RSU1,0,
IGSF6,0,
HMHA1,0,
DENND5B,0,
RIN2,0,
TMEM50B,0,
ALG5,0,
GSTZ1,0,
PGGT1B,0,
COL18A1,0,
OLFML2A,0,
TGFBR1,0,
ZNF226,0,
ABCC4,0,
EMR1,0,
TTPA,0,
GLDC,0,
ERC2,0,
TSC22D3,0,
H1FX,0,
CDO1,0,
TNNI2,0,
FAM172A,0,
WARS,0,
SP140L,0,
LOC100289097,0,
TARBP2,0,
RPGR,0,
CX3CR1,0,
LINC00339,0,
AQP5,0,
HCG8,0,
TIPRL,0,
STEAP1B,0,
ACTR8,0,
C1GALT1C1,0,
PRKX.2,0,
BCAP29,0,
LRIG1,0,
CAPG,0,
NSUN6,0,
CBLL1,0,
SLC12A1,0,
GPR65,0,
CHM,0,
ZNF230,0,
LYRM2,0,
CD2,0,
TRIM16,0,
ABCD2,0,
PTH1R,0,
PLCL1,0,
MRPL42,0,
FNBP1L,0,
CD46,0,
ENO1,0,
CHKB-CPT1B,0,
SLC12A7,0,
GLMN,0,
ABCB1.2,0,
UAP1,0,
C1GALT1,0,
PDE7B,0,
CNTNAP3P2,0,
KRR1,0,
DSE,0,
ARFIP1,0,
PLGRKT,0,
SMAD1,0,
ZNF177,0,
FCF1.2,0,
USP32P2,0,
SPO11,0,
MAFB,0,
ECHDC3,0,
PID1,0,
OAT,0,
ARHGEF4.1,0,
IRF8,0,
OTUD3,0,
FXYD2.2,0,
RABIF,0,
PPM1H,0,
CD38,0,
PLEKHA1,0,
PKIA,0,
TLR5,0,
TGIF1,0,
CCZ1.2,0,
DBR1,0,
TRDMT1,0,
MYL5,0,
ANG,0,
CCDC59,0,
POLR2J4,0,
SYNE2,0,
LOC101929910.1,0,
ZNF468,0,
LOC102724229,0,
TOR1AIP2,0,
FAS,0,
CD226,0,
BAZ2B,0,
GPR19,0,
CCR10,0,
SUMO4,0,
ASGR2,0,
RNF103,0,
PPIEL,0,
HLA-DQB1.3,0,
GGH,0,
PLEK,0,
MRPL41,0,
ECHDC1,0,
ANKMY2,0,
RPL18P10,0,
CFH.1,0,
TNFSF12-TNFSF13,0,
DQ597730,0,
AF090939,0,
TLR7,0,
KPNA2,0,
ZNF225,0,
LYST,0,
MYL12A.1,0,
IFNG,0,
MIR6840,0,
CCR9,0,
APBB1IP,0,
S100A8,0,
C3orf14,0,
SPATA7,0,
APOBEC3F.2,0,
SDHA,0,
CHN1,0,
TBC1D12,0,
LOC202181,0,
LIMS1.2,0,
PDSS1,0,
ATP10D,0,
TRIM5,0,
CHIT1,0,
VRK2,0,
PANX1,0,
TPBG,0,
ANK3,0,
CHD8,0,
MTMR11,0,
PIK3R5,0,
PSMB8,0,
C9orf38,0,
TMEM131,0,
TRMT1L,0,
IRF9.2,0,
LSM14B,0,
C6orf62,0,
CAPRIN2,0,
XBP1,0,
CTSC,0,
SMA4,0,
CCL1,0,
DDHD2,0,
ADAP2,0,
RNASE4,0,
CCT5,0,
EZH2,0,
RACGAP1,0,
KANSL1L,0,
RRN3P1,0,
SIK1,0,
PKD2,0,
KLF3-AS1,0,
ALCAM,0,
CPVL,0,
TMEM230,0,
SEC16A,0,
PALLD,0,
TGFBI,0,
TPD52,0,
UGCG,0,
TMEM14A,0,
PVRIG,0,
OR2B6,0,
CSTF2,0,
TRIP13,0,
EPS8,0,
DSTNP1,0,
RIC3,0,
PRIM1,0,
SLFN12,0,
TKTL1,0,
CHPF2,0,
SDHD,0,
CYFIP2,0,
MAP9,0,
GVINP1,0,
TNFSF8,0,
TMEM260,0,
BTBD3,0,
RNF139,0,
NMI,0,
RPL38,0,
CLEC1B,0,
OR2A20P,0,
CTLA4,0,
LINS,0,
CUZD1,0,
RAB11FIP2,0,
BAG2,0,
COG5,0,
SDF2L1,0,
SETD1A,0,
ZNF669,0,
OSM,0,
RAB29,0,
PRKCH,0,
GLIPR1,0,
SMN1,0,
RAP1GAP2,0,
MAN2C1,0,
MRPL19,0,
COX20,0,
NRIP1,0,
CCNL1,0,
CCNB2,0,
CLUL1,0,
GALNT12,0,
PUS7,0,
PCID2,0,
GSPT2,0,
HSP90AB1,0,
PAK3,0,
OXCT1,0,
TNFSF4,0,
DNM1L,0,
SENP7,0,
DCAF16,0,
ERCC4,0,
PPP1CB,0,
IGFBP7,0,
C1D,0,
ZNF91,0,
NUDT4.1,0,
HLA-DPA1,0,
GCLM,0,
PGRMC1,0,
NUDT13,0,
ZC2HC1A,0,
LIPC,0,
IL1A,0,
MREG,0,
TMEM50A,0,
SPG11,0,
ELF2,0,
SLC18A1,0,
GSTCD,0,
HMGCS2,0,
TSPAN14,0,
CDKN3,0,
ABCC6.2,0,
TAF4B,0,
PARPBP,0,
RP1-130G2.1,0,
FOLR2,0,
NOL7,0,
RNF14,0,
ACTL7B,0,
KCTD5,0,
PCYOX1,0,
ORC4,0,
CUL1,0,
GLB1L,0,
MAR3,0,
DUSP14,0,
SNAPC1,0,
TXLNG,0,
OLA1,0,
TIMM17B,0,
ELAC1,0,
TEX30,0,
EDEM3,0,
SYT17,0,
TDRKH,0,
CCDC88C,0,
HCFC1,0,
MCM3AP-AS1,0,
ZNF137P,0,
PARP1,0,
IDI1,0,
DNAJC8,0,
TRIM23,0,
MAT2A,0,
TRIM25,0,
HNRNPA2B1,0,
CMAHP,0,
RTN1,0,
PSMB9,0,
NBEA,0,
GNL2,0,
ASGR1,0,
NUP107,0,
MRPL28,0,
LEFTY1.1,0,
AMPH,0,
ZNF573,0,
FAM8A1,0,
PRMT2,0,
RAB33A,0,
PYGM,0,
OIP5,0,
FBXL15,0,
MAN2B2,0,
RAB35,0,
PARP11,0,
FEM1B,0,
FBXL8,0,
CD53,0,
CEACAM1,0,
KIR2DL1.2,0,
SLC38A6,0,
LPXN,0,
OCLN,0,
HOXA1,0,
BTN3A2.2,0,
TUFM,0,
MTX1,0,
LNPEP,0,
LOC100507630,0,
ZNF43.1,0,
CEACAM4,0,
COLQ,0,
MAGOHB,0,
TPT1P8,0,
PEX12,0,
NUP155,0,
LAMTOR3,0,
IL1RAPL2,0,
NCAN,0,
TCRA.3,0,
SKAP1,0,
SMAD4,0,
SIT1,0,
NSG1,0,
LIAS,0,
PFKFB1,0,
GNA15,0,
CEP135,0,
IL4R,0,
ASCC3,0,
F7,0,
TMEM156,0,
PCDHGA10.1,0,
C19orf40,0,
RP11-348N5.7,0,
APOBEC3F.1,0,
GSTM4,0,
ETV7,0,
TMED2,0,
TBRG4,0,
IL7,0,
FADS2,0,
MPP5,0,
PAFAH1B2,0,
IQCG,0,
MKL2,0,
CATSPERB,0,
HPS5,0,
YWHAH,0,
PRRG2,0,
KDM6A,0,
SPDL1,0,
IFI35,0,
DHX32,0,
RFXAP,0,
LOC101060373,0,
RAB40C,0,
ARPC3,0,
ACAD8,0,
PMM2,0,
WDR41,0,
CD244,0,
NDC1,0,
RALGAPA1.1,0,
NPIPA5,0,
CEPT1,0,
FBP1,0,
ECHDC2,0,
IL18,0,
ZNF74,0,
EIF5A,0,
MICALL1,0,
LSR,0,
CD96,0,
SRGAP3,0,
HECA,0,
T-Cell_Receptor_V-alpha_region,0,
CST6,0,
TAP2,0,
GTF2B,0,
SLCO4C1,0,
ROBO1,0,
NPC2,0,
SGCE,0,
SF1,0,
SRD5A1,0,
PPIAL4B,0,
TCFL5,0,
NUBPL,0,
CD33,0,
LONRF3,0,
CISH,0,
POLR3D,0,
PTPN4,0,
IL1R1,0,
EGFL6,0,
PFKP,0,
OSBPL9,0,
MSC,0,
OR1E1.1,0,
TMEM177,0,
CD248,0,
SCRG1,0,
NEBL,0,
FAM184A,0,
MRPL52,0,
TCRA.1,0,
TMEM51,0,
METTL2A,0,
ZNF304,0,
FAM21C,0,
IFI30,0,
ARSA,0,
IL23A.2,0,
ATMIN,0,
ABCB1.1,0,
ZFX.2,0,
CHMP1B,0,
ELP5,0,
TCEAL2,0,
CCRN4L,0,
IER3,0,
SHCBP1,0,
ZNF10,0,
ACADSB,0,
HLA-J,0,
TSPAN2,0,
IBTK,0,
PCGF3,0,
MYOF,0,
ZFP37,0,
DNAJB14,0,
LIN37,0,
EGLN3,0,
CHST2,0,
DCTPP1,0,
GPHN,0,
ETV2,0,
AGPAT4,0,
NBPF10.1,0,
PRUNE2,0,
LRFN3,0,
SLBP,0,
CCDC15,0,
INHBB,0,
LOC100507577.2,0,
SRRM1,0,
RPS4XP3,0,
MFHAS1,0,
APOLD1.2,0,
GAP43,0,
SLC41A3,0,
ARSB,0,
RP4-710M16.1,0,
WASF1,0,
CD151,0,
KIT,0,
ECT2,0,
IGHG1.5,0,
SLC35E2,0,
MSRB2,0,
CYFIP1,0,
GRHPR,0,
DNA2,0,
ACVR1,0,
STAG1,0,
PDLIM1,0,
RPS6KA3,0,
LRP2BP,0,
TPK1,0,
HIRA,0,
PLAGL1,0,
ADNP,0,
BACE2,0,
SERPINE2,0,
NUS1,0,
EPHA4,0,
HMG20A,0,
PIAS3,0,
AP4M1,0,
ATP7A,0,
FLI1,0,
ZNF385D,0,
TMEM259,0,
PNMAL1,0,
PTPRM,0,
RP3-522P13.2,0,
AF007147,0,
TMOD3,0,
METTL8,0,
SPCS2,0,
ACAT1,0,
CD1C,0,
MBD5,0,
ITGA6,0,
RAP2A.2,0,
GREM2,0,
PGS1,0,
TRIM32,0,
CALCOCO2,0,
DAZAP1,0,
MED1,0,
CD1A,0,
SSR3,0,
NME8,0,
FABP5,0,
ECE2,0,
CA6,0,
SMCO4,0,
FZD6,0,
IDI2-AS1,0,
LILRA4,0,
CD81,0,
TUBB6,0,
HSD11B1,0,
C12orf4,0,
PINLYP,0,
AL109706,0,
BCAS4,0,
PRKCQ,0,
KDM5A,0,
EPB41L3,0,
SYNM,0,
ST7L,0,
KIF16B,0,
SLC6A16,0,
INTS6,0,
RECQL4,0,
CRIPT,0,
CDK2AP1,0,
RFC5,0,
RBL1,0,
CTR9,0,
CDCA3,0,
NELL1,0,
MCMBP,0,
INO80B.2,0,
COL4A4,0,
XRCC4,0,
CAMK2N1,0,
CATSPER2,0,
ETNK1,0,
NUDT15,0,
MILR1,0,
GIMAP4,0,
PAM,0,
ZC3H7A,0,
CIR1,0,
STX7,0,
COX16,0,
FBLN2,0,
SMURF2,0,
PLXDC1,0,
JUP.1,0,
AASDHPPT,0,
UGT2B17,0,
DHRS3,0,
MFSD12,0,
LTA,0,
EBNA1BP2,0,
TCEB3-AS1,0,
NEUROD1,0,
PKI55,0,
TEAD3,0,
KMT2A.2,0,
GMEB2,0,
SYCP2,0,
CYTL1,0,
ANXA2P2,0,
KLKB1,0,
AMIGO3,0,
PLLP,0,
CLTCL1,0,
DHTKD1,0,
ZMYND11,0,
PTER,0,
ACTBP9,0,
RAP2A.1,0,
TIMM10,0,
ERC1,0,
PAPSS1,0,
RUNDC3B,0,
GPR137B,0,
PIGG,0,
DDIT4,0,
GM2A,0,
ZNF430,0,
POLE3,0,
C20orf24,0,
WDR12,0,
SH2D1A,0,
AIDA,0,
UCP1,0,
SLC22A1,0,
PPP1R17,0,
TSR2,0,
CNOT6,0,
VLDLR,0,
BAHD1,0,
NMRK1,0,
LOC101929842,0,
FKRP,0,
APOL6,0,
CSAD,0,
NPDC1,0,
TNS3,0,
RPL17,0,
CD59,0,
ARMCX2,0,
CBS,0,
UPK3B,0,
ZNF37BP,0,
ELOVL6,0,
CDC20,0,
C17orf85,0,
KIN,0,
ATF6,0,
SLC16A4,0,
PFKM,0,
MAFF,0,
POMGNT1,0,
GPX2,0,
PSRC1,0,
ASB13,0,
BAG4,0,
BORA,0,
TTI2,0,
NPIPA1.2,0,
SERINC5,0,
ITGAL,0,
PPP1R14B,0,
TIPIN,0,
SLC16A8,0,
MYH7B,0,
ARG2,0,
EIF3M,0,
PRDM1,0,
BNIP3,0,
LAT,0,
GPA33,0,
IRF5,0,
PTX3,0,
PFKFB2,0,
NUSAP1,0,
TP53I3,0,
MLH1,0,
CEP70,0,
CINP,0,
GIPC1,0,
NSUN5P1.1,0,
GOLPH3,0,
XPA,0,
DNAJC13,0,
WDR76,0,
PTK6,0,
LSG1,0,
FBXW4P1,0,
MIR4680,0,
PRPH2,0,
EFHD1,0,
IFNA10,0,
GAS2,0,
IREB2,0,
TCEAL4,0,
CENPA.2,0,
NOL11,0,
TSPYL5,0,
APOL1,0,
IFNAR2,0,
KIF5C,0,
FFAR3,0,
CPS1,0,
WDR37,0,
SEPT7,0,
LOC101930324,0,
GTPBP8,0,
KAL1,0,
NHEJ1,0,
TFRC,0,
ACAT2,0,
PRKCDBP,0,
PAQR6,0,
TRAF6,0,
KIAA0101,0,
LOC100506504,0,
MORC4,0,
CTRB1,0,
LOC100505874,0,
DIP2C,0,
CCDC87,0,
PRPSAP2,0,
ADCY3,0,
SWAP70,0,
AHCY,0,
POLM,0,
KCNMB3,0,
CMA1,0,
MAGED1,0,
DLGAP5,0,
BUB1B,0,
ADAMTSL4,0,
TMEM2,0,
TOR3A,0,
KALP,0,
MIR22,0,
AHDC1,0,
NME7,0,
ZNF117,0,
GTF2A1,0,
ETFDH,0,
SERPINB8,0,
EXTL2,0,
BCOR,0,
NLRP3,0,
DSPP,0,
VEGFC,0,
F8,0,
ADORA2B,0,
SCAI,0,
ZSWIM1,0,
CYP27A1,0,
SNX5,0,
TNNI3,0,
STYK1,0,
PNMA1,0,
TOE1,0,
AGK,0,
GPR20,0,
BEX1,0,
DENND1B,0,
RPRM,0,
MEF2C,0,
MS4A2,0,
OR7E12P,0,
CPEB3,0,
AGAP10,0,
SCD5,0,
TP53TG3,0,
MST1,0,
KLF2,0,
C2orf49,0,
RFC1,0,
PCDHA5.2,0,
MOK,0,
RP1-8B22.1,0,
LINC00667,0,
LBH,0,
JADE3,0,
SCPEP1,0,
CA11,0,
CTSK,0,
FGGY,0,
SKIV2L2,0,
ETS1,0,
SMS,0,
MLLT3,0,
LCT,0,
NOTCH2NL,0,
CEP170,0,
THBS4,0,
FASLG,0,
ZBTB7C,0,
ANKRD28,0,
TYMP,0,
RAD50,0,
TRAPPC2.1,0,
CKAP2.1,0,
CAPRIN1,0,
OR7E14P,0,
HIST1H2BL,0,
SULT1A1,0,
SEMG1,0,
HAAO,0,
AVEN,0,
VIL1,0,
MGC12488,0,
CYP2B7P,0,
CRY2,0,
FASTKD2,0,
FAN1,0,
ECRP,0,
RAD54B,0,
ZNF224,0,
HOXA5,0,
IDH1,0,
MBTPS2.1,0,
AUNIP,0,
MINA,0,
ANXA5,0,
HOMER1,0,
CRNKL1,0,
SLC6A4,0,
SLC2A6,0,
TTC27,0,
SULT1A2,0,
PCDH8,0,
NINL,0,
ZNF623,0,
PARM1,0,
APBA2,0,
RCBTB2,0,
SLC15A2,0,
TRMT2A,0,
RNF146,0,
ALKBH4,0,
LRRC8B,0,
P2RY2,0,
APPL2,0,
OR3A3,0,
XYLT2,0,
PIGN,0,
ATP1B1,0,
BST2,0,
ATP5J2-PTCD1,0,
CARD8,0,
ZFP69B,0,
ARL5A,0,
STK3,0,
SLC35F5,0,
EGOT,0,
LOC100272216,0,
BLM,0,
SPATA5L1,0,
LRP5L,0,
NDUFAF7,0,
KIFAP3,0,
EIF3F,0,
LOC157562,0,
NUP153,0,
STK16,0,
SAMHD1,0,
RRAGA,0,
GLCE,0,
SOWAHC,0,
IMPACT,0,
TMEM33,0,
TUBGCP5,0,
CASP2,0,
QRSL1,0,
NR2C2,0,
SETD6,0,
FMO4,0,
ZNHIT2,0,
ZNF532,0,
GRAP,0,
IL6ST,0,
RNF111,0,
HIPK1,0,
KATNBL1,0,
PRG2,0,
ASRGL1,0,
TBPL1,0,
AL590762.11,0,
WNT1,0,
WDR52,0,
HIST1H2BB,0,
AKAP3,0,
LINC00216,0,
PGM1,0,
KRTAP5-8,0,
LILRP2,0,
RAD54L2,0,
TMEM134,0,
BACE1,0,
NCBP1,0,
IL12RB2,0,
AUH,0,
SLC25A28,0,
MIR6516,0,
TIMELESS,0,
ARHGAP22,0,
HNRNPH1,0,
GOLGA8N,0,
GRAMD4,0,
MSH5,0,
FLT3,0,
FANCC,0,
NABP2,0,
CASP7,0,
LOC284009,0,
OSR2,0,
BRCC3,0,
DAPK2,0,
IL13RA2,0,
RNF121,0,
POM121.2,0,
KLF4,0,
TMCO6,0,
LOC100131510,0,
HSP90B1.2,0,
NETO2,0,
TTC13,0,
ZSCAN16,0,
LINC00894,0,
MLC1,0,
SEC14L1P1,0,
CDKL2,0,
THBS2,0,
CHRFAM7A,0,
CUX2,0,
GABPA,0,
TBCEL,0,
MRPL9,0,
LOC100506248,0,
DAPK3,0,
ZNF276,0,
ADPRH,0,
LOC441259,0,
JAK2,0,
STARD7,0,
TSPO,0,
LTC4S,0,
DEXI,0,
ATAT1,0,
TTBK2,0,
MT1E,0,
MPO,0,
FCF1.1,0,
C12orf5,0,
NEDD4,0,
PPT1,0,
BHMT2,0,
CACNA1H,0,
PC,0,
HHAT,0,
CITED1,0,
EIF3I,0,
CD300C,0,
PTGIR,0,
CLTB,0,
MICA.1,0,
CD70,0,
APP,0,
KCNE1L,0,
EIF2D,0,
XPNPEP3,0,
VCAN,0,
HIVEP2,0,
GPM6A,0,
RPAP2,0,
ADAM10,0,
PASK,0,
OLR1,0,
ACAA1,0,
ATG2B,0,
EIF3C,0,
POGLUT1,0,
ECI1,0,
KIZ,0,
PLA2G2F,0,
ST5,0,
MROH7-TTC4,0,
CENPJ,0,
IGLVIVOR22-1,0,
SAV1,0,
COX6CP1,0,
GLUD1,0,
ST8SIA1,0,
TARP.1,0,
SERPINH1,0,
TBC1D31,0,
SERPINB9,0,
DAAM1,0,
NDN,0,
TMEM57,0,
GLS2,0,
SYT1,0,
SUMO1,0,
LOC101060275,0,
CPED1,0,
SRD5A3,0,
SNX16,0,
TPM4,0,
FBXO16,0,
DUSP10,0,
DFNA5,0,
MS4A6A,0,
SNHG17,0,
SLC22A18,0,
CXorf56,0,
RP3-334F4.2,0,
DEPTOR,0,
STEAP3,0,
DFFB,0,
FCHSD2,0,
LRRC23.1,0,
MICA.2,0,
LOC102723620,0,
ACYP1,0,
CLIC1,0,
ZNF7,0,
COQ2,0,
BZW2,0,
VIM,0,
LOC101060604.2,0,
APOC2,0,
RAI2,0,
SLC9A8,0,
MAML1,0,
TSSC4,0,
NECAP1,0,
MOCS3,0,
NELFCD,0,
LOC101928625,0,
ZNHIT6,0,
SCN2A,0,
AC007389.3,0,
MRTO4,0,
GPD1L,0,
PAXIP1,0,
RMI1,0,
OSBPL3,0,
PEX11A,0,
EXO5,0,
NKX3-1,0,
TMEM30B,0,
RP1-68D18.4,0,
GKN1,0,
DTWD1,0,
ASIP,0,
VPS53,0,
PREB,0,
PIK3R1,0,
NBL1,0,
ACOX2,0,
FMO6P,0,
ZNF329,0,
ADRBK2,0,
ARPC5L,0,
SLC39A14,0,
PMS2P8,0,
CLDN7,0,
OR1A2,0,
IL10RA,0,
POLG2,0,
GS1-164F24.1,0,
RBM3,0,
RPL23AP32,0,
TOP2A,0,
MFN1,0,
SLC9A7,0,
CCR4,0,
SPR,0,
TNFSF15,0,
RFX1,0,
RNF4,0,
PJA1,0,
CUBN,0,
C16orf70,0,
PHOX2B,0,
UBE4A,0,
LBR,0,
PRC1,0,
M6PR.2,0,
BIK,0,
ASPM,0,
NKRF,0,
HNRNPAB,0,
SLC7A2,0,
PERP,0,
KIAA0408,0,
TMEM41B,0,
SYNJ2BP,0,
HCRP1,0,
GOT1,0,
DROSHA,0,
TSPAN8,0,
GATA2,0,
TRMT12,0,
CNPY3,0,
SERPINF1,0,
PTGER4,0,
KBTBD4.2,0,
C8orf17,0,
RPRD1A,0,
ZNF365,0,
CCNL2,0,
UBE2L6,0,
DRAP1,0,
CYCSP44,0,
GOLGA7,0,
ZNF280B,0,
CD6,0,
GATAD2A,0,
ATAD2,0,
EHBP1,0,
IVL,0,
GRM2,0,
NAB2,0,
ZNF813,0,
PON2,0,
USP25,0,
SGK1,0,
SEC31B,0,
TBL1XR1,0,
SNAP29,0,
ENO3,0,
CCK,0,
AMPD3.1,0,
LOC101928274,0,
ITPA,0,
ARHGAP17,0,
ZNF780A,0,
WRN,0,
MAP2K1,0,
IGFLR1,0,
ACO1,0,
KPNA5,0,
IRF6,0,
RPGRIP1,0,
HCG4B,0,
HIST3H3,0,
SMAGP,0,
VSIG4,0,
DKFZP434C153,0,
ASMTL-AS1,0,
PIK3CA,0,
CCDC88A,0,
HOXD12,0,
SLC29A1,0,
HAUS4,0,
MIS18A,0,
C14orf169,0,
TBC1D8,0,
MUM1,0,
TMEM186,0,
TTC30A,0,
RHOC,0,
TM7SF3,0,
KLF11,0,
HNRNPA1P3,0,
FLVCR2,0,
GPR143,0,
TCL1B,0,
MGAT4C,0,
FXYD6,0,
LOC101060181,0,
DNASE1L3,0,
TOMM40,0,
COPS7B,0,
ACN9,0,
THAP10,0,
SEC14L4,0,
OR3A1,0,
PRODH2,0,
SMEK2,0,
PIGB,0,
MPHOSPH10,0,
PCDHB8,0,
PSMC2,0,
MOCS2,0,
IL5RA,0,
DIXDC1,0,
MED24.1,0,
GPATCH2,0,
ENTPD1-AS1,0,
Y16709,0,
CNN1,0,
ACTA2,0,
SPECC1L,0,
TSPAN4,0,
PLD1,0,
NCAPD2,0,
SNHG3,0,
MOSPD1,0,
AARSD1,0,
TRAM1,0,
DLEU2.1,0,
DCTN5,0,
CILP,0,
PMEPA1,0,
CYP26B1,0,
LGMN,0,
AP3M2,0,
MAST4,0,
ALG9,0,
IQGAP2,0,
TBCCD1,0,
ZC2HC1C,0,
UBQLN2,0,
COPG2IT1,0,
SYNGR3,0,
RP11-414H17.5,0,
LOC100996724.1,0,
TNS4,0,
FZD3,0,
MTHFD1,0,
ARHGEF10L,0,
MAT1A,0,
NUP93,0,
RTDR1,0,
LOC100996758,0,
KRT19P2.1,0,
SLC5A12,0,
IL26,0,
LXN,0,
MYBPH,0,
SH3BP4,0,
TMSB15A,0,
ZNF259P1.2,0,
CYP4F12,0,
KIAA0087,0,
MEIS3P1,0,
ATP6V0E1,0,
SLC25A20,0,
GTF2IRD2B,0,
SFRP1,0,
GCDH,0,
N4BP2L2-IT2,0,
RRP1,0,
GPR15,0,
APOB,0,
FLJ22184,0,
DONSON,0,
TH,0,
GRB14,0,
SOCS7,0,
STXBP1,0,
LINC00342,0,
PTTG1IP,0,
DHX9,0,
ASNS,0,
SLC10A2,0,
HLA-F-AS1,0,
CYP2R1,0,
WNT10B,0,
LOC100506699,0,
TMEM143,0,
CCR8,0,
GCOM1.1,0,
BTF3P12,0,
CARF,0,
MAP3K7,0,
LPA.2,0,
LDOC1,0,
NACC2,0,
PHC3,0,
RNASEH2B,0,
C5orf22,0,
CTNNB1,0,
BATF3,0,
RWDD2A,0,
SMAP1,0,
CKB,0,
DZIP3,0,
KIAA0907,0,
SAC3D1,0,
BBIP1,0,
KCNJ9,0,
PSMD10,0,
GBX1,0,
RNF5.2,0,
ITFG2.1,0,
ZFYVE21,0,
BSPRY,0,
ERMP1,0,
ADAM19,0,
LRRC19,0,
OR2F1.1,0,
C8B,0,
BRE,0,
GOLT1B,0,
SDC4,0,
BCL7B,0,
SLC22A14,0,
GFRA4,0,
LOC100127886,0,
KCNAB3,0,
KAZN,0,
CAMK1,0,
TSPYL1,0,
EFTUD1,0,
ZNF286A,0,
SEC14L5,0,
NSL1,0,
TPST2,0,
AMMECR1,0,
CLUHP3,0,
GAGE1.1,0,
STK17B,0,
TNFRSF14,0,
GNMT,0,
DBH,0,
TCF7L2,0,
FAM47E,0,
AMHR2,0,
NAT10,0,
ZMAT3,0,
NCK2,0,
SYNC,0,
SRP19.2,0,
PABPC1P1,0,
ZNF76,0,
ORC2,0,
N6AMT1,0,
BHLHE41,0,
MGP,0,
SLC6A11,0,
HEATR3,0,
SNTG2,0,
FARP2,0,
INSIG1,0,
GPR98,0,
SULT1E1,0,
SORD,0,
CCDC51,0,
CCDC186,0,
APH1A,0,
SMYD3,0,
OXTR,0,
TNIP3,0,
WFDC1,0,
KCND1,0,
AGBL2,0,
GIP,0,
LOC102725198,0,
UNC13B,0,
GLT8D2,0,
COQ3,0,
MRPS18B,0,
DPY19L1,0,
PDP1,0,
RBM6,0,
GABPB1,0,
LRRC16A,0,
TMED9,0,
DDX21,0,
MELK,0,
DCAF17,0,
ORC6,0,
HSD17B1,0,
SLC25A23,0,
SYNGR2,0,
RUVBL1,0,
CD68,0,
AMOT,0,
LOC101929597,0,
MED17,0,
MAP3K6,0,
ALG11.2,0,
CHRNA2,0,
ELL3,0,
XPC,0,
DDX1,0,
SLC2A4,0,
ACVR2B-AS1,0,
KIAA1033,0,
MAGEA8,0,
LENEP,0,
NCL,0,
KRT18,0,
RALA,0,
KIAA0020,0,
PI4KA.2,0,
LAX1,0,
SLC6A14,0,
PGPEP1,0,
STRAP,0,
ERCC5,0,
PLSCR4,0,
DNAJA3,0,
PDCD6IP,0,
DARS2,0,
MFSD9,0,
TRAF3IP1,0,
XAB2,0,
SC5D,0,
LOC100505915,0,
ADK,0,
RNFT1.2,0,
KIF2C,0,
SCRIB,0,
ATP4A,0,
CRYBB2.1,0,
PSMG1,0,
NUTF2,0,
RSF1,0,
PTCD3,0,
UBE2B,0,
APOBEC3C,0,
OCM2,0,
DUSP8,0,
PDCL3,0,
TPPP3,0,
FAM155B,0,
ADAM15,0,
TAF15,0,
HLA-DPB1,0,
FSCN2,0,
ZNF75D,0,
ZNF155,0,
CCL25,0,
PRAME,0,
TNFRSF11A,0,
MRPS10,0,
RMND1,0,
UBE2E3,0,
XPO4,0,
HIST1H2BO,0,
TLR3,0,
RGS7,0,
DYNC2H1,0,
PAN2,0,
MED24.2,0,
ATM,0,
STAG3,0,
PITPNC1,0,
SPC25,0,
ACVR2A,0,
BTN2A2,0,
SPTLC1,0,
FHL1,0,
ASS1,0,
FBXL4,0,
ASCC1,0,
HIPK2,0,
UCHL1,0,
FBN2,0,
FAM50B,0,
CMAS,0,
XRCC2,0,
ADAM21,0,
NBPF10.2,0,
ASB7,0,
TEAD1,0,
GGNBP2,0,
ARHGAP32,0,
NEFM,0,
CST4,0,
RFPL3S,0,
GOLGA8A.2,0,
STAC,0,
P4HA1,0,
IL36G,0,
GABARAPL1.1,0,
POLR2B,0,
ZSCAN18,0,
ERLIN2,0,
ODF2,0,
NDNF,0,
ATF3,0,
CD86,0,
TRA@,0,
CHL1,0,
SERPINA7,0,
POTEKP,0,
HIST1H1B,0,
ANKRD27,0,
OGT,0,
MBTPS2.2,0,
FOXF2,0,
RABEP1,0,
KARS,0,
UTP3,0,
PPID,0,
LOC101930235,0,
CEP192,0,
C1orf50.1,0,
PRPF19,0,
TULP4,0,
CCNA1,0,
RABGAP1L,0,
CYP20A1,0,
EEF1A1P42,0,
LRRC48,0,
TFAM,0,
STON1,0,
CD99,0,
TMEM209,0,
PAXBP1,0,
ECD,0,
GABRR2,0,
MT3,0,
RAB6A.2,0,
TOP2B,0,
ANGPT1,0,
SLC5A1,0,
RBM14,0,
ZFR,0,
AZGP1P1,0,
HLA-DRB6,0,
TRBV5-2,0,
SLC25A12,0,
FAM120C,0,
CYP19A1,0,
DQ583205,0,
THOC6,0,
TNFRSF13B,0,
ADAMTSL3,0,
DNAH7,0,
FEM1C,0,
OBP2A.1,0,
SCN3B,0,
CSRP3,0,
TEX28,0,
LFNG,0,
GDPD2,0,
TUBGCP3,0,
NDUFS1,0,
HOXD10,0,
NCSTN,0,
ATXN8OS,0,
SPIN2A.2,0,
ZNF667,0,
FOSL1,0,
MYH1,0,
IGH.9,0,
FADS1,0,
DGKH,0,
BTF3P13,0,
ACVR2B,0,
OMP,0,
MYF6,0,
QDPR,0,
CCDC28A,0,
PLS1,0,
BRD2,0,
SEMA3A,0,
LOC100129973,0,
BCL2L11,0,
TACSTD2,0,
SFXN1,0,
TOM1,1,0.8476684381800578
MGAT4B,1,0.8349092070260731
LTBR,1,0.8285849877918013
GRN,1,0.8113369482242027
MYH9,1,0.7774193373603199
CEBPA,1,0.7759023716895066
GNB2,1,0.7605489040244429
PLEKHM2,1,0.7564332218979523
VASP,1,0.740029639628619
SF3B2,1,0.7358634543197533
GAA,1,0.7291566579004395
AKT1,1,0.7278200673628078
TNFRSF8,1,0.7198405790219168
TOR4A,1,0.7140500324173964
COPS7A,1,0.7129010639152394
PLOD1,1,0.7121420887458128
STAB1,1,0.7088589786694185
TMEM109,1,0.7036628708210467
RNF44,1,0.6961037510194467
ACIN1,1,0.6752698057295239
SIPA1,1,0.6740286180969429
MYO1E,1,0.6578845701929267
ITGB2,1,0.6432422500078764
RNPEP,1,0.6276638338108789
PPFIA4,1,0.618278998109232
ULK1,1,0.5929511651694407
SLC12A9,1,0.5562061738807017
CBX4,1,0.5503782753460387
SH3TC1,1,0.5444829724274322
P4HB,1,0.5373658454246684
MVP,1,0.5037563719488254
DCTN4,2,0.8759962513453348
SOS2,2,0.8611844265092852
SNAP23,2,0.8443766698969474
SCYL2,2,0.8267087650662922
MAP3K2,2,0.8175453652500073
PLEKHA2,2,0.8154014920327589
ITCH,2,0.8150580235655706
ABHD17B,2,0.812388702740333
ATP11A,2,0.804307401629357
SNX13,2,0.7962182230383492
ERLIN1,2,0.7859795213315192
LOC100134822,2,0.7824478712111608
PDK4,2,0.7774220475489457
LOC440434,2,0.7722794771138953
UBE2J1,2,0.7653182960930075
RIPK1,2,0.7632444880333709
WSB1,2,0.7617745950027996
ANKFY1,2,0.76165676976581
CDC42EP3,2,0.7529819303808251
ACOT9,2,0.7523441399693878
SYNJ1,2,0.752264473614081
CDK14,2,0.7405364195340703
PHTF1,2,0.7352760727211357
GSR,2,0.7237966470129339
AFF1,2,0.7140726747593783
ITFG1,2,0.7099750757806291
CCR2,2,0.7062321417202794
STK24,2,0.697354304662444
EPS15L1,2,0.6970903770216704
FGL2,2,0.6757898580042498
ARPC5,2,0.6749318271048164
TM6SF1,2,0.6699906006363059
R3HCC1L,2,0.6627162827991004
GALNT4,2,0.6598760108744053
DRAM1,2,0.6594350485098857
TLR6,2,0.6359831220178033
NAIP,2,0.633524110022339
ATXN1,2,0.6325574000717622
BHLHE40,2,0.6282060017960445
DDX17,2,0.5572831887111815
FKBP5,2,0.5554812585675136
STEAP4,2,0.5380840516436994
TECPR2,3,0.9047934512201251
TLE3,3,0.8861400217811101
NFIL3,3,0.8852585273339513
TNFRSF10C,3,0.8770105764448257
RALB,3,0.8730416872030095
FAM129A,3,0.8713096185235825
LAMP2,3,0.8673664567869525
RNF24,3,0.8650781504927934
PYGL,3,0.8549130237855637
NDEL1,3,0.8506529990551744
AKIP1.2,3,0.8416975914973217
TRIB1,3,0.8416702837289689
PAK1,3,0.8395084447868488
CPD,3,0.8392429115985764
FAM53C,3,0.8342690281377955
REPS2,3,0.8332666657272667
STAT5B,3,0.8328036407031657
DENND3,3,0.830197719567984
SLC25A44,3,0.8285908912320314
XPO6,3,0.8272301209351315
IL13RA1,3,0.8262414247270639
DYSF,3,0.8246560672682758
IL1RN,3,0.8224148049203678
SLC2A14,3,0.8198109605711131
FPR2,3,0.819170690698835
PHC2,3,0.8176638146664205
GAB2,3,0.8162001807743654
FOS,3,0.815555634905433
NEDD9,3,0.8142168550312959
MME,3,0.8138768793162957
KCNJ15,3,0.8136781176526248
LOC100129518,3,0.8136430092092446
RCOR1,3,0.8119399107139599
UBXN2B,3,0.8118284343393309
PPIF,3,0.8108184720319429
RAB31,3,0.8091813642602026
PLXNC1,3,0.8085068524960101
GPR97,3,0.8056686561110545
EGLN1,3,0.8013628590004999
ACSL1,3,0.8008522694458096
TMCC1,3,0.7935343198201288
PILRA,3,0.7924614814590416
ZNF516,3,0.7914274280101036
CCNJL,3,0.7909705196225051
HIST2H2BE,3,0.7906400649148083
IL1B,3,0.7904831203319184
PTPRE,3,0.7897656906339638
PDK3,3,0.7887744139531344
TLR1,3,0.7862195124664316
CHST15,3,0.7856550969064414
ABHD5,3,0.784578531511897
PPCDC,3,0.7836887602933305
UBN1,3,0.7822708225322003
WDFY3,3,0.7816005389477158
LILRA2,3,0.779979802056313
MBOAT7,3,0.778987738925806
BASP1,3,0.7784610828284576
B4GALT5,3,0.7778619095398144
ZDHHC18,3,0.7762154344940635
PLIN3,3,0.7750514664016753
GK3P,3,0.7748264156679519
MEGF9,3,0.7742818495736843
SKAP2,3,0.7694482815272953
PRKCD,3,0.7692740793181224
SECTM1,3,0.7683462209606021
NRBF2,3,0.7682385915085851
STX3,3,0.7669910126376873
TMEM140,3,0.7667927816518247
TFEB,3,0.7665693371698629
CXCR1,3,0.7664323123936883
EMR3,3,0.7643751190778385
MBOAT2,3,0.7631902052929768
APOBR,3,0.7612543404416867
ABHD2,3,0.7611721671804675
FCGR2C,3,0.7608058501292572
BCL6,3,0.7606537944273305
MKLN1,3,0.7589579801832177
TLR2,3,0.7582235466655897
MAR1.1,3,0.7580737940722243
PPP4R1,3,0.7575728065018085
MGAM,3,0.7554655984896849
GK,3,0.7548980957361794
PADI4,3,0.7539867704121459
ARHGAP26,3,0.7531176166542363
CSF2RB,3,0.7522191736013989
HLX,3,0.7521427494214838
MARCKS,3,0.7518492968542495
FRAT2,3,0.7516667840105036
F11R,3,0.7515718704601075
SLC2A3,3,0.7488917713100405
NCOA1,3,0.7481406576349287
HAL,3,0.7476366936237192
LITAF,3,0.7471154726846533
APMAP,3,0.7456793824650756
DENND5A,3,0.7452916019777931
C5AR2,3,0.7441656208515659
TBL1X,3,0.7426157389040366
ASAP1,3,0.7422669321308332
PGD,3,0.7404450270576194
MAPK1,3,0.7401371766675149
CDC42EP2,3,0.7392194290676741
FAR2,3,0.7377452034310049
FRAT1,3,0.7373411279588513
SEC14L1,3,0.7367988124513141
CORO1C,3,0.736559141629358
PPP1R15A,3,0.7358856895860227
YIPF1,3,0.7352509274394048
FCAR,3,0.7346043687723522
IL6R,3,0.7345540073306028
PPP1R3D,3,0.7335454341855732
ALOX5,3,0.7331856797330789
TMEM184B,3,0.7323099325426818
LIMK2,3,0.73137960524159
THBD,3,0.7295032633244849
VNN3,3,0.7291815150958307
HSPA6,3,0.728226350615415
FCGR2A,3,0.7280321613066711
ARHGEF40,3,0.7275111283647494
KCNJ2,3,0.726711550499028
MIR7109,3,0.7260968943973973
IMPA2,3,0.7259987577277337
FYB,3,0.7239238728885596
FNDC3B,3,0.722199446001942
FFAR2,3,0.7218928603237631
ALPL,3,0.7218398453383778
DUSP1,3,0.7214868382027075
ARAP3,3,0.7206599584092848
PECAM1,3,0.720068633450768
SIGLEC5,3,0.71859480404712
PHF21A,3,0.7180731015782835
ANKS1A,3,0.7170427696654331
IRF1,3,0.7161041546968987
RTN3,3,0.7160052009861851
CEBPD,3,0.714455253587223
PELI2,3,0.7144071023086384
NPL,3,0.7143919165130974
IL1R2,3,0.7141055158871654
F5,3,0.7125289131842311
LRP10,3,0.711369188242086
TNFSF14,3,0.71101077276742
PLBD1,3,0.7102861655299788
CYB5R4,3,0.7060362772064855
ATG7,3,0.7045017484135921
STX11,3,0.7042368517137471
IQGAP1,3,0.7033393903792611
MAP2K4,3,0.7018590712330762
HPSE,3,0.6999914846511354
IFNAR1,3,0.6990329531820538
KIF13A,3,0.6987635000058136
GNS,3,0.6979970350212629
RAB20,3,0.6972815614367947
TMEM185B,3,0.6965613740539034
DNAJB6.1,3,0.6965307475501208
HSPA1A.2,3,0.6963464135315457
ADM,3,0.6951593736367934
TLR8,3,0.6950613755630669
AQP9,3,0.6943001669377996
LINC00963,3,0.6941571407417416
NOL12.2,3,0.6932477616793536
THOC5,3,0.6926781403350084
RNF19B,3,0.6926690455915532
DOCK5,3,0.6924063876161107
SIRPA,3,0.6915969988221379
CSF3R,3,0.6913240579268868
LILRA1,3,0.689730109353188
ASF1B,3,0.6893810083569163
MMP9,3,0.686936053853181
PTAFR,3,0.6836355233602979
LASP1,3,0.6826390284705983
HIST1H2AD.2,3,0.6804779825591171
IL17RA,3,0.6785381953529732
MYLIP,3,0.6774934673881781
TLR4,3,0.6772741404661475
HIST1H4H,3,0.6767825120925031
HIST1H2AC,3,0.6753993891284944
CYTH4,3,0.6714752579665676
UGGT1,3,0.6710444945937521
NDE1,3,0.6707306627766739
FAM49A,3,0.6706296635745076
IPO4.2,3,0.6697269957795432
SLC11A1,3,0.6671821455030152
BMX,3,0.6664230109708835
ZNF106,3,0.6664029212300929
CXCR2,3,0.6656753046021011
RP11-473I1.9,3,0.6653485126191421
CYP4F2.2,3,0.6649678382878291
CBFA2T3,3,0.6645799698191621
PSEN1,3,0.6643146795716987
CD14,3,0.663509346579947
KIAA0319L,3,0.6629454759834335
TUFT1,3,0.6625794817297801
MSRB1,3,0.6608251429094186
RAB3D,3,0.6588768962328311
PLEKHO2,3,0.6578499895207587
SQRDL,3,0.6546473180550724
JUNB,3,0.6541559292926332
DMXL2,3,0.65240105795281
HIST1H2BG,3,0.6511429944344039
ACPP,3,0.6511385333617387
PTEN.2,3,0.6500083378595483
FLOT2,3,0.6467486432475575
CHIC2,3,0.6465658639955686
SIGLEC9,3,0.6455542192950691
AOC2,3,0.6453780336161105
ANXA3,3,0.6438592503525858
ST6GALNAC2,3,0.6426461254476619
WLS,3,0.6423980901491896
PAK2,3,0.6420711302241681
HCAR3,3,0.641731448706086
TNFRSF1A,3,0.6390114017698117
MX2,3,0.6387947645777311
TAGLN2,3,0.638550827540265
GALNT14,3,0.638451820304021
C8orf60,3,0.6357688561826781
BEST1,3,0.6357412459400492
ADAM8,3,0.6353754913002017
RP11-548H18.2,3,0.6333349430436991
HIP1,3,0.6332738092198816
TBXAS1,3,0.6321026539954671
CTSA,3,0.6302347165243872
CHURC1-FNTB,3,0.628918195476125
FCGR3A,3,0.625957686631944
CRISPLD2,3,0.6256714728337454
GDE1,3,0.625158294353699
CAMK1D,3,0.6239267329712807
SAP130,3,0.6230888112084157
SP1,3,0.6229283422487899
CYP4F3,3,0.6228691930400554
FKBP9,3,0.6204861270881081
NOV,3,0.6200633021454868
GSN,3,0.6193585588446859
PRRG4,3,0.6191534378852169
CYP4F2.1,3,0.6190465642351566
NPEPPS,3,0.6166001719811349
MOSPD2,3,0.616584190997637
ATG2A,3,0.6164369109963098
ETV6,3,0.6161532155162324
DSC2,3,0.6156051217506127
RAB11FIP1,3,0.6133374882742477
PRCP,3,0.6128894624422995
CD93,3,0.6118163167626864
LILRA5,3,0.6097451286458344
TREML2,3,0.6076380498530537
FPR1,3,0.6060556521903554
HTRA1,3,0.6059352283886836
KIF1B,3,0.6051918499101906
IRS2,3,0.60470927069848
ELMO1,3,0.6039755514950269
ITGAM,3,0.6039666607145606
SLC12A6,3,0.6026637119177194
UIMC1,3,0.6015300924615482
MAK,3,0.6008110785560563
IGF2R,3,0.598008511008207
ABAT,3,0.5979073043786104
SLC31A2,3,0.5976344107945877
HIST1H2AD.1,3,0.5957290299146073
ZFP36,3,0.5953280051786246
DACH1,3,0.595066175959553
LOC254896,3,0.5950169218393205
ST8SIA4,3,0.5923211013506771
MFN2,3,0.591569861265932
TAP1,3,0.5913135259074125
GBA,3,0.5910363287457724
SLC36A1,3,0.5901244889870125
KDM7A,3,0.5889881661060554
AC004941.5,3,0.5876424563314122
BCL3,3,0.586630110652847
MMP25,3,0.5836155463882337
TGM3,3,0.5833730178388664
HIST1H1T,3,0.58310005996854
SPRY4,3,0.5822982838854777
RBM47,3,0.5820951592743412
SIRPAP1,3,0.5782634969519895
CCR3,3,0.5773286030709399
EFHD2,3,0.5767224733402121
WIPI1,3,0.5754907347321322
TNFAIP6,3,0.5736695854350286
KCTD20,3,0.5717210860198255
GAS7,3,0.5716005111125669
CUEDC1,3,0.5674882522129264
NBEAL2,3,0.5674837625311281
G0S2,3,0.5634197845904219
ARRB2,3,0.5630904609668027
PLXDC2,3,0.560973419125934
MAPK13,3,0.556896677696224
KRT23,3,0.5561914724070496
EMR2,3,0.5559023296287077
SH2B2,3,0.5558492370227794
MXD1,3,0.5520671032633859
RAPGEF2,3,0.5509783794400139
SEMA4A,3,0.550952329785023
WWC3,3,0.5492275809619606
CLEC1A,3,0.5417989939563935
ASAP1-IT1,3,0.5401592548228652
MPZL1,3,0.535410430333293
ST20,3,0.5341760539241114
HEY1,3,0.5302448043667523
CHST7,3,0.5288735434467378
CREB5,3,0.5281980035876065
KLF7,3,0.5275411226853384
P2RY13,3,0.5257792788876414
TRIM9,3,0.5247596371529262
RAB8B,3,0.5243920435746973
DISC1.2,3,0.5239218091137888
AOC3,3,0.5172583651407643
FES,3,0.5170921835022239
CCDC19,3,0.5115684565350773
ABCA1,3,0.5063599151831426
C5AR1,3,0.5038150694859878
TPST1,3,0.49129413661804705
OR7E156P,3,0.481900284653959
LIN7A,3,0.47914424713169634
FAM212B,3,0.4754753424713814
ABCG1,3,0.47145949586937863
GP6,3,0.46516395090471047
ATP6V1A,3,0.4591224196247979
COTL1,3,0.42617539109915553
IGLC1.1,4,0.9378671487631367
IGK.2,4,0.9334152685380324
IGKC.1,4,0.9013520224329608
IGLV1-44,4,0.9013503055921692
IGLL3P,4,0.8938284283748655
IGKV1-17,4,0.886522574417791
CYAT1.2,4,0.8821723146643217
IGKV1OR2-108,4,0.8500238213476493
IGKV1-37,4,0.8461081586974967
IGLC1.3,4,0.840588717020462
CKAP2.4,4,0.8380723901697757
IGLJ3.2,4,0.8380595573482856
IGKC.3,4,0.8368039865348829
abParts,4,0.8332492411730149
IGLC1.4,4,0.8110978867745433
MZB1,4,0.7973990602170474
IGLL5,4,0.7948335027304818
IGH.8,4,0.7862234310797057
IGLC1.2,4,0.7858220459593742
IGHG1.2,4,0.7753244727219559
AC128677.4,4,0.7550831612417949
CKAP2.2,4,0.7355284625273519
BLOC1S5-TXNDC5,4,0.7249827420796526
IGHA1.3,4,0.7244377013559367
IGHA1.5,4,0.7046066912546545
IGJ,4,0.6977821254141148
IGH.10,4,0.6977813554418864
IGK.1,4,0.6877331138901724
IGH.6,4,0.6764460014040677
IGHA1.1,4,0.662943057588786
TNFRSF17,4,0.6584945839787567
CKAP2.3,4,0.6581280444356591
IGH.2,4,0.6553837495892834
IGH.7,4,0.646219462519422
IGHA1.7,4,0.639421018095623
IGHA1.9,4,0.5311977233408113
LOC101930405,4,0.5294691855666839
AL928768.3,4,0.5103476111821447
NPC1L1,5,0.7938839239206613
HTR5A,5,0.7539677517054125
HOXB9,5,0.7391338890520547
KHDRBS3,5,0.7364362563179695
GAS8,5,0.7221241550826065
RAB40AL,5,0.7182459931142038
TARDBPP1,5,0.7081532730626805
ALPP.1,5,0.7030859199796118
ANGPT2,5,0.7014454232762207
MIR3917,5,0.7013924182973295
KHDC1L,5,0.6951109040102842
KCNN1,5,0.6943400931322464
CACNA1A,5,0.6871932059523074
MFAP4,5,0.6817408451694719
CDR1,5,0.6814358737325544
SLC22A8,5,0.6781737450612095
IL12RB1,5,0.6664264394886917
AC084219.3,5,0.6566426137461266
HTR1B,5,0.6499452621907824
KCNQ3,5,0.6461817229142994
ADARB2,5,0.6402308091225892
LOC101928104,5,0.6234356444562379
GAST,5,0.6161229687552927
POU3F2,5,0.6150782258119253
ANXA2P1,5,0.5974683624440936
SNX7,5,0.5918195481774478
SOX1,5,0.583847260315939
S100A2,5,0.5769547806644542
CYP4F11,5,0.5640590983892986
PMFBP1,5,0.5546457097783251
PRR34,5,0.4702193488887249
SARDH,6,0.8828770681956538
ST8SIA5,6,0.8516481800206993
POSTN,6,0.8487834364617876
DENND2A,6,0.834242796547227
CACNG2,6,0.7995155163155987
CELSR3-AS1,6,0.788926502576525
GPR173,6,0.7729316914313388
EDN3,6,0.7715541390383938
CCZ1.1,6,0.7653720410273838
MAP2K7,6,0.7645954072596884
FGF6,6,0.7644017630013472
FRMD1,6,0.751561293692827
SLC9A1,6,0.745931780365941
CYB5R1,6,0.7454823313152674
KREMEN2,6,0.7386022613522185
SLC4A3,6,0.7354518112394807
LEFTY1.2,6,0.7340648412538656
C11orf1,6,0.7314779931477582
GPT,6,0.7299757305268311
ABCC2,6,0.7266157002947867
AGBL5,6,0.7245455707609842
C9,6,0.7238222407772533
TRIM3,6,0.7198810971487054
HSPB7,6,0.7120654321058454
GABRG3,6,0.7083250005778049
LAMA5,6,0.6963695023888109
CDH12,6,0.6779027298541518
PCDH12,6,0.6735234595504795
RAB15,6,0.6692854449059488
CDH9,6,0.6651228888162142
NRP2,6,0.6620060668822798
ART1,6,0.6531397298981351
FOXB1,6,0.6447464254451042
BARX2,6,0.6339760308701107
SSX2.2,6,0.6259946815301247
PDGFRL,6,0.5960058820285088
CYCSP19,6,0.5892163112207306
POU3F4,6,0.5503822550634245
GP1BB,7,0.9082784847431047
CLU,7,0.9017311844689727
CTTN,7,0.8917523579751273
HIST2H2AA3,7,0.881287229656741
NRGN,7,0.8588428406739202
ITGA2B,7,0.8582133029025715
SELP,7,0.857988730841438
SCN1B,7,0.8532441922723075
HIST1H2BK,7,0.8516635034618781
SPARC,7,0.8492084134389489
CTDSPL,7,0.8397963839223168
HIST1H2BD,7,0.8397257474366949
ALOX12,7,0.8313104241547858
PF4,7,0.8224897097466682
H2BFS,7,0.8207905654453173
TALDO1,7,0.8189787058755384
MYL9,7,0.8165822712234703
HN1,7,0.8109714700926539
TIMP2,7,0.8056957561962547
LTBP1,7,0.8005819545553065
HIST1H2BC,7,0.7990757489309853
RHOG,7,0.7960156823211665
F13A1,7,0.7836818685429932
GP9,7,0.781285043367522
SLC24A3,7,0.7799840066094005
S100A11P1,7,0.7785840478964728
GABARAP,7,0.7766096223002604
EHD3,7,0.776276635409452
PTGS1,7,0.7737132693324589
CDA,7,0.7704257326844206
G6PD,7,0.7697576087690662
HIST1H2BH,7,0.7686637347445547
S100A11,7,0.768077331889897
MGLL,7,0.7679166984013066
TYROBP,7,0.765109462159216
NCF4,7,0.7648789053948826
ABLIM3,7,0.7633798815332637
HIST1H2BJ,7,0.7621612666017351
HIST1H2BE,7,0.7613621131058587
TGFB1I1,7,0.7556400154360066
PRKAR2B,7,0.7476305859544742
GNAZ,7,0.7467049765182551
CHMP2A,7,0.7466081890463401
PLOD2,7,0.7452796787363621
IFITM2,7,0.7423437905763567
FTH1,7,0.741453989926062
IGF2BP3,7,0.7373678439881505
HIST1H3A.2,7,0.7372607620199552
KDM6B,7,0.7367369562107827
MYLK,7,0.7361528028948436
RHOBTB1,7,0.7358699576768275
CA4,7,0.7336126085223589
TIMP1,7,0.724080076078655
HIST1H2AG,7,0.7218400829942131
NAT8B,7,0.7217940306216019
GNG11,7,0.7201799693522465
NINJ1,7,0.7200530287593325
TST,7,0.7164809819799561
GFI1B,7,0.7152598983697066
ERF,7,0.7134345163586627
LOC100507472,7,0.7107663586947477
B9D2,7,0.7093197680944634
P2RX5.2,7,0.7092264629150444
NECAB2,7,0.7078372971643249
SDPR,7,0.7063608745868251
ATP6V0B,7,0.702979056047553
FSTL1,7,0.6936677033473252
IFITM3,7,0.691776796456343
ALOX5AP,7,0.6914314156993163
ASAP2,7,0.6892693124798637
ACTN4,7,0.6874758165121356
GUCY1A3,7,0.6842517317371144
RUFY1,7,0.6827450095270285
MIR6787,7,0.6827344144277685
JAM3,7,0.6800329672813641
TMEM40,7,0.6787561240699383
DPEP2,7,0.6714940671400892
WASF3,7,0.6713256245339501
PI3,7,0.6712225569550608
CABP5,7,0.6702088407625912
PVALB,7,0.6650576695892254
FHL3,7,0.6618189554914787
TUBB1,7,0.6585741921155682
PPBP,7,0.6583858463478983
PPP1R11,7,0.6577839706458175
YIPF3,7,0.6547452055013011
OPLAH,7,0.6537038651063813
HDAC5,7,0.6489915742407523
GP1BA,7,0.6479021132671309
FCGRT,7,0.6414286057689124
GSK3B,7,0.639189099941088
CXCL5,7,0.63917866332109
SLPI,7,0.6319445397709595
GLA,7,0.6314497720147673
MMRN1,7,0.631285410821366
TREM1,7,0.6287944916538953
LPPR2,7,0.627984576061901
P2RX5-TAX1BP3,7,0.6254604553050934
P2RX1,7,0.621474925879381
NCF1.2,7,0.6209202616703572
USB1,7,0.6182095054341794
LIMS1.1,7,0.6077042560380702
PGLYRP1,7,0.605060998132973
IFITM1.2,7,0.5917368275772755
CD63,7,0.5797040277318528
RP4-781L3.1,7,0.5738598480756889
TSC22D1,7,0.5710149618311595
NCF1.1,7,0.5706291026616399
LOC101928589,7,0.5670931145300251
GPX3,7,0.5532370699151117
PF4V1,7,0.5382703026057697
DNM3,7,0.5119692937458098
PROS1,7,0.43145366768709004
GMPR,8,0.9538710151413267
PIP4K2A,8,0.9496009711685613
TNS1,8,0.9444297812645142
TMOD1.1,8,0.9353944966326603
MKRN1,8,0.9310199481113415
ANK1,8,0.9282655388943328
SLC6A8,8,0.9276949212266842
DNAJB2,8,0.9130188794472048
TSPAN5,8,0.9123564469634163
SLC4A1,8,0.912127985181208
GSPT1,8,0.9114703389421707
BLVRB,8,0.9110768178050493
PLEK2,8,0.9090419890722303
DPM2,8,0.9089875131863939
PSMF1,8,0.9083593703810459
MXI1,8,0.9048757199003259
TMCC2,8,0.9047101078329188
MRC2,8,0.9034610560532162
ZER1,8,0.9007241055800084
WDR45,8,0.8988910439396411
HPS1,8,0.8937599278513948
MYL4,8,0.8933356692077478
RAD23A,8,0.892300438247426
SLC6A10P,8,0.8920788433784916
SNCA,8,0.8900966258683576
YBX3,8,0.8897949078131829
SELENBP1,8,0.8881020794901096
TAL1,8,0.8871205211490182
XK,8,0.886414128792739
LOC100996792,8,0.8841025197668103
AHSP,8,0.8834516858899807
KANK2,8,0.8832246594133095
HAGH,8,0.882884754403935
EPB42,8,0.8805767075855989
PPP2R5B,8,0.8767733363336805
FAM46C,8,0.8762072385604601
ASCC2,8,0.8759175331945935
KEL,8,0.8754248749292881
GYPC,8,0.8738417656012759
SLC1A5,8,0.8729418197472946
DMTN,8,0.8726388553792654
FECH,8,0.8717969573710262
TESC,8,0.8716215506102065
VTI1B,8,0.8714568572922722
HMBS,8,0.8713445091524603
GYPB,8,0.8696477398202636
GYPA,8,0.8668846829287928
LGALS3,8,0.864566283406837
BCL2L1,8,0.8639477125052523
UBE2O,8,0.863790016894174
TSTA3,8,0.8634986085595479
ST6GALNAC4,8,0.8632898435667736
IGF2BP2,8,0.863078886395322
PINK1,8,0.8581249184976901
NUDT4.2,8,0.8555275852784889
MPP1,8,0.8537001585959053
ACKR1,8,0.8532484517737239
GLRX5,8,0.8526001436621324
RUNDC3A,8,0.8515888561207844
CDC34,8,0.850481969161236
FIS1,8,0.8492250507166204
KLF1,8,0.8472459410033021
ADIPOR1,8,0.846582210948516
ATP6V0C,8,0.8464109564794916
RIOK3,8,0.8440396916726192
RANBP10,8,0.8436926294165751
RNF10,8,0.8436300188161743
CA1,8,0.8434150411656607
RBM38,8,0.8431628608049734
MCOLN1,8,0.8415869120482827
NFIX,8,0.8412610265273741
POLL,8,0.8401149917411639
R3HDM4,8,0.8385564225325483
FBXO7,8,0.8379039467768324
HBD,8,0.835801641455391
TBC1D22B,8,0.8355499134274397
SHARPIN,8,0.8353360271228472
ECSIT,8,0.83361326122699
CARM1,8,0.8333179143317773
MICAL2,8,0.8329262808874188
RPIA,8,0.8311886748205755
SPTB,8,0.8309126723454032
BPGM,8,0.8297132736223646
MIR4746,8,0.829080112168626
PRDX2,8,0.8268083542335196
SNX3,8,0.825952410614956
GATA1,8,0.8248162126163735
AK1,8,0.8244331260320782
RNF187,8,0.8243491299662691
GRINA,8,0.8242200399755985
BAG1,8,0.8242137209291778
MAR8,8,0.8229184600809346
CNPPD1,8,0.8228003649463403
ALAS2,8,0.8217643703734153
OPTN,8,0.8188574788854741
USP12,8,0.8180272270325211
GYPE,8,0.8175715511179492
SLC7A5,8,0.8175040462959379
WBP2,8,0.8171718092826711
FURIN,8,0.8162887948237283
TRIM58,8,0.8154046924078978
RNF123,8,0.8128954775199272
CTSB,8,0.8125243480630167
TRIM10,8,0.8107342179896795
NPRL3,8,0.8106860722524027
RHCE,8,0.808813220767739
ISCA1,8,0.8056809635872837
SRRD,8,0.8044258220004672
TPM1,8,0.8042752033685157
BNIP3L,8,0.8037163200295447
PLVAP,8,0.8015843014267284
BAG6,8,0.7999172708647257
MAR2.2,8,0.7980209453546628
LYL1,8,0.7974125837906104
TSPO2,8,0.7971383451744037
FAM214B,8,0.7959583432387864
DCAF6,8,0.7949390853077442
NEDD4L,8,0.7927862549232715
EIF2AK1,8,0.7913652215334447
NAPA,8,0.7913634191598445
ARHGEF12,8,0.7894638597045175
TPGS2,8,0.7866340901276937
SIAH2,8,0.7846227506962418
PPP3R1,8,0.7842615216633319
ODC1,8,0.7836532630880897
NFE2,8,0.7799664947570241
PIM1,8,0.7781053506036425
METTL22,8,0.7763488119536011
MBNL3,8,0.7756801292335134
PA2G4,8,0.7751072653523242
TRAK2,8,0.7740686692510428
FAM117A,8,0.7723591392819817
PPM1A,8,0.7679085355756673
HDGF,8,0.7667427762075072
TOLLIP,8,0.7666436388822998
OSBP2,8,0.7662624661298659
SLC48A1,8,0.7662293091677728
PBX1,8,0.7656927820919736
AP2M1,8,0.7637321189069168
FAXDC2,8,0.7604414522740008
FOXO4,8,0.7604371357939489
PRR5,8,0.75888289588061
PRDX6,8,0.7582183425953705
BCL2L13,8,0.7582076655971057
FKBP1B.1,8,0.7535704994984791
C9orf78,8,0.7535671763879666
BRD4,8,0.7496963747303798
STK11,8,0.7495123918160143
FKBP8,8,0.7482148546352465
HEBP1,8,0.7463023606841007
BABAM1,8,0.7438778885564494
SMOX,8,0.7436717618117008
GID4,8,0.7436436993220922
UBBP1,8,0.7419605220407879
WDR13,8,0.7404626127084287
TMC5,8,0.7401977664368956
FOXO3.1,8,0.7391158887238534
HBQ1,8,0.7386433701671179
CTNNAL1,8,0.738363101318567
SSBP3,8,0.7311396588779668
GLUL,8,0.7288356980764107
EIF1B,8,0.7286277411767245
NUDT4.3,8,0.7252076855620546
UBBP2,8,0.7251607393417228
CAPN5,8,0.7238872802810631
NINJ2,8,0.723612464447887
CHPT1,8,0.7230992337495
CCDC176,8,0.7220188186019882
NME4,8,0.7203995805322136
PNP,8,0.7192014298742346
POLR1D,8,0.7124863636643478
RMND5A,8,0.7110725814159375
CTSE,8,0.7071399638894245
PDZK1IP1,8,0.7033013285834087
TFDP1,8,0.6993352481094509
PCTP,8,0.6992439020124183
C12orf10,8,0.6980781742119024
AP2B1,8,0.6945125234035429
ROGDI,8,0.6931081135804719
SH3GL1,8,0.691011804534851
FKBP1B.2,8,0.6871921319694004
ABCG2,8,0.6866152369293966
ACP1,8,0.6856276534430249
NTAN1,8,0.6852475146647801
PCSK1N,8,0.6844759083138723
XPO7,8,0.6844043803058886
CA2,8,0.6831391533734296
FAH,8,0.6813383008131172
KRT1,8,0.6740291377329393
ALDH5A1,8,0.6728828484148595
ENTPD5,8,0.6715260489580029
KLHDC8A,8,0.6711084752339153
TMEM158,8,0.6706240261396815
YOD1,8,0.6683770003433801
PQLC1,8,0.6671899975042488
RALBP1,8,0.6669829230624589
ATG9A,8,0.6635192575513144
TSPAN7,8,0.6634027101873666
NSUN3,8,0.659285916110845
USP32.1,8,0.6579197799354273
WASF2,8,0.6547721750964001
GNA12,8,0.6539753159749143
COX6B1P3,8,0.649191247038434
HK1,8,0.6442559999624128
BSG,8,0.6441490713580645
SLC14A1,8,0.6428213106704889
UBE2H,8,0.6418826511693517
CREG1,8,0.6416511966354536
DENND1A,8,0.6398560674497096
UBFD1,8,0.638344264165883
MAP2K2,8,0.6373606742384211
DDI2,8,0.6365411460498719
FHL2,8,0.6364231828640481
HBB,8,0.6355902259091181
RXRA,8,0.6329621395725391
GUK1,8,0.6324264468195524
B4GALT3,8,0.6277635878964564
STOM,8,0.6274407858366586
EMC3,8,0.6269483387168547
STOML2,8,0.6262464596155103
CYBRD1,8,0.6262250453574353
E2F2,8,0.6238884219570615
SH3GLB2,8,0.6217825198981103
PPOX,8,0.6180955728682038
GPX1,8,0.6167722289817223
UBE2M,8,0.6152763840598514
RNF11,8,0.6077745671445098
FOXO3.2,8,0.6072762699161388
HBBP1,8,0.6072202041043447
FUT5,8,0.6024405200169516
TNIP1,8,0.6022561156437903
LTBP2,8,0.60190477268752
NUCB1,8,0.6013700462294058
TUBB3,8,0.5968262332392413
JUND,8,0.5948937933051542
GCLC,8,0.5941985794192371
CCS,8,0.5933474834277435
CDKL1,8,0.5932159150543731
LHPP,8,0.5931931497901941
HBA1,8,0.592488276546592
HYPK.1,8,0.5922629383462706
ICAM4,8,0.5908537454239334
SLC25A37,8,0.590785799940087
GCAT,8,0.5872240725012795
NT5M,8,0.5867028686875276
TUBB2B,8,0.5844844009499486
THTPA,8,0.5831796199188476
OR10H1,8,0.5722542460447635
CLIC2,8,0.5698307420039181
BCAM,8,0.5682470803394047
HBG1,8,0.5682231818965898
PPP6R1,8,0.5676339194621144
CEBPE,8,0.5579147691057953
HBZ,8,0.5540609542940577
RAB13,8,0.5521858507787348
PTPLA,8,0.5501971999863406
C9orf40,8,0.5455719325719723
TMOD1.2,8,0.544972503224518
RHD,8,0.5399235960762596
RAP1GAP,8,0.5392894306660807
TSC22D4,8,0.5325090504073486
ISCU,8,0.5320713535925086
FLJ11710,8,0.5295150621726131
IFNA21,8,0.527466546733085
OR7E37P,8,0.5267924788250886
MIA,8,0.5261981696476713
CYB5R3,8,0.5258137515019844
TEX13A,8,0.5247789210535626
PRTN3,8,0.5239747853397844
PIP5K1B,8,0.5177623243826044
CTDNEP1,8,0.5139205562688595
MMD,8,0.5129846624551969
FOLR3,8,0.5106460603038501
AGO2,8,0.5087727370326774
C4A,8,0.508036614016375
CHST11,8,0.5021427374228141
SLC22A4,8,0.4975058043104535
MKRN4P,8,0.4917272941064824
GALNT6,8,0.4890750563256251
VWF,8,0.4869692241015586
RNASE3,8,0.4859181061304744
TUBB2A.1,8,0.48526535369790985
TUBB2A.2,8,0.48517178531028243
ATP2A1,8,0.4838753478338169
CRISP2,8,0.4820772928858871
CLDN5,8,0.47333516174352536
PIGC,8,0.4705106970675164
H1F0,8,0.45469668921159956
PVRL2,8,0.4525440017965789
IFI27,8,0.4500210885823998
HP.2,8,0.4466089674099542
HP.1,8,0.43972004785387375
ALOX15,8,0.4291353575193448
TFF3,8,0.40136025566149913
TMEM214,9,0.9090310506731952
PRKCSH,9,0.8956812463517008
SLC4A2,9,0.8893793009137887
DCAF15,9,0.8804373679867684
DCTN1.2,9,0.8745191813425406
FLNA,9,0.8716562953851498
PNPLA6,9,0.8716156397554913
HECTD3,9,0.8711233158896975
STXBP2,9,0.8701752954865907
LRCH4.2,9,0.8680692391584142
MYO18A,9,0.8658161146557969
ERI3,9,0.8651565131366334
CNOT3,9,0.8646178007722909
SF3A2,9,0.8641371510173363
ANAPC2,9,0.8637689682972434
LIMD2,9,0.863352544456752
UBA1,9,0.8618815259486992
FAM86B1,9,0.8598519421352372
ZYX,9,0.859350985169652
TRIM28,9,0.8593328242725476
STRN4,9,0.856345434584852
MAP1S,9,0.8557043885492078
TBC1D17,9,0.8533736291281377
PIP5K1C,9,0.8528412030695642
IL2RG,9,0.8524058404290641
MIR5193,9,0.8488110653582209
SLC25A1,9,0.8480971637733573
VAMP2,9,0.8447667968586307
PPP2R4,9,0.8399010425841201
ITGA5,9,0.8395310882943885
ATP13A2,9,0.8389708158433639
CD37,9,0.8311965804001625
PFN1,9,0.830960037058483
MYO9B,9,0.8303174484603626
RENBP,9,0.8286783120617235
ARFIP2,9,0.8285077663333473
PLD3,9,0.8267384664322073
CNOT1,9,0.8202691096047005
FMNL1,9,0.8197261708062624
CALCOCO1,9,0.8169780398569262
CORO1B,9,0.8149768549785258
CD4,9,0.8148879886390002
IL32,9,0.8138132359117447
SPTAN1,9,0.8082478821375706
DDX41,9,0.8063876774205285
AP1G2,9,0.8051720839614661
PNPLA2,9,0.8003904008471897
BANF1,9,0.7987258929686981
PDLIM7,9,0.797276079510096
SFXN3,9,0.7947508134229551
DCTN1.1,9,0.7945637092866472
CST3,9,0.7911914275884468
SIGIRR,9,0.7884825079989282
FCHO1,9,0.7863142450247278
MAP4K1,9,0.7819270291146293
PKN1,9,0.7764117037378431
BTBD2,9,0.7749472174491603
CCDC92,9,0.7736641668376932
GPI,9,0.7723593432465025
ZNF580,9,0.7696424450868482
RCN3,9,0.76929043285822
SH3BGRL3,9,0.7689126213722166
VPS37B,9,0.7688379738372618
HSPB1,9,0.7678426505866978
TRANK1,9,0.7675690091725441
MID1IP1,9,0.7646043785430113
COL6A2,9,0.7619547695000987
UCP2,9,0.7601763267793983
ISYNA1,9,0.7579303008245127
MICU1,9,0.7528017131046247
CAPNS1,9,0.7478366359643586
ERAL1,9,0.7466404865034714
SBF1,9,0.7462830239016257
LOC399491,9,0.7447548860864776
SLC9A3R1,9,0.7446387821561508
GPSM3,9,0.7437709879815705
ZC3H3,9,0.74278767968976
CD3E,9,0.7423189753976189
ATP2A3,9,0.7422786509663083
ALG3,9,0.7388566579973566
PCGF1,9,0.7388298853399122
VPS51,9,0.7386559302664973
CTRL,9,0.7385570004301293
LOC100862671,9,0.7373247626282503
POLD2,9,0.734293463926882
NDUFV1,9,0.7333589686388652
CD74,9,0.732682762440311
CIDEB,9,0.7319964815965604
TLN1,9,0.7306514340584912
APEH,9,0.7306071604191676
SBNO2,9,0.7305097767897665
RAB11B,9,0.7302085053407797
LOC101930075.2,9,0.7254992042086142
LY6G5C,9,0.7243351219413582
CANT1,9,0.7241733930354636
MGRN1,9,0.7239093885737865
FAM65A,9,0.7227730060217784
MRPL4,9,0.7207641651814365
BCKDK,9,0.7191132352543143
ZNF574,9,0.7190934656814866
KDM5C,9,0.7184311097601843
GTPBP2,9,0.7156058270193483
VIPR1,9,0.7150032614643884
TAF6,9,0.7148699373694717
CENPT,9,0.7140558695011757
ESYT1,9,0.7126211727867748
PPDPF,9,0.7122867439919044
MCM5,9,0.7113922158782989
URM1,9,0.7103195449887899
SEPT9,9,0.7081809304451776
ARFGAP1,9,0.7054971725389098
PTPN7,9,0.7037392220331676
RALGDS,9,0.7027482175039426
GNAI2,9,0.7026636595365883
PLEC,9,0.7019325763657659
TRABD,9,0.7002975744274916
CIZ1,9,0.6980552974649971
UCKL1,9,0.6972408316190795
ACP5,9,0.6950009756282779
TESPA1,9,0.6944500743324812
SCAMP4,9,0.6943934883683084
SF3A1,9,0.6933360989339004
TMEM8A,9,0.6933318022420548
PELP1,9,0.6930365721763904
CECR1,9,0.6916992639127477
RRP9,9,0.6895486719941499
TRIP6,9,0.6895310436573591
PCSK7,9,0.6879662827127583
PRAF2,9,0.687932140419394
ENTPD6,9,0.6876265192375742
PEX14,9,0.6853247926393493
CD7,9,0.6841291302938635
DHCR24,9,0.6838780496355047
TBC1D10B,9,0.6821049117907485
LGALS9,9,0.6795014998872678
PITPNM1,9,0.6776190295089294
CFL1,9,0.6775098824502097
CSF1R,9,0.6765913108830287
CLIP2,9,0.676454783189393
PRPF8,9,0.675104749935289
FXYD7,9,0.668249356491289
TNFAIP2,9,0.6655077729369206
TJP3,9,0.6645701919004564
PSMD1,9,0.6638001688735947
SF3B4,9,0.6618125869458394
HMOX1,9,0.6606622329946008
RNH1,9,0.656985683096301
SPI1,9,0.6539433474183611
PRMT7,9,0.6526840964686049
CS,9,0.6505411123729844
CLPTM1,9,0.6502991936608558
ERCC2,9,0.6499019190664377
LOC101930075.3,9,0.6460217405261927
TRAPPC12,9,0.641760361040013
PLA2G15,9,0.6412911931796353
EPHB6,9,0.6399272902181906
UPP1,9,0.6360078484203315
POR,9,0.6359647392477182
COL9A2,9,0.6350745194296584
CCND3,9,0.6344245252100923
SMARCB1,9,0.6344215163862023
SNPH,9,0.6317058452345935
NPIPA1.1,9,0.6315994022611522
RAB5C,9,0.6314210690134582
ARPC4.2,9,0.6313371792027526
STX5,9,0.6305921467810247
TCIRG1,9,0.6305822655698065
GARS,9,0.6303092681896745
GSTM1,9,0.6300794846797839
DEF6,9,0.6294910487378026
HLA-DMA,9,0.6271306275665729
CTSW,9,0.6268461111445581
LGALS3BP,9,0.626222165094247
NADSYN1,9,0.623755111787567
SV2A,9,0.6225420666786965
CD101,9,0.6182565499492221
TESK1,9,0.6174519240181063
MRPL2,9,0.6134244832261115
PIGT,9,0.6104565915027402
GBAP1.1,9,0.6089905986035636
ATHL1,9,0.6076665664061499
MLF2,9,0.607164556463187
MEPCE,9,0.6047694017927701
LY6E,9,0.6018658226811631
HGS,9,0.6013956878582906
CRIP2,9,0.6010796232419273
CITED2,9,0.600906972741827
TPRA1,9,0.5945708002714186
RHOF,9,0.5938711765118169
BCAS3,9,0.5938711211785067
HLA-DQB1.2,9,0.5917801275341951
GTF2H4,9,0.5843058615687386
GABBR1.1,9,0.5838700887084072
IFT140,9,0.5823333621851094
NOP2,9,0.5813631453470076
ANXA6,9,0.5803016668653646
APBB1,9,0.5802991923142031
OXA1L,9,0.5801146824618082
OGDH,9,0.5784906460554611
CPNE3,9,0.577539575738114
GAK,9,0.5771426947218619
SCAP,9,0.57666480153085
SOX12,9,0.5745071393379474
CCDC22,9,0.5735779645083477
MAP4K2,9,0.5735642686237009
MED15,9,0.5733695578339425
PEPD,9,0.5726267290190505
MIR7114,9,0.5715316687331561
VENTX,9,0.5654450031672307
RBM42,9,0.5630379259371482
POMT1,9,0.5630293225963535
MOGS,9,0.5614555749285846
PARP4,9,0.5595383328115366
SPATA20,9,0.5562107274685513
C19orf54,9,0.5521303339237368
CPTP,9,0.5512990135126351
CEACAM21,9,0.5498081236235937
BCKDHA,9,0.5467186753796308
HNRNPUL1,9,0.5460224255545822
LTK,9,0.5445377532008613
LSP1,9,0.544259271972668
HLA-DRB1.1,9,0.54389491406726
PPIP5K1,9,0.5436122118177572
EEF2,9,0.5354171928196024
TUBG2,9,0.535127315462265
RPS6KA4,9,0.5346437783580245
ZAP70,9,0.5269829561290328
MIR6824,9,0.526353743218085
ATP1A1,9,0.5251139186370837
FHOD1,9,0.5217134210125564
PRICKLE3,9,0.5211484473164959
SASH3,9,0.5177222543997579
P4HTM,9,0.5165728733841345
CTSD,9,0.5155993612380199
MEGF6,9,0.5151916931861065
ENO2,9,0.515043058812739
PIEZO1,9,0.5147780370035343
FCGBP,9,0.5101586227314796
RHOB,9,0.5087521015289305
CORO7,9,0.5084775745218799
PDCD4-AS1,9,0.50748252529527
HHLA3,9,0.5074230266747126
SDAD1,9,0.5063434944610312
ABHD17A,9,0.5063318684072121
RNF208,9,0.5054723181776198
FCER2,9,0.5049749340759957
LTBP3,9,0.5044148209862295
DGKZ,9,0.5035928897012758
PCOLCE,9,0.5015370090697974
CAPN15,9,0.5013744581139742
PCBP1,9,0.5007224959571789
EXOSC10,9,0.500559164873074
CST7,9,0.5000024962603014
TPM2,9,0.4992334569399418
HPD,9,0.49760472917909887
AARS,9,0.4942637742072344
GSTM2,9,0.4907245107576082
MAP3K14,9,0.48957207826636107
PDLIM2,9,0.4893238544195857
PLCXD1,9,0.48823667122754416
NAALADL1,9,0.48563144304853795
DOK2,9,0.48070720658392907
RHBDF2,9,0.4771818442513337
YWHAE,9,0.47548827608462635
MIR6743,9,0.47466831839611834
DGKA,9,0.46179656953432724
RASSF1,9,0.4486857995380543
TBKBP1,9,0.4481105651541584
DDX11.2,9,0.402906443610751
CDC25B,9,0.393091941589942
FAM96B,10,0.9329095255564258
POLR2I,10,0.9292131690621399
NEDD8,10,0.9279090017448277
ZNHIT1,10,0.9226921489748089
C19orf53,10,0.9208900302460833
APRT,10,0.914712195198982
COX5B,10,0.9129997572723775
COA3,10,0.9103435035256547
NDUFS6,10,0.9069787383083212
ATP5H,10,0.9059772415404098
COX6A1,10,0.9043632565228529
RPP21,10,0.9002503425820216
POLR2F,10,0.8982545182983834
WDR83OS,10,0.8959475154903364
TAF10,10,0.895923076576426
DDT,10,0.895820790662917
NDUFA7,10,0.8957209066930205
C9orf16,10,0.8943507870145421
SSR4,10,0.886878967551349
TRAPPC2L,10,0.8866428272628462
SNRPC,10,0.886428305401758
NHP2,10,0.8838112607081468
ATP5D,10,0.8828112743639025
POMP,10,0.8826862712539766
RPL12,10,0.8807899255244165
COX7A2P2,10,0.8795609040777985
LAMTOR2,10,0.8729860849314625
MIR4691,10,0.871872971216211
USE1,10,0.8690019593910097
POLR2L,10,0.8679571332292648
NDUFV2,10,0.8667952659699903
UBL5,10,0.8660387774792685
RPA3,10,0.8657064920797378
SOD1,10,0.8651336786968881
ORMDL2,10,0.8648447514797598
UQCR10,10,0.8645680330489447
SEPW1,10,0.8644955262140701
RPL29,10,0.8643257638309421
SEC61G,10,0.8638518926190075
TOPORS-AS1,10,0.8595491452913211
ATP6V1F,10,0.8586635715799323
UXT,10,0.858595181290966
MIF,10,0.8581042284314188
RABAC1,10,0.8580545947125304
RARRES3,10,0.8576182773925385
NDUFA1,10,0.857346010402502
TMSB10,10,0.856791931901402
COX6B1,10,0.8562317874287406
EDF1,10,0.8556064225467448
ETHE1,10,0.8551943613000672
POLD4,10,0.8540763778490966
ARL2,10,0.8531385948423117
ARMC2-AS1,10,0.8520774033032441
ATP5G1,10,0.8502003887910692
BOLA2.1,10,0.849639232323419
TCEB2,10,0.8482957435774808
NAA10,10,0.8472525282826692
LGALS1,10,0.8455080665411867
MZT2A,10,0.8454500335691121
NDUFA3,10,0.8411396379860877
ABHD14A,10,0.8407319445587197
NME1,10,0.8394887900537247
MRPL23,10,0.8378598808819727
NME1-NME2,10,0.8372939287065694
TMEM258,10,0.8364911456152411
ANAPC15,10,0.8358160963405717
NDUFC1,10,0.8352930354128967
PSMB6,10,0.834511867802404
S100A10,10,0.8340324962441588
BLOC1S1,10,0.8338080030321586
DCTN3,10,0.8316856575888905
NOP10,10,0.8302454413658489
GPX4,10,0.8300860575893861
SLC2A4RG,10,0.8300480368216058
RPL36,10,0.8287903329365309
ANXA2.2,10,0.828712930994702
UQCRQ,10,0.8279927097275406
FXYD5,10,0.8278746008823054
MRPL11,10,0.8275762861766098
DYNLRB1,10,0.8274258391010118
RPL18A,10,0.827005401553838
C19orf24,10,0.8255235141024445
CUTA,10,0.8240416660416933
POLR2G,10,0.8223413483515642
GCHFR,10,0.8208261043635988
HAX1,10,0.8193091854444099
PSMB7,10,0.8180026706800717
UFC1,10,0.8166343751981952
TMEM160,10,0.8113278483062432
DCXR,10,0.8100964783200032
RPL36AL,10,0.8078986247255614
DGUOK,10,0.8077724870798338
CRIP1,10,0.8071482226142677
MRPS17,10,0.8066593980273868
RPS19,10,0.8064359973309195
SNRNP25,10,0.8062148564287829
ZNF593,10,0.8032265937934715
TRAPPC6A,10,0.7991485467546225
SF3B5,10,0.7976104324915633
VAMP8,10,0.7966072910854183
NDUFA13,10,0.7939512136245734
GTF2H5,10,0.793011283569743
NDUFAF3,10,0.792371996197354
RP4-595K12.1,10,0.7922525659046161
MT1X,10,0.7913918263585296
RPS11.2,10,0.7905274997091235
PSENEN,10,0.7893387791487234
ATRAID,10,0.7883713669966602
DPM3,10,0.7880186019864933
NDUFB4,10,0.7873929956127954
PEBP1,10,0.7866606099474331
FAU,10,0.7865956769567826
UQCR11,10,0.7851952058747231
PPIH,10,0.7846642274755127
TIMM13,10,0.7846014747405584
POLR2J.1,10,0.784317259998486
ATOX1,10,0.7832938848497769
COX8A,10,0.7823184345742457
CD3D,10,0.7806926300994532
THAP7,10,0.7806870640548669
DAD1,10,0.7798778585885648
RFXANK,10,0.7796764943909736
RPS5,10,0.7796306086112247
RBX1,10,0.7788106247314602
AP5S1,10,0.7788007845304181
FKBP2,10,0.7742673142629285
AP2S1,10,0.7731858702627866
HIST1H4J,10,0.7726833226715878
LAMTOR5,10,0.7715422391323707
COX17,10,0.7704451057756972
SSSCA1,10,0.7701408336743637
STX8,10,0.7698474719072582
CSNK2B,10,0.7677252997589333
AIF1,10,0.7675340299570338
PSMA7,10,0.764769612197478
MRPL12,10,0.7623020785984931
UBE2S,10,0.7622471792630499
BCL7C,10,0.7608020133330777
DYNLL1,10,0.7604359834312577
NOSIP,10,0.759201570674007
EIF4EBP1,10,0.7591275273566004
SSBP1,10,0.7586451138014983
CHCHD2,10,0.758639017483579
TRMT112,10,0.7571841174753379
VPS28,10,0.7571292750431923
PTPRCAP,10,0.7558398379710046
NDUFA8,10,0.7555464099098529
SNRPA,10,0.7552487728577474
WBSCR22,10,0.7551060487408984
CCDC101,10,0.7537793528143805
NDUFB11,10,0.7537355904527295
RP5-1118D24.2,10,0.7516312565203647
SSNA1,10,0.7504913012013108
GMFG,10,0.749866389793068
LAGE3,10,0.749239471862894
MT1HL1,10,0.7482777454165727
TBCB,10,0.7441679617249857
LST1,10,0.7439701098574739
GTF2A2,10,0.7425935914459604
TECR,10,0.740104903926187
NME3,10,0.7353572269180775
CDK2AP2,10,0.733985209992429
MIR4784,10,0.7337332198704888
NAT6,10,0.7334787038475756
FLT3LG,10,0.7334187576018172
UBA52,10,0.7326487915715814
RPL19,10,0.7314224109772396
CD320,10,0.7306121462393278
ZMAT5,10,0.7288482815790948
MGST3,10,0.7276441888257495
MIR7703,10,0.720640969220279
BAX,10,0.7195292144164339
MEA1,10,0.718544373925925
NDUFS7,10,0.7178334329702265
MT2A,10,0.7160165656595184
GSTK1,10,0.7155094532824451
EMP3,10,0.7118213068648195
AC004692.5,10,0.711718102257238
ATP5E,10,0.7106623629714368
CKLF.1,10,0.7103524976188648
RPL32,10,0.7101045277475343
CENPB,10,0.7030903434701452
NPM3,10,0.7011532434436359
CYB561D2,10,0.6987656733166565
CDK5,10,0.697037077130092
BAD,10,0.6950821935431655
PSMC5,10,0.69469207720602
RPL18,10,0.6945876647036141
PFDN1,10,0.692855071980089
NDUFB6,10,0.6872730651383092
HIST3H2A,10,0.6859283196568097
RNASEH2A,10,0.6853525814679561
CIB1,10,0.6843699544393764
TFPT,10,0.6835212682324652
ISG20,10,0.6813668035424967
LSM2,10,0.6775434674164158
NCR3,10,0.6768508975493742
XCL1.2,10,0.6766952532560269
GAMT,10,0.6743904996185115
PPIA,10,0.6740394346747413
SF3A3,10,0.6724203701420235
GSTP1,10,0.6724022112560165
POLR3K,10,0.6713137570734581
SNRPF,10,0.6711371086029475
HSD17B8,10,0.6669158556524525
NT5C,10,0.6642015720627747
CARHSP1,10,0.6624915015798155
SLC39A4,10,0.6599479322169325
CSTB,10,0.6594088998821447
MTHFS,10,0.6564602140334633
MRPL24,10,0.6539184682005622
PSMB3,10,0.6531147056868509
PSMB10,10,0.6526147016736932
LIME1.1,10,0.6512273820830645
MYL6B,10,0.6394043335639651
NUDT1,10,0.6348770136878573
CKLF.2,10,0.6339971348837474
RAB1B,10,0.6334411793837599
PLAC8,10,0.6311832675628427
PYCARD,10,0.6272691806586019
GS1-111G14.1,10,0.6272473991447183
NDUFAB1,10,0.6251023913001877
APOO,10,0.6174069244325519
TXN,10,0.5807538977314898
GNG5,10,0.5756726407996849
ATP5G2P1,10,0.5548994032812168
MGMT,10,0.5517981588764047
S100A12,10,0.5514784488211876
CYBA,10,0.5432226407024464
CRX,11,0.8821789477097456
HAB1,11,0.8653663922030785
CDKN2B,11,0.8566195975319336
SLURP1,11,0.854664046099775
SEPT5-GP1BB,11,0.8452116053832528
HMX1,11,0.8399578658282062
SEC14L2,11,0.83903149459609
SOX15,11,0.8361193619709717
TONSL,11,0.8339390583334094
SERINC2,11,0.8316593398276028
NDUFA4L2,11,0.8316032891796991
TMEM59L,11,0.830694661539499
DNASE1L2,11,0.8305489581491331
CFB,11,0.8283007534751265
ANKRD2,11,0.8271163393915044
ADM2,11,0.8224207698803178
TULP1,11,0.8217738444141837
MYLPF,11,0.8197511431757833
PTMS,11,0.8172834943679758
FAM110D,11,0.8156135840952281
NUPR1,11,0.81339064815304
IGFALS,11,0.8096390737772696
MYH6.2,11,0.8068231591725218
TMEM132A,11,0.8017401328256754
APOA4,11,0.8014103528340425
AK125860,11,0.796949700935012
CPNE7,11,0.7965087664726828
SEMA3B,11,0.7961900118735442
SGCA,11,0.794038196901869
PCDHA10,11,0.793283109248383
ADAMTSL2,11,0.7931245704619999
AZGP1.2,11,0.7925365086141614
FAM153A.1,11,0.7892248511558788
EPN1,11,0.7891157909204207
TRPV6,11,0.7888484763195345
TCF15,11,0.7862911546099884
MLLT1,11,0.7829787423719422
MYL7,11,0.782717607013734
SIX5,11,0.7816205449489544
PKP3,11,0.7808024313680887
SLC35C1,11,0.7795162380052268
ARTN,11,0.7780773361118458
PRSS50,11,0.7767379601418314
CALY,11,0.7735891379281842
MSI1,11,0.7719844198367167
C17orf53,11,0.7714866304698139
KCNK7,11,0.7693578703322355
IL4I1,11,0.7666513192103026
PRRX2,11,0.7647498476255173
LOC102725072,11,0.7642240753333648
PRH1,11,0.7630033374750955
TPSD1,11,0.7623513230890677
LAMC2,11,0.7622329234240329
ADCY8,11,0.7610800101452322
PRLH,11,0.759828191816579
NPPA,11,0.7594134076341531
TMEM262,11,0.7584777030657343
AVP,11,0.7572284917345391
DUSP9,11,0.7557380467010808
F11,11,0.7554328365141921
MMP14,11,0.7552180513847262
TNNI1,11,0.7535925919586689
KRT3,11,0.7524852473525021
SOD3,11,0.7512641658266249
LOC101929078,11,0.7505713215723884
NOS2,11,0.7491334677455568
FOXJ1,11,0.7491300977634028
MKRN7P,11,0.7487262298186513
CLSTN3,11,0.7475683113601075
PHOX2A,11,0.7462148949417886
DUSP13,11,0.7452975867586683
SSTR3,11,0.7450287149907269
ACTL8,11,0.7396123414933157
CHPF,11,0.7376091089895456
LAMB3,11,0.7375898469454387
INS,11,0.7374321547111192
PIK3R2,11,0.73568828183682
MEF2BNB,11,0.7333300727022063
SLC52A1,11,0.7317984084106096
SNTA1,11,0.7300023651519085
BC127192,11,0.7298631834714869
SPEF1,11,0.7286161487880417
KRT14,11,0.7274795644120129
CHST8,11,0.7273897258538352
AMH,11,0.7270637496761418
TRIM17,11,0.7264617082489796
LHX5,11,0.7243720602884519
EPHB3,11,0.7236160735668685
AMN,11,0.7213915932718942
TM6SF2,11,0.7201095068944895
CALML5,11,0.7200570867630665
RIN1,11,0.7197790561952567
MAST2,11,0.7186162255455929
ZNF358,11,0.7174988790719223
OBP2A.2,11,0.7165831209119988
TNNC2,11,0.7154969925477951
KCNF1,11,0.7133972500963602
ADIRF,11,0.7128003438185847
PHYHIP,11,0.7121164317235601
KRT8P11,11,0.7120763404306656
NTN3,11,0.711687252363903
PTGER1,11,0.7110871874564443
LTB4R2,11,0.7092033126806288
NPTX1,11,0.7070198256618749
GPER1,11,0.7070130032828399
ELAVL3,11,0.7064369467400965
DES.2,11,0.7064181175493407
SCT,11,0.7061711573301367
C19orf26,11,0.704428796582007
CDC37P1,11,0.7040797465999697
CSF3,11,0.7040214522896673
SLC13A2,11,0.7039368179639306
RAX,11,0.703424045262445
EMILIN1,11,0.7006444600550067
LEPREL2,11,0.70044307714991
IL17B,11,0.6992449852442133
KIAA1211L,11,0.6992205315962186
ETNK2,11,0.6989133680292694
TERT,11,0.6982653209485239
IGFBP2,11,0.696884271944407
TNK1,11,0.6958797353927066
SEMA3D,11,0.6958074785736054
PRKACG,11,0.6956334129433701
ACTA1,11,0.6952539329133904
KCNQ1DN,11,0.6948063980715784
KCTD17,11,0.6931609604478507
LIMS2,11,0.6924584156111626
HERC2.2,11,0.6921128846555944
GPR144,11,0.690605963186289
NPFFR1,11,0.689990213090705
OPRD1,11,0.6898152555697689
MUC3A,11,0.6894189359232087
CGB1,11,0.6890659688899778
FXYD2.1,11,0.6887353216326902
ACSM2A,11,0.688474450159043
POU3F3,11,0.6876848912439149
LCN1,11,0.6874229241119842
KCNG2,11,0.6869592939850058
AC009947.3,11,0.6860195234562951
KRT81,11,0.6859396652344307
KRT86,11,0.6854255572884725
PODXL2,11,0.6837401935559398
ATP1A3,11,0.6820271892912818
FUZ,11,0.6816533927939191
HYAL2,11,0.6811806331048003
VGF,11,0.6801117353990983
CKM,11,0.6795460611449969
DUX1.2,11,0.6778094139657057
SAT1.2,11,0.677547393385108
PPP1R2P9,11,0.676451948298589
SMPDL3B,11,0.6759239502239256
CEND1,11,0.6754847549228477
MAPK8IP1,11,0.6744480125422088
KIF1C,11,0.674132977725753
METRN,11,0.672813300201685
MFGE8,11,0.6725995377826633
MAP2,11,0.6724406394961457
POU4F3,11,0.6724120541512911
GTSE1.2,11,0.6691512212833938
PITX3,11,0.6687050676090813
CRYBB1,11,0.66811523938619
PGM5,11,0.6678405436019484
PRDM8,11,0.6670247365866097
DDN,11,0.666638323193859
IL1RAPL1,11,0.6662737510178204
C16orf71,11,0.6661216135888017
DBET.1,11,0.6650304083145896
PDGFRB,11,0.6647171186476416
RHOD,11,0.6639410185607957
ZNF446,11,0.6629752452221772
PTPRS,11,0.6618946305350156
NEUROG3,11,0.6603700292823637
ERBB2,11,0.6599835979232068
TEX40,11,0.6598701298333829
LECT1,11,0.6597838017254535
NDOR1,11,0.659631085484501
SNAPC2,11,0.6577705460157383
TPPP,11,0.6570298897189095
RP11-79P5.2,11,0.6569016841909121
MUC3B,11,0.6566677254234402
DGCR6L,11,0.6550875072200124
FOXC1,11,0.6547141045219447
PCBP3,11,0.6546704433407138
TP53TG5,11,0.6544971745682984
TMSB4Y,11,0.6538647451288927
MYOG,11,0.6530316229828363
SLC2A8,11,0.6524165097706602
IGLV6-57,11,0.6520902195015852
PTOV1,11,0.651809083886952
PLEKHH3,11,0.6509679715971495
DIO3,11,0.6509193923842667
FABP1,11,0.650774065172959
DRD4,11,0.6499647634610703
OXCT2,11,0.6498447812202496
SLC28A1,11,0.6497190313766152
SPTBN4,11,0.6493633128655919
NR5A1,11,0.6488471152203581
TPSB2,11,0.6475911796559553
TEX11,11,0.6474440448176476
SLC25A10,11,0.646774152810939
RSPH6A,11,0.646620587873525
INO80D,11,0.6465885677948712
DNALI1,11,0.6460609130020507
ALDH1A2.1,11,0.6442046850938863
TPO,11,0.6438155245844223
MYH7,11,0.6431094675485277
NUDT7,11,0.6429663994255812
PLCH2,11,0.6427485858664423
SLC9A2,11,0.6424332807290432
ALOX15B,11,0.642224896306244
AIRE,11,0.6418781954479669
FZD8,11,0.6411382531243222
CLDN6,11,0.6393949520665303
FLNC,11,0.6376824222743883
C22orf31,11,0.6376073840660131
RGN,11,0.6372804951371823
CSF2,11,0.6370689839846151
IGF2-AS,11,0.6367597684694412
PAGE4,11,0.635825965008583
ZNF646,11,0.6347254470819181
FOXC2,11,0.6345072241830367
FOXD3,11,0.6338952250861961
BBC3,11,0.6329634127366142
POU6F2,11,0.6329012392614132
CEL,11,0.6316468878161691
SIX1,11,0.6294857700574743
WNT4,11,0.628848094087953
GRK1,11,0.6287198634845167
GAS6,11,0.6277882201878107
ALPP.2,11,0.6275679135249475
KLHL35,11,0.6268051204284056
HNRNPUL2.1,11,0.6261518101255558
GS1-124K5.9,11,0.6255746752055686
VSX1,11,0.6253048783205544
PYCR1,11,0.624943182515733
CELP,11,0.6243774917505185
CYP11B2,11,0.6242860084954369
COMP,11,0.6235414257857211
CHAF1B,11,0.6228938967109773
PAGE1,11,0.6227891781801446
PRSS3P3,11,0.6195579575170231
PROC,11,0.6188326674379788
GDF2,11,0.6188047888592169
MLLT4,11,0.6155778600556614
ENTPD2,11,0.6147692641262018
PDE1B,11,0.6146462634760448
CES1P1,11,0.614033679591896
RP11-560G2.2,11,0.613844188634956
TRPM4,11,0.6131310160975201
HSPB3,11,0.612932848728154
MYBPC2,11,0.612819378412165
FABP2,11,0.6123701218540701
AOC4P,11,0.6117404749721406
HIC1,11,0.6108932913041852
LOC101928669,11,0.6108059273989233
NKX6-1,11,0.6103723148356368
SLC7A10,11,0.6101460841859948
EVX1,11,0.6098662774886893
HOXB13,11,0.6092159376355257
ARR3,11,0.6087574772174033
ETV4,11,0.6086254167735256
AC074212.6,11,0.6079529278172862
IBSP,11,0.6077943189701311
PGC,11,0.6074671681013273
FTCD,11,0.6073360416955927
PCDHGA11,11,0.6070193679833226
HOXC8,11,0.6064331092397358
KCNQ1OT1,11,0.6062764811230523
B3GNT4,11,0.6050889568177972
FEV,11,0.6047437551357343
CYP17A1,11,0.60410193794887
CCDC70,11,0.6037292957248028
MSLN,11,0.6034795437544522
MSH4,11,0.6024984708731121
APOD,11,0.6024038879825058
SLC6A7,11,0.6020017319798319
PCDHA5.1,11,0.6011564664400706
RUSC2,11,0.6005427573243862
C22orf29,11,0.6002696631463293
FGF22,11,0.5988985870380801
OTOR,11,0.5982704726699406
MROH7,11,0.5977886058694508
GJD2,11,0.5959362707255699
ANKRD53,11,0.5945204851718169
TUBB4BP7,11,0.5944463564791287
SMARCE1P2,11,0.5917207193227217
GBX2,11,0.5911792773435613
WFDC8,11,0.5900525307974753
FAM163A,11,0.5891094804514202
TENM3,11,0.5882483944892234
SPINK1,11,0.5880663228668498
GH2,11,0.5876864499089174
GCK,11,0.5857436359675066
MGC4294,11,0.5852324818960314
KIFC3,11,0.5848662954525151
TMPRSS11D,11,0.5847974668657516
PDZD7,11,0.5806447938024804
AK096803,11,0.579633963153751
GNG3,11,0.5791638741405342
GPR25,11,0.5786452675073418
WISP2,11,0.5777300327802145
ESRRB,11,0.577495965439313
SLC9A3,11,0.5765566576667678
KRT19P2.2,11,0.5740243901349912
BLOC1S1-RDH5,11,0.5716449894153922
HDAC7,11,0.5699111065273093
KRT18P44,11,0.5679660377756227
CTF1,11,0.566545605502625
ESRRA,11,0.5662947811001177
NPPC,11,0.5653746040824366
MAP3K10,11,0.5642814303429674
LOC100131532,11,0.5629389398353944
ZIC4,11,0.5627410456284335
KIFC1,11,0.5618619673763109
ANP32D,11,0.5600870344651618
NEUROG1,11,0.5598322073905045
BAAT,11,0.5596150024425542
GPR162,11,0.5590961749897366
RP5-1184F4.5,11,0.5571594241329848
CLCNKB,11,0.5566581057056512
JPH3,11,0.5550190812918742
TM4SF5,11,0.5550067173432842
PTPRH,11,0.5532585038277802
SPTBN2,11,0.5512215077479342
KRT18P38,11,0.548926859670812
CST5,11,0.548753145355172
ZBTB32,11,0.54765272976678
TOM1L2,11,0.5476229613621211
HIST1H1A,11,0.5399915488775978
SCRT1,11,0.5369268172839289
RPL3L,11,0.5352304890236096
C6orf15,11,0.5321174811765791
HADHAP1,11,0.530635652018362
NPPB,11,0.5260952938628144
LPPR3,11,0.5247344282069726
CLCA1,11,0.524595838541762
CRYBA4,11,0.5239892715834544
SLC38A3,11,0.5235491283979026
ADAM11,11,0.521580202381329
ANXA13,11,0.5150542020625699
C3,11,0.5142668508674181
CLPS,11,0.513021504719289
VRTN,11,0.5063548733434358
FABP6,11,0.5038102769628928
RAI1,11,0.5008970659651005
LIM2,11,0.4922434070649361
NEUROG2,11,0.4922264786629303
CRYGD,11,0.47959683064005093
SLC13A4,11,0.4735947903255914
RBPJL,11,0.4712425604027069
GLI1,11,0.4436523369885415
NMUR1,11,0.424839488791943
NKG7,12,0.8854164340386506
KLRD1,12,0.8780276820299001
PRSS23,12,0.858729519005261
GPR56,12,0.8437087395755529
TGFBR3,12,0.8292854882615981
GZMB,12,0.8261240660515066
PDGFD,12,0.8159417081866034
TBX21,12,0.81567050429345
MATK,12,0.8003019834049795
GZMH,12,0.7901209872244274
PRF1,12,0.7843510195302336
SH2D2A,12,0.7708669204597183
CCL5,12,0.7637049231246389
GNLY,12,0.7572610382244315
KIR3DL1.2,12,0.7501156397518919
KIR2DL3,12,0.7371128878353453
TARP.2,12,0.7354083555882811
SYT11,12,0.7342412642636703
CACNA2D2,12,0.7264390688422291
KIR2DL1.1,12,0.7239523338328137
C1orf21,12,0.7185207357962223
CHST12,12,0.7160159403845484
NUAK1,12,0.7149226744267196
PRR5L,12,0.7087115203647254
CCL4,12,0.7082481181242007
KIR3DL3,12,0.708046222407261
YPEL1,12,0.7020114623936219
AGAP1,12,0.6960711701216032
B3GAT1,12,0.6893055281323183
LOC100130872,12,0.6867447227251819
F2R,12,0.6754263656724636
S1PR5,12,0.6746480113578108
KIR3DL1.1,12,0.6728078046212346
KIR2DS5,12,0.6709054851929781
KIR2DL2,12,0.6704300551237855
GFI1,12,0.66691432297738
NCALD,12,0.6637233079478353
LLGL2,12,0.6571592846730014
DUSP2,12,0.6556333025185729
PTGDS,12,0.6505691912449766
KLRG1,12,0.6471383389399242
CLIC3,12,0.6467443106579241
TMEM255A,12,0.6418221713461273
KIR2DL5A,12,0.6374211380610111
ADRB2,12,0.6361760316490106
RCAN2,12,0.6314638055678772
BZRAP1,12,0.626707598228109
KLRC4-KLRK1,12,0.6224396681018194
LAG3,12,0.6214082048191538
KIR2DL4,12,0.6041867707076739
KIR2DS4,12,0.6033436819016925
MYO6,12,0.6003732855853972
JAKMIP2,12,0.600104095489392
CD8A,12,0.5963965462042174
MXRA7,12,0.5937700560882371
IL2RB,12,0.5911034770705621
RGS9,12,0.5809137923029448
PYHIN1,12,0.5806584839055928
KIR2DS2,12,0.570140291971808
SYTL2,12,0.5563954243007149
KIR3DS1,12,0.5529774537822016
CCR5,12,0.5504711135869843
TRDV3,12,0.5236826660392963
BNC2,12,0.5098021115007972
CCL3,12,0.48896316152283886
TCRDV2,12,0.4619322910935213
AUTS2,12,0.4466277280250387
ADAMTS1,12,0.4275696095501713
KIR2DS3,12,0.41877578875979155
CXCR6,12,0.39707762657241275
RPS11.1,13,0.9102627875368967
H3F3A.1,13,0.8975099376997439
RPLP2.1,13,0.8750200655210368
RPAIN,13,0.8640995729391907
OPHN1,13,0.8615929674353009
RPL27A.1,13,0.8323605740544784
HEATR1,13,0.8217946385142477
CRIM1,13,0.8051868280352388
TFG,13,0.801587478264049
PDPK1,13,0.7980676411993659
DHRS7,13,0.7848933328284319
PODXL,13,0.773390757112637
UTP18,13,0.769650752294383
RPL37A,13,0.7535025556514205
ANKH,13,0.73029541972728
REL,13,0.7287486763751653
SPATA1,13,0.709268755140284
CCNE2,13,0.7078183328852437
DUTP1,13,0.7073969650318483
NUCKS1,13,0.6957505479692102
FKSG49,13,0.6906579524589052
PGK1,13,0.6887182494682965
RPA2,13,0.6879381093406296
ZNF552,13,0.6844344334269556
CCNA2,13,0.6747230552672292
PTGDR,13,0.6726617396139223
GK-AS1,13,0.6716688298396237
CD3EAP,13,0.6712700868600227
LA16c-358B7.3,13,0.6625854431555019
IER3IP1,13,0.6583940422963693
TIAM2,13,0.657916286362433
C5orf66,13,0.6287916679231824
BMP8B,13,0.6109466116870188
LRRC75B,13,0.5981724612679565
DLEU2L,13,0.5915918768482711
FCGR1A.1,13,0.5897411521224277
CASC1,13,0.5232580486496164
HERC5,14,0.9627627504808188
IFIT1,14,0.9442860557146219
IFI44L,14,0.942337916939267
RSAD2,14,0.9337635652063924
OAS3,14,0.9223369974398503
IFI44,14,0.9206586682450327
MX1,14,0.9122793738422789
IFIT3,14,0.8742784936577662
IFI6,14,0.863129503829682
EIF2AK2,14,0.8489601805922068
USP18,14,0.8367116509811777
OAS1,14,0.824318896763069
PLSCR1,14,0.8144691023289635
DDX60,14,0.8102428052526355
DDX58,14,0.8030247235911573
IFIT5,14,0.792102252555468
OASL,14,0.7893148969732672
SIGLEC1,14,0.7847655713596982
SERPING1,14,0.784555031721095
LAMP3,14,0.7809868503501812
OAS2,14,0.7783118492257582
LAP3,14,0.7621797186782097
STAT1,14,0.7356742224230133
GBP1,14,0.7338086214292675
RTP4,14,0.7327883729449042
IRF7,14,0.7220400947422001
XAF1,14,0.7212562109928956
TDRD7,14,0.7126992540839358
SCO2,14,0.7009729088161593
PARP12,14,0.7003361787940878
SPATS2L,14,0.6813816486339005
IFIT2,14,0.6571918706545972
ZBP1,14,0.6493334421797115
HERC6,14,0.6485478065363957
ISG15,14,0.6327578550980228
PSTPIP2,14,0.6194795089579765
DHX58,14,0.5338832516681272
ERV3-2,14,0.5160768706393598
MICB,14,0.48704844038650963
C3AR1,14,0.4471995212641331
SKI,15,0.9452336311457223
UBE2W,15,0.9087514562787106
MFSD6,15,0.9020000097101246
SCUBE3,15,0.8937243992556502
BMPR2,15,0.8665938588094847
SPEN,15,0.8591168025879761
ZNF8,15,0.8523457881073608
RAD21,15,0.8488878915097777
ZNF345,15,0.8418606560938484
HERC4,15,0.8407669869216713
SMG7,15,0.8336855838527236
PRKAB2,15,0.8315116725878603
LDB1,15,0.8266050472247262
BCLAF1,15,0.8258082604415916
FLJ10038,15,0.8207013972363604
M6PR.1,15,0.8183668096486406
IKZF1,15,0.817996536590814
SLAMF7,15,0.8139480949638559
RORA,15,0.8033729392443889
CCND2,15,0.7980195908662014
PRPF6,15,0.7953881444113396
CCNK,15,0.784156806059731
LRRC37A,15,0.7791575950192734
PKP4,15,0.7778381023253369
GOLGA8A.1,15,0.7725964216209615
DNMT3A,15,0.7711225832477069
SET.3,15,0.769855272590225
ACTR2,15,0.7644041267041126
UTP20,15,0.7634229739048832
EZR,15,0.7601615904263914
PMS2L2,15,0.7577024845291221
BACH1.2,15,0.7548860848082535
TGFBR2,15,0.7548122680491852
ATP2B1,15,0.7485745144023801
GRB2,15,0.7374896809147934
PECR,15,0.7346881515377286
DDX42,15,0.731678615061013
UPF1,15,0.7260589913777966
ZMYM2,15,0.7196209236942775
RNF113A,15,0.7134262693393815
POLD3,15,0.710331045125849
KIAA0100,15,0.7084630814585557
KIF3A,15,0.6986036309064632
IL24,15,0.6910940368230528
AP3D1,15,0.68896704946258
BOLA2.2,15,0.686105258682662
SP4,15,0.6833314181631214
SUZ12.2,15,0.6772747245819183
ZBTB38,15,0.6728351515653537
NLK,15,0.6712693585295465
ZNF124,15,0.6687261536113106
LGALSL,15,0.6610969662218932
DCAF13,15,0.6587731149300594
HSP90B1.1,15,0.6474995154457067
RAB14,15,0.5698330853258236
LEF1,16,0.9204990390317219
ABLIM1,16,0.8738284192979566
MYC,16,0.8657067131889772
LDHB,16,0.8563226034931899
NELL2,16,0.8537323849040493
MAN1C1,16,0.851840975751858
FAIM3,16,0.8490665292328078
TMEM204,16,0.8433516255893373
EPHX2,16,0.8408047380086807
IMPDH2,16,0.827859482006436
RHOH,16,0.818812206309468
GPRASP1,16,0.8181871476760769
POLR1E,16,0.8179977731068243
TNFRSF25,16,0.814667461209157
PIK3IP1,16,0.8124591734432657
CCR7,16,0.8102667109692557
SLC16A10,16,0.8094395840523199
DPP4,16,0.8089357060948882
CDR2,16,0.80793735585106
CD27,16,0.8032005321167339
MAL,16,0.8029907270318088
FAM171A1,16,0.8027943607068436
TRAF5,16,0.801611537661104
SATB1,16,0.7933680733727287
BCL11B,16,0.7857053812789501
LOC101060521,16,0.7842392699658977
UXS1,16,0.7823672151976139
SIRPG,16,0.7821382452292827
EVL,16,0.7817116479927761
LRRN3,16,0.7802643889945003
TRIB2,16,0.7710100001238493
TRAC.1,16,0.7695429519380872
FAM102A,16,0.7685195263304758
NR3C2,16,0.7665272696283844
TRBC1,16,0.7626757039468621
ADSL,16,0.7592310575132202
FHIT,16,0.7570104777338528
GLYR1.2,16,0.7558218147600168
AK5,16,0.7545800232916252
UBASH3A,16,0.7534127817981184
BAG3,16,0.7463216380342322
BACH2,16,0.741712268170985
RPS4XP2,16,0.7379640953280225
HOOK1,16,0.7366086128041665
SESN1,16,0.7345453460673287
ADTRP,16,0.7315624326228146
ZNF331,16,0.7310765419589775
TXK,16,0.7235639783392813
DENND2D,16,0.7176870481207145
NVL,16,0.7165268438983327
IARS,16,0.7159974875560864
ITK,16,0.712749137346626
TRAC.2,16,0.7097467819021546
CHMP7,16,0.7050564580452598
CAMK4,16,0.7050008335362877
B3GNT1,16,0.7045633555499302
KLHL3,16,0.6924983764939253
DACT1,16,0.671531242522577
LDLRAP1,16,0.6544240636998604
CD19,17,0.9141858104968728
CD22,17,0.901286631738716
LOC101928620,17,0.8956399600959202
CD200,17,0.8886737312618491
KIAA0125,17,0.8839456808709918
BLNK,17,0.8786806641369836
PTPRK,17,0.8728289529822479
TCL1A,17,0.8705133452434063
CR2,17,0.8696928536587468
IGHD.1,17,0.8693295495814999
BANK1,17,0.8648958405032245
CD72,17,0.8635285487104615
P2RX5.1,17,0.8621595397485603
IGHM,17,0.861564500378774
SPIB,17,0.8555800090421646
STAP1,17,0.8536999423632929
PCDH9,17,0.8503543259637957
ABCB4,17,0.8483651255074036
TSPAN3,17,0.8429253747877006
FCRL2,17,0.8418389782345649
CD79B,17,0.8380917038075453
SEL1L3,17,0.8322231425943103
PNOC,17,0.8296260758843074
MS4A1,17,0.8288453513550409
E2F5,17,0.8165433857650798
HLA-DOB,17,0.815355402146507
RASGRP3,17,0.8118106121532844
CXCR5,17,0.8076616567083105
PKIG,17,0.8057945708915436
VPREB3,17,0.8038773641766617
BCL11A,17,0.7941998279756837
CCR6,17,0.7882136270142941
MICAL3,17,0.7855179420447096
ADAM28,17,0.7801749460530426
BLK,17,0.7749539706148553
BEND5,17,0.7515777773742215
CD79A,17,0.7129697636365889
SOBP,17,0.7068162056943005
CD40,17,0.6980024789146653
CD180,17,0.6311689086813729
PIK3C2B,17,0.6175857594925729
STXBP3,18,0.920037975266334
RB1,18,0.9014735584968357
ARFGAP3,18,0.8958277413781565
VPS4B,18,0.8944523981168776
HIF1A,18,0.888175072600422
SMCHD1,18,0.8861898488833737
CAPZA2,18,0.8842315495411986
ATP11B,18,0.8718746638633021
SOAT1,18,0.8699766257509755
UBE2D1,18,0.8644669840367557
SMNDC1,18,0.8644520748541735
OSTM1,18,0.8643426836444031
PELI1,18,0.8616745004705598
HNRNPH2,18,0.8590198684218389
LYPLA1,18,0.8530219313689656
SERP1,18,0.8456292322540347
CTBS,18,0.8427194745909007
CHUK,18,0.8413558435090771
PRKAR1A,18,0.8404323030382217
NPTN,18,0.8402772137468291
AZI2,18,0.8329952598821617
ZNF217,18,0.8327178595115173
YTHDF3,18,0.8301433773686974
ACSL4,18,0.8295987409845955
BAZ1A,18,0.8283129955930872
ABI1,18,0.8277081639793619
SNX10,18,0.8245054203845463
GCA,18,0.822717167395163
WIPF1,18,0.8218985495568778
CCPG1.1,18,0.8198690357615595
TMED7,18,0.8185148169833356
OSBPL11,18,0.8182226287734372
CDC73,18,0.8138638338189161
IER5,18,0.8102206406011947
NEK7,18,0.8089559673859995
WDR11,18,0.8070958669804095
MAP3K8,18,0.805952256497872
PPM1D,18,0.8057880556876942
ISOC1,18,0.805253178059895
EVI2B,18,0.8038265862426807
CNOT8,18,0.8022336377596571
CCNG2,18,0.8010920158951129
ZEB2,18,0.798869543075845
LOC102724364,18,0.7988589254870866
ADCY7,18,0.7962803201301873
GNG10,18,0.7948423833617875
ADAM9,18,0.7938008637746482
TNFSF10,18,0.7936307814923798
ERBB2IP,18,0.7919385090556227
FBXL5,18,0.7886377310493722
WDR47,18,0.787930511981774
TMEM30A,18,0.7855053707789624
XPOT,18,0.7819144555467522
SSFA2,18,0.7807998951740707
OGFRL1,18,0.780110973920582
CTSS,18,0.7785572682286322
KLF10,18,0.7774635527792714
RP2,18,0.7765166434088969
MAR1.2,18,0.7745483657670336
CHSY1,18,0.7733927846096256
MTM1,18,0.7717122592763715
ACTL6A,18,0.7716673317760557
NAMPT,18,0.7710549136847409
PTGS2,18,0.7702906034784002
STAM,18,0.7692893354459535
IFRD1,18,0.7690286428493429
MED4,18,0.7683310870831531
SEPT15,18,0.7648327386471623
DNAJB6.2,18,0.7648170563390894
SEC24B,18,0.7646883351814344
DNAJA2,18,0.7641461161561314
KIAA1551,18,0.7630206917986119
RBM12B,18,0.7600512728075401
DUSP6,18,0.7593975745522985
ELK3,18,0.7563818130006811
MOB1A,18,0.7559755016309082
RPAP3,18,0.7559670626539367
DPYD,18,0.755635799974879
BCL10,18,0.7519232331420107
REV3L,18,0.7514432509945418
NFE2L2,18,0.750602845675015
SAMSN1,18,0.7485735766140769
NXPE3,18,0.7480741583011582
LRIF1,18,0.7473273882759025
TOPBP1,18,0.7464013940571366
PRNP,18,0.7450541514611492
SMPDL3A,18,0.7439557917824762
BACH1.1,18,0.7435488882321257
IFI16,18,0.7365207818412858
IRAK3,18,0.7313691101885097
SMC5,18,0.729817533803438
TAF11,18,0.7295021173404727
PFKFB3,18,0.7240436577001983
DYNC1LI1,18,0.7227856781129258
CLEC7A,18,0.717865654016597
CLPX,18,0.7131035504346193
CDKN1B,18,0.7116094597534162
NBN,18,0.7042877297940917
GBE1,18,0.6969315530229505
EPM2AIP1,18,0.6959552987962292
C8orf44-SGK3,18,0.6868454050085919
LRRC40,18,0.682038999733219
HSPA1A.1,18,0.6819593505800065
TTC37,18,0.680071950210706
ZCCHC8,18,0.6760803454776305
PDZD8,18,0.6749483762158565
VAV3,18,0.6745640580456208
KIAA0226L,18,0.6738465128711041
LY75,18,0.671738975890978
SDCBP,18,0.6709224768377697
TANK,18,0.6690945398147469
MNDA,18,0.6648995817725837
WSB2,18,0.6646412073308352
MCTP2,18,0.6628152304854658
ZNF200,18,0.6620439151443431
HSPBAP1,18,0.6593674168189939
HHEX,18,0.6548045632405174
SERPINB2,18,0.641918011517855
MAN1A1,18,0.6406559445762207
CLEC4E,18,0.6331489480069205
ERO1L,18,0.6287841482646896
CYTIP,18,0.6276939817760723
HSDL2,18,0.627345775232353
F2RL1,18,0.6260487149840125
NABP1,18,0.6233739742244081
FBXO38,18,0.6193159831793045
CXCL1,18,0.6075624689886379
IRF2,18,0.6071790071504345
LYZ,18,0.6053447605997969
MIR21,18,0.5878446604072802
SCARF1,18,0.5721548454823687
CCR1,18,0.5599225652723844
MANSC1,18,0.5345748504819213
QPCT,18,0.5287449942700686
DOCK4,18,0.4739527503254124
C18orf32,19,0.954033421084884
RPL31,19,0.9537943501748787
RPS7,19,0.9463794320658726
RPS24,19,0.9428592871201341
COX7C,19,0.9417289392964333
RP13-258O15.1,19,0.9382385760486142
COX6C,19,0.9322290167589853
RPL26L1,19,0.9318839170805553
RPL7,19,0.9313257916059934
RP3-507I15.1,19,0.9312382397626309
MRPL22,19,0.9265701599883301
POLR2K,19,0.9265216958795468
MRPL13,19,0.9231945674042518
ATP5L,19,0.921820909618239
RPL36A,19,0.9213657922984513
RPS27L,19,0.9206934748586689
COX7B,19,0.9203382723836605
RPS17,19,0.9202355911581739
DBI,19,0.9199013248223934
SS18L2,19,0.9194687556011399
SNRPG,19,0.9156260160785333
RPS3A,19,0.9150837596254859
ZNHIT3,19,0.9137366030000608
TIMM8B,19,0.9125653518588777
LSM3,19,0.9124645779504127
C4orf46,19,0.9113749992392771
RPL34,19,0.9104536150444357
MRPS28,19,0.9078323266125871
MRPL40,19,0.9077463188564804
TRIAP1,19,0.9065200020616904
UQCRH,19,0.9033613700999988
RPL9,19,0.9018783073818976
C14orf2,19,0.9011520593713556
RPS15A,19,0.8959924264047918
RPS18,19,0.8951726960138627
UQCRB,19,0.8936775761997261
ATP5O,19,0.8931212615259992
RP6-11O7.2,19,0.8909791442855531
EEF1B2,19,0.890428718536125
PFDN4,19,0.8899448876393605
RPL39,19,0.8885638544049063
RPL11,19,0.8883299576584369
HINT1,19,0.8859113622804872
SNRPD1,19,0.8849188479854444
CMC4.1,19,0.8846575138384308
LSM7,19,0.8845564112084089
AK6.2,19,0.8845319542677523
ZNF22,19,0.8822696165031426
ERH,19,0.8818513656296556
CMC2,19,0.8812851599014562
RSL24D1,19,0.8782647053126655
TPRKB,19,0.8778482091503421
MRPL48,19,0.8765388621412341
IFT20,19,0.8722863264994677
MRPS33,19,0.8715950152819496
RPS29,19,0.8708404440192019
NDUFS4,19,0.8655174080339635
PRICKLE4,19,0.8649836751146509
SRP14,19,0.8643437435445422
NDUFB2,19,0.8630645255113566
CLEC2B,19,0.8622720693391797
HMGB1,19,0.8588427159676915
SRP19.1,19,0.8584327614126851
SNRPD2,19,0.8580409132944196
ENY2,19,0.8575818524871465
MAGOH,19,0.8571129519279849
RPL27,19,0.8564205967730334
TRAPPC2.2,19,0.8544363919782861
SUB1,19,0.8524283223497228
KIAA0391.2,19,0.8506627377589594
NDUFA6,19,0.850071510453027
GEMIN6,19,0.8491900966585375
RPL24,19,0.8487027321373914
DCTN6,19,0.8472778477479731
ATP5J,19,0.8432611407327099
EMG1,19,0.8430826040322769
RPL22,19,0.8429769465540111
TMEM126B,19,0.8403408026112481
RWDD1,19,0.840333346925952
RPS10,19,0.8373504927377166
ATP6V1G1,19,0.8372350177976217
MRPS22,19,0.8371334218865465
ATP5C1,19,0.8370669079208831
PSMA4,19,0.8361650978069687
COMMD3,19,0.8356589336973718
RPL30,19,0.8355252542625673
EEF1E1,19,0.8332911884036125
AK6.1,19,0.8305936390400595
TMA7,19,0.8300873962201043
FKBP3,19,0.8276580667101471
ZC3H15,19,0.8267482212928308
MRPS14,19,0.8252054274452245
TMEM243,19,0.8239165574646238
RPS27A,19,0.822363600529788
DUT,19,0.8196867824391639
RPS21,19,0.8191033134947001
MCTS1,19,0.8182717912401696
GTF3A,19,0.8164454722542565
CCDC53,19,0.8162284246063272
EIF3E,19,0.8151289780441139
RPL41,19,0.8150555801828773
SNRPE,19,0.813070277606372
RPL27A.2,19,0.8123034683027938
NFU1,19,0.8111343784754252
TOMM20,19,0.8105598680191825
SNRPB2,19,0.8093501961333894
RPL35,19,0.8091501073658656
BDH2,19,0.8085185142947634
LSM8,19,0.8074039771205823
SLIRP,19,0.8051250841552879
VBP1,19,0.8039826170089228
ZNF292,19,0.7989262367231198
RPS17P5,19,0.7973644539702084
PFDN5,19,0.7966900934855544
GNL3,19,0.7963021940543868
COX7BP1,19,0.7961946961021765
CKS2,19,0.7951757004565688
SSB,19,0.7939425197085875
COX7A2,19,0.7935153659463002
LSM1,19,0.7933767036781031
CKS1B,19,0.7930763476407696
MRPL46,19,0.7927354006331988
TBCA,19,0.79268927437
HSPB11,19,0.791811058439156
CD52,19,0.7915144358427051
RPS27,19,0.7911341676645574
NDUFB1,19,0.7910295177318517
RPL10A,19,0.7906208899080124
HRSP12,19,0.7903118744285567
ICT1,19,0.7901231217191583
TMEM165,19,0.7897102820052525
NDUFS5,19,0.7894143410334752
CETN3,19,0.7892369405228385
HAT1,19,0.7873388984581775
MED7,19,0.7843845232075332
REEP5,19,0.7832824127183886
POLR2H,19,0.7824195705851241
HSPE1-MOB4,19,0.7811318160110974
MDH1,19,0.7770502355860944
NDUFA4,19,0.7760860656597606
LSM5,19,0.7757694618036509
BCL2A1,19,0.7738809288225457
NUCB2,19,0.7735294926474962
RLN2,19,0.7732225687077551
MRPL33,19,0.7730863762263972
RPSA,19,0.7727835226413207
CNIH4,19,0.771996956553642
ITGAE,19,0.7717137238750394
ZNF32,19,0.7717063306282598
ZNF268,19,0.7715562521629733
RPL4,19,0.7688808458534018
EMC2,19,0.7663875603496539
TXNDC9,19,0.766225634688951
C6orf48,19,0.766147772518466
RPL15,19,0.7659785741786196
RPS10L,19,0.7631734856549679
PPIG,19,0.7628980797971702
DPM1,19,0.7624499841666815
RPL23,19,0.762040702035782
PRDX4,19,0.7591995678365112
ANXA1,19,0.7584041287807702
POP5,19,0.7574826953355299
GLRX,19,0.7573252873280182
KLRB1,19,0.7566268646808969
BTAF1,19,0.7565415312325964
HMGN3,19,0.7552219918396739
CSTA,19,0.7544648324178076
GEMIN2,19,0.7544346475226237
CGRRF1,19,0.7538009019849332
CBWD1,19,0.7515467355350226
NDUFB3,19,0.7475828127037492
PPA1,19,0.7475043228679562
NSA2,19,0.7433087776809357
FBL,19,0.7419378684010924
NSMCE4A,19,0.7411874105384277
NDUFAF4,19,0.740864551654939
C14orf166,19,0.7395954093191198
TRAT1,19,0.737681545754736
RBM15,19,0.7367159747972178
RNF7,19,0.7350985524847571
DNAJC15,19,0.7348646713370924
LOC100508408,19,0.7323611473695112
REXO2,19,0.7292428076662412
HSPE1,19,0.7291472721831761
C11orf58,19,0.7291085868043339
KTN1,19,0.7273227877754375
EIF3H,19,0.7273188785295222
SLC35A1,19,0.7271059449791748
EAF2,19,0.7270666575831639
RPS8.2,19,0.7235220247542355
RPL22P22,19,0.7227746683311598
TCEAL1,19,0.7226024541432233
RPL3,19,0.7220003843037474
SUZ12.1,19,0.7199917561929605
ATPIF1,19,0.7172715673967678
ATP5I,19,0.7163566724506577
C1QBP,19,0.7162812781045274
RPF1,19,0.7152608282450237
MRPL39,19,0.7150024866458683
RPL13A.1,19,0.7147277861038729
CACYBP,19,0.7145972824745259
NPM1,19,0.7127765035925846
SUPT3H,19,0.7120880354258825
LYRM4,19,0.7115499937358783
TAX1BP1,19,0.71154309524714
METTL18,19,0.7089017649317125
IL23A.1,19,0.7086573803943004
EXOSC8,19,0.7065626469898963
RPL8,19,0.7063453224671978
PSMA2,19,0.704382343053976
PLAG1,19,0.704126242812955
UBE2E1,19,0.7015195667390708
ANAPC10,19,0.7007077305868903
EID1,19,0.699946097646523
ITGB3BP,19,0.6997124009768303
TERF1,19,0.6920816448428411
MRPL17,19,0.6912023166134729
RPS20,19,0.6877457801862094
PDCD10,19,0.6866174757550164
SRSF11,19,0.6859306060360901
MRPS15,19,0.6838450211963525
CISD1,19,0.677512886032488
MANF,19,0.6763437457416415
RPL39L,19,0.6740588317674349
HMGB1P4,19,0.6693215002353452
RPL10L,19,0.6687585352429533
PDCD5,19,0.6682620303902911
TMEM70,19,0.6663735212709194
AES,19,0.6625962642088729
LY96,19,0.6612734747237066
ACYP2,19,0.6600126091532661
RPL29P7,19,0.6527532527766322
RPS10P2,19,0.652673691480357
LOC100507577.1,19,0.6525473846385615
PAK1IP1,19,0.6490580824249392
TIMM9,19,0.6485237500205345
PUS3,19,0.6426138683511455
MKKS,19,0.641794721042487
ICOS,19,0.6405574863733937
RPS3,19,0.6381651823364387
TXNL1,19,0.6307426134254676
SET.2,19,0.6303207858715962
FRG1,19,0.6293149339821086
PIGP,19,0.6270289075103939
MPHOSPH6,19,0.6258097727803571
RPL27AP,19,0.6237748185912884
SELT,19,0.6225356263479895
FAM111A,19,0.6204667734028844
RP3-522P13.1,19,0.6193506677538488
RPS25,19,0.6188350364383197
NDUFB5,19,0.6178913153609072
CD48,19,0.6113300351338571
EEF1D,19,0.6063203875115623
TBC1D4,19,0.6053135682009843
ITM2A,19,0.603823805453011
NIT2,19,0.6019430403690246
CBR3,19,0.5938191233973759
CCT2,19,0.589986619701102
GPR18,19,0.5895384992008297
SLC16A7,19,0.5876796712852101
DRG1,19,0.5870583766276213
BRIX1,19,0.5784169258677679
GZMA,19,0.5736902576365532
EMC6,19,0.5586732803247189
GPR171,19,0.5569051813439706
ADPRM,19,0.5568642890406404
GZMK,19,0.5498857723627658
ZNF266,19,0.5233699980714113
BATF,19,0.5211197596536851
ATF4,19,0.5046654610468702
COA4,19,0.49005067520367224
RPL14,19,0.47196078018861654
NBEAL1,19,0.4200704803223919
RCN2,20,0.9464776651394508
ZNF184,20,0.9434065125046986
ZNF302,20,0.9405958162748176
C5orf28,20,0.9402271047397193
CDKN2AIP,20,0.929850786740299
CAND1,20,0.9244889952486554
AIMP1,20,0.9206565055825469
NT5C1B-RDH14,20,0.9195110133187719
KRCC1,20,0.9163474834551463
ANKRD46,20,0.914931302161125
FBXO3,20,0.9148225130471831
PAIP1,20,0.9146130468190549
HSPA13,20,0.9132800906800594
PTBP2,20,0.9128584727500711
ZNF140,20,0.9120318688778777
DNAJB9,20,0.9111200731260968
CAAP1,20,0.9110323329427344
NOC3L,20,0.9105584856105693
CCNC,20,0.9090449012025703
AP1AR,20,0.9088184363579898
CMPK1,20,0.908119916481374
U2SURP,20,0.9079628808212041
ACTR6,20,0.9073186188983512
ATF1,20,0.9070654049015369
USP16,20,0.9069364073352637
NFYB,20,0.9030346182135587
CRY1,20,0.9028852495781811
MATR3,20,0.9026856968004786
EIF4E,20,0.9023978449953395
PIGA,20,0.9022586377286637
ABCE1,20,0.9016854056048316
TRMT11,20,0.9013901999578926
PPM1B,20,0.9012272809652898
EOGT,20,0.9006409756284156
C2CD5,20,0.8998213087479491
SUCO,20,0.8997916910039964
TAF2,20,0.8995266576920788
CBX3,20,0.8986573179725339
MTO1,20,0.8981417198105621
SACS,20,0.8980811806740561
CEP290,20,0.8978199833031014
MED23,20,0.8974605249910648
AGL,20,0.8973677581790539
RFK,20,0.8967543192456566
CD69,20,0.8957489722043557
SREK1,20,0.895394349718489
ATF2,20,0.8951070491639308
MST4,20,0.8948656086055398
FAM3C,20,0.8938706394349398
ZFAND1,20,0.8923499881252973
FAM35A,20,0.8911361448600557
TMEM135,20,0.8906814907046543
TIA1,20,0.8899961452973802
BRWD1,20,0.8898058401603455
ATG5,20,0.8895619318811315
HAUS3,20,0.8894585770286201
CEP57,20,0.8893563226650563
UBA3,20,0.8892793060857973
PMS1,20,0.8891617877681202
LUC7L3,20,0.8888083991699812
GCOM1.2,20,0.8878752669620957
IFT57,20,0.8872345816175686
ZNF107,20,0.8860566790055858
ABCD3,20,0.8856835608116393
TAF7,20,0.8842442515432309
ARGLU1,20,0.8837048463804841
SRSF10,20,0.8834605801015963
APIP,20,0.8825892497838251
DLD,20,0.8802970611181836
SRP9,20,0.8802553380672875
EIF4A2,20,0.8799396255028089
TRAPPC13,20,0.8799178924604742
C6orf120,20,0.8736498853812859
SLC33A1,20,0.8729117654270575
SENP6,20,0.8725818526116433
MRS2,20,0.8725773053534406
AMIGO2,20,0.8719179211752199
PNRC2,20,0.8718045660197002
NEMF,20,0.870407796118498
ARHGAP5,20,0.8703763615564689
RRN3.1,20,0.8702633848814976
CCDC91,20,0.8702381915674469
TGDS,20,0.8700850025285191
RNF219,20,0.8697206498232457
EFR3A,20,0.869703024810429
THAP9-AS1,20,0.8693249344864555
ETAA1,20,0.8689267513192003
DNAAF2,20,0.8686305987347115
BMI1,20,0.8682426426011072
PDHX,20,0.867574861535552
GMFB,20,0.8670865533821506
PSMC6,20,0.8668503453293317
SLC39A6,20,0.8668126114634719
ZCCHC10,20,0.8658266936704901
DYNLT3,20,0.8652186815135152
ZBTB1,20,0.8648922142992406
TMX1,20,0.8646269473873426
CEBPZ,20,0.8633808721996784
LOC145783,20,0.8628669333164173
ARHGAP12,20,0.8625971209882987
ARL8B,20,0.8622489081922281
MEX3C,20,0.8620428508196227
UFM1,20,0.8619293265443424
PRPF4B,20,0.8605965195956679
TFB2M,20,0.8599465598997772
C12orf29,20,0.8599145823992219
FAM208B,20,0.8598652304826292
DPY19L4,20,0.859860017595308
ABCA5,20,0.8597110631928289
ENOPH1,20,0.8595734621653591
MICU2,20,0.8591855428420173
PPIP5K2,20,0.8573816071344444
ZZZ3,20,0.8571891950808752
COPS2,20,0.8570872419520367
CDC37L1,20,0.8568164889305034
MRFAP1L1,20,0.8556247051218057
PRPF38B,20,0.8555255492061441
UBE2V2,20,0.8544343176840572
TMEM168,20,0.8533190698870727
INSIG2,20,0.8530418941822677
GIN1,20,0.8530391133729689
ZBTB11,20,0.8526236505825213
DBF4,20,0.8516893068782212
PEX3,20,0.851549447020824
ZMYM1,20,0.8512987742893624
RWDD3,20,0.8508616567272549
MDFIC,20,0.8507668090044983
COMMD8,20,0.8505441306210689
SAR1B,20,0.8503023049530757
SGMS1,20,0.8500946325398201
MIS12,20,0.8490937668701488
FMR1,20,0.8490606570948225
EXOC1,20,0.8486839648075725
RASA1,20,0.8475603779527852
SNX4,20,0.8473828269750789
ZNF14,20,0.8472233855049751
CASD1,20,0.8470754788558231
CYCS,20,0.8465457333313019
SMARCA5,20,0.8464659376096109
CSGALNACT2,20,0.8460702201830524
PCNP,20,0.8459451481667024
TSNAX,20,0.8455535033654216
RECQL,20,0.8441977510704323
ZNF180,20,0.8441937193407998
TNFAIP8,20,0.8440840013732112
ASUN,20,0.8434223827261165
WDR44,20,0.8430863724323859
CUL5,20,0.8426488360076785
NDUFA5,20,0.84214481220944
C5orf15,20,0.8414494854117621
ZNF84,20,0.8412070207086827
PLEKHF2,20,0.840637329850106
CDK17,20,0.8405450884740795
RINT1,20,0.8392358319364068
RNF138,20,0.8385890193966097
TTC33,20,0.8383168638546853
AP5M1,20,0.8375448235742062
MAP4K3,20,0.8374484557212099
TMCO1,20,0.8372449806998393
FASTKD1,20,0.8366971726840188
ZFAND6,20,0.8362226408672573
SLC25A24,20,0.8359105578202024
ANP32E,20,0.835475201004257
ASF1A,20,0.8353888698586115
LPAR6,20,0.8352053763967163
CASP8AP2,20,0.8346740425162908
PIK3C2A,20,0.8341925713436121
RABGGTB.2,20,0.831025702593452
DYRK2,20,0.830982214895282
PRKRIR,20,0.8307184097707991
PIKFYVE,20,0.8302600714201785
HDAC2,20,0.8301553459950004
ANKRA2,20,0.8297879910990629
PRKACB,20,0.8287019853363944
NAE1,20,0.8280502251515222
SEC23A,20,0.827279464913585
LEMD3,20,0.8266418803177454
BIRC3,20,0.8262398772863813
MDM1,20,0.825954928825651
THUMPD1,20,0.8256665690134061
UBA2,20,0.8255327225622745
CPOX,20,0.8252265001203261
ZNF571,20,0.8246989301875285
RB1CC1,20,0.8242016250925618
ANKRD10,20,0.8240340451012174
ARAP2,20,0.8238218292497483
VRK1,20,0.8236823655288995
VPS54,20,0.8231696389539799
PAQR3,20,0.8231141874985578
TMEM38B,20,0.8229520337779215
IMPA1,20,0.8226073231601647
LARP4,20,0.8211204639041285
TRIM52,20,0.8199928649733614
CLK4,20,0.8196790723493937
ZNF33B,20,0.8192000129870517
UFL1,20,0.8191492833677095
MINPP1,20,0.8190006384605708
ENPP4,20,0.8183531747009993
LZTFL1,20,0.8171803090595774
UBP1,20,0.8170609650786301
POLI,20,0.8162886301520987
DEK,20,0.8162529979352855
SIRT1,20,0.8162523176430123
SLTM,20,0.8156598200580082
CHORDC1,20,0.8156035432838862
CCDC90B,20,0.8155973084030027
RAP2C,20,0.8151126932544688
CLK1,20,0.8150829823220521
HSPA14,20,0.8141505841926655
UPF3B,20,0.8140679549804752
FASTKD3,20,0.8139686620782888
GIMAP6,20,0.813642886249698
FANCF,20,0.8132446860852283
YTHDC2,20,0.8128334357818832
CNIH1,20,0.8114649960129885
NHLRC2,20,0.8103161011131543
SLC25A32,20,0.8100787046365562
FBXO5,20,0.810061196993018
HS2ST1,20,0.8095744508911323
PPWD1,20,0.809414514181552
GOLGA8CP,20,0.8085296625179947
SLC30A9,20,0.8078496838487429
GALNT7,20,0.8075045905512978
MTERF3,20,0.8064830456507315
ANKRD12,20,0.8063613854791842
MTRR,20,0.8063008063221948
RRP15,20,0.8060612555300399
ANKRD49,20,0.805553257708528
TCERG1,20,0.8046415291693306
GGCT,20,0.8041507249427535
KRBOX4,20,0.8033186582614973
DNAJC9,20,0.8032255021647207
BET1,20,0.8016201665793221
DCK,20,0.8016060280932965
RANBP6,20,0.8015952002421666
RCBTB1,20,0.8015744416636591
ITGA4,20,0.8015116363712977
RBM7,20,0.8012390527778579
SUCLG2,20,0.8007447570089314
TPP2,20,0.7996404842085283
STAU2,20,0.7995205957340272
UBA5,20,0.7993425708181234
BTBD1,20,0.7988737690043731
MOB4,20,0.7983918910211083
MALT1,20,0.7978194176955782
ITGAV,20,0.797406017077499
ACKR3,20,0.797349563195763
TBC1D15,20,0.7973214548995258
CAPN7,20,0.7971481571522168
PSIP1,20,0.7966974120795642
GCC2,20,0.7965599691784454
FPGT,20,0.7961817287108206
MAGEH1,20,0.7957829903753793
ATAD2B,20,0.7957612733891624
FUBP3,20,0.7954600634523609
ZNF12,20,0.7933207094491317
COPB1,20,0.7931700204789585
SMC6,20,0.7931094434907038
HAUS6,20,0.7930499752990664
PEX2,20,0.7924397794366036
SLC19A2,20,0.7921716209252359
JRKL,20,0.7919634622310308
ESF1,20,0.7919029132756977
SPAG16,20,0.7915484292527418
ZNF146,20,0.7906066612571816
PTS,20,0.7905739914756676
ASNSD1,20,0.790010987163604
MTERF1,20,0.7897977546634835
MRPL3,20,0.7876738477589773
RAB21,20,0.7874751602026274
CD2AP,20,0.7866812032889177
RIOK2,20,0.7866501614251651
TDG,20,0.7863451194738615
YEATS4,20,0.7863176768415802
BNIP2,20,0.7860636509256332
C10orf88,20,0.78587606562243
TRMT13,20,0.7857232561551936
NAA16,20,0.7852286250692287
ZNF222,20,0.784680590322473
KLHL9,20,0.7843263898381085
SP3,20,0.7826157038631905
FXR1,20,0.7823324985539964
ICE1,20,0.7820468320070769
ACADM,20,0.7812657972341892
NEK4,20,0.7807787418727584
SGPP1,20,0.7807686438581732
PCMTD2,20,0.7804721498344618
NET1,20,0.7798767022633976
TASP1,20,0.7795516385276717
PRPF39,20,0.7793267830082278
TMEM123,20,0.7790930715418786
RRAS2,20,0.7789990425781509
TEFM,20,0.7789926241147019
XPO1,20,0.7787700218201666
PPP1R12A,20,0.778455374479232
NXT2,20,0.7780342043505082
GTF2E1,20,0.7775119229164438
REV1,20,0.7774519872154675
MIR1304,20,0.776802715003838
NUPL1,20,0.7762521895738117
ZBED5,20,0.7762129328520883
PRMT3,20,0.7760587337302645
PREPL,20,0.7754032409132338
TMA16,20,0.7750964334961564
TBK1,20,0.774915500520487
FAM179B,20,0.7747109544255155
TSPAN13,20,0.7743212691483005
MSMO1,20,0.7743125500901442
CCNG1,20,0.7739784437375622
CREBL2,20,0.7730363635024139
CHMP5,20,0.7727898499688924
FAM69A,20,0.7726087759117085
IQCB1,20,0.7712061476421103
ZNF204P,20,0.7707842896810758
USP1,20,0.7701910165228342
ARMCX5,20,0.7699899234652872
TVP23B,20,0.7697410380127971
STK39,20,0.7696498673518611
ARHGEF3,20,0.7696380145242853
MAD2L1,20,0.7696196454700509
WDR3,20,0.7695537353022712
ROCK1,20,0.769250048376412
PYROXD1,20,0.7687839639490589
ZNF529,20,0.7681929614738082
DHX15,20,0.767143229802781
BZW1,20,0.7668531361469126
ZNF273,20,0.7659382967441737
NAP1L3,20,0.7656940544840954
JMJD1C,20,0.7655030704822792
VCPKMT,20,0.7654481461816024
MAPKAPK5,20,0.7650692357505917
GOLGA6L4,20,0.7648930111972317
CBR4,20,0.7637696903737945
TAF1A,20,0.7632416947879903
ICE2,20,0.7626458333911582
MFF,20,0.7621328953210048
IPW.1,20,0.7618380425699219
DENR,20,0.761739342300081
MSH2,20,0.7596240404302355
MAPK6,20,0.7596020314490263
LTN1,20,0.7595378921295346
UBXN8,20,0.7594363173277495
ZNF83,20,0.7593304496375433
PMAIP1,20,0.7592308972818914
PIGK,20,0.7578808387310156
GSAP,20,0.75782689020236
FUT8,20,0.757663777810054
ANGEL2,20,0.7572571688205426
MTR,20,0.756067612143553
CDC7,20,0.754276189531362
TOB1,20,0.754115308927595
MTIF2,20,0.7519201622116369
AKAP7,20,0.7504994087802594
THAP1,20,0.7504355320253582
SLC30A1,20,0.7501108485322744
KLHL2,20,0.7494429912274239
MANEA,20,0.748676439720585
DNAJC24,20,0.7486725958728088
SACM1L,20,0.7479407802891609
PIBF1,20,0.7475198072053097
CSNK1G3,20,0.7474801861545632
SARAF,20,0.7471125653340087
CASP3,20,0.7468117754796495
SLMO2,20,0.7446144444384237
SUCLA2,20,0.7440527214000465
PCF11,20,0.7436888545484787
CENPC,20,0.7434081567778553
DMTF1,20,0.7416992104671811
MTMR6,20,0.7408993604413142
NARS,20,0.7393529798395939
ZNF267,20,0.7387794814024324
GPALPP1,20,0.7374006011089919
DLEU2.2,20,0.7363549611321675
APPL1,20,0.7362661296367113
ZNF322,20,0.7336298009679278
DPY19L2P2,20,0.7322798749561227
WWP1,20,0.7317792321315181
SLC25A46,20,0.7312852501892836
SPTSSA,20,0.7309823955601693
CLNS1A,20,0.7295945349174573
OPA1,20,0.7278585028131896
C6orf211,20,0.7255418098744522
DNAJC10,20,0.725121704362773
NAP1L2,20,0.7240932996848214
KCTD9,20,0.7214467923553628
S1PR1,20,0.7201679878786109
MSANTD2,20,0.7191134015781915
PTGER2,20,0.7182184146647835
ERI2,20,0.7173964096699152
MORC3,20,0.7159552682614319
TM9SF3,20,0.7128522733287984
UGDH,20,0.7123130927282889
SLC38A2,20,0.7083011005992632
TMEM106B,20,0.7071605695408193
ABHD3,20,0.7070877660897441
CCT6A,20,0.7068503661382939
BIRC2,20,0.7039335645261015
RALGAPA1.2,20,0.7037999766267801
ZBTB10,20,0.7002423158029579
DDX50,20,0.6976727062219568
TRMT61B,20,0.6960150140411101
ZFYVE16,20,0.6958893476096754
ZNF638.1,20,0.693100140416429
MYNN,20,0.6928116478574059
ZNF638.2,20,0.6917264408386229
ZNF85,20,0.6872982651873325
CDK8,20,0.6857121391191886
ANKRD36B,20,0.6853788062377266
TAF5,20,0.6850993581745639
SERPINI1,20,0.6849988991324953
GCH1,20,0.6848488100589039
DMXL1,20,0.6840742307690939
ZNF23,20,0.6833044610446336
HLTF,20,0.6787537839553738
TSPYL4,20,0.6761232051734344
ARL6IP1,20,0.6754869950685749
BBS10,20,0.6735022064927602
ZNF354A,20,0.6676184468982443
KANSL2,20,0.6669748979609377
NAT1,20,0.6658813442949483
LIPT1,20,0.665581212847699
BOLA2.3,20,0.6610744939342993
NAA50,20,0.6269251582044753
HDAC9,20,0.6137111505758387
ALPK1,21,0.8246139188979459
ADAT1,21,0.8084967366089788
DSERG1,21,0.8046330070447459
GUSBP3.2,21,0.7944350613574194
SCAF4,21,0.7925920288546269
EIF4A1.2,21,0.7886584929422013
TAPT1,21,0.7788974197344456
ZNF264,21,0.7777385748613136
SH2D3C,21,0.7714601187810377
DYM,21,0.7620001622053391
IPW.2,21,0.7529870610408546
RBBP5,21,0.7484431965860309
C4orf29,21,0.746160145182727
GLTSCR1L,21,0.7415388130977171
BC113958,21,0.7409390042571113
RP11-403P17.4,21,0.734731772732838
ZNF160,21,0.7311238102048576
RFWD3,21,0.7305682692829412
KIAA0754,21,0.7251423643310516
KIAA1731,21,0.7199858461815004
CLN8,21,0.7163318539663818
PCDHGA8,21,0.7149931336794857
SMIM14,21,0.7124932189687616
NME6,21,0.710367298310486
CYSLTR1,21,0.7094838673236967
UBQLN4,21,0.7072746462724638
KIF3B,21,0.7057303179050092
UHRF1BP1L,21,0.7053061856649357
N4BP2L2.2,21,0.7035408518835533
SKIL,21,0.7024228401089037
IPP,21,0.6915972842620431
FLCN,21,0.6910149684160851
ZNF652,21,0.6845965890398561
SLC35A3,21,0.6820397321441563
MINOS1P1,21,0.6810336217534636
TRAPPC10,21,0.6775022106860698
CPPED1,21,0.6752173624486486
ZBTB20,21,0.6749961800845292
ANP32A-IT1,21,0.6719997128831346
RNF125,21,0.6718575415036057
FBXW12,21,0.6691077034167805
VEZT,21,0.6678186260996425
LOC101929910.2,21,0.6659335134346872
FGD2,21,0.6586103696409278
MBTD1,21,0.6579245249552267
RALGPS2,21,0.6568535854870496
FAM49B,21,0.6533306923318657
CCDC30,21,0.6532587980062318
SND1-IT1,21,0.6527828394564879
LINC00597,21,0.6527353597551097
LRRC37A3,21,0.6516634009539279
CLTC-IT1,21,0.6509673130887431
LOC732360,21,0.6499345278763772
RNFT1.1,21,0.648610221254962
RUFY2,21,0.6481100786311299
LRCH3,21,0.6467670625420612
POLR1B,21,0.643417413522887
HELLS,21,0.6403424595838071
TRMT2B,21,0.6390792316839755
GSDMB,21,0.6384927909516465
TEP1,21,0.6253606578891387
ATP8B1,21,0.6251125554350727
C8orf44,21,0.6198641034640237
LOC101927181,21,0.6184912431035742
WNK1,21,0.6177800679267922
TMEM19,21,0.617642122599047
CCZ1B,21,0.6154678369795329
HYMAI,21,0.6081244790462494
GINS4,21,0.6053110147340556
KLHL28,21,0.6011178786939375
BTBD18,21,0.5991381802422049
LONRF1,21,0.5958513495783202
SLC4A8,21,0.5921490975649791
MZT2B,21,0.5892685122951751
ZNF562,21,0.5802049217188926
ELP6,21,0.5728852315779992
STAG3L3,21,0.5686974165638913
HNRNPM,21,0.5671990986671321
SLC26A2,21,0.5651907135092199
LARS,21,0.5650536008638958
RUNX1-IT1,21,0.556862232810345
ZNF721,21,0.5520710074581002
RP11-769O8.3,21,0.5400046969300026
POLR2J.2,21,0.5299446837878868
ID2.2,21,0.5247495255982455
SLC44A1,21,0.5166120278844872
ASB8,21,0.5145223118889668
ASXL2,21,0.5094428671607175
RABGAP1,21,0.5019987980507282
DKFZP586I1420,21,0.4978347983749136
NFAT5,21,0.4935596585365654
ADCK4,21,0.4918546954854273
ZBTB44,21,0.48335898392108717
TRIM66,21,0.4741386440650312
ID2.1,21,0.4737949004123637
ATG16L1,21,0.4232879628796198
TRA2A,21,0.4203946960628249
C1RL,21,0.38905844224006064
CXorf21,21,0.3774343675787634
RTN4,21,0.35268446294178185
