Gene_set,Term,P-value,Adjusted P-value,Old P-value,Old adjusted P-value,Odds Ratio,Combined Score,Genes
Reactome_2022,Other Interleukin Signaling R-HSA-449836,7.163596673187431e-05,0.04692155820937767,0,0,18.723320158102766,178.69374393003866,IL32;CSF1R;CD4;STXBP2;VAMP2
Reactome_2022,Generation Of Second Messenger Molecules R-HSA-202433,0.00020665040573344793,0.0676780078777042,0,0,13.36815358554489,113.42185918664175,ZAP70;CD4;PKN1;CD3E;CD101
MSigDB_Hallmark_2020,Mitotic Spindle,0.0036908121813080735,0.15025156417720553,0,0,3.2599629286376275,18.262014827922627,YWHAE;CLIP2;MAP1S;MID1IP1;ARFIP2;FLNA;MYO9B;RHOF;SPTAN1
MSigDB_Hallmark_2020,Allograft Rejection,0.007952117006634701,0.15025156417720553,0,0,2.4120394395433316,11.660563497899062,MAP4K1;CD74;ZAP70;HLA-DMA;CCND3;CD4;SPI1;CD7;FLNA;APBB1;CD3E;IL2RG
MSigDB_Hallmark_2020,Unfolded Protein Response,0.01073225458408611,0.15025156417720553,0,0,3.618279569892473,16.407094588437563,EXOSC10;BANF1;EEF2;SDAD1;ARFGAP1;RRP9
MSigDB_Hallmark_2020,Epithelial Mesenchymal Transition,0.016224562312997765,0.1703579042864765,0,0,2.677714285714286,11.035473748833644,IL32;TPM2;COL6A2;FLNA;PCOLCE;ITGA5;ENO2;RHOB
Reactome_2022,Membrane Trafficking R-HSA-199991,0.0008605328030421683,0.1878829953308734,0,0,2.4065126050420167,16.985066871324058,YWHAE;RAB5C;DCTN1;VPS37B;ARFGAP1;GAK;CD4;AP1G2;FCHO1;VPS51;HGS;TRAPPC12;ARFIP2;STX5;PIP5K1C;TBC1D17;SBF1;SPTAN1;VAMP2;TBC1D10B
Reactome_2022,Toxicity Of Botulinum Toxin Type F (botF) R-HSA-5250981,0.0026527260405426203,0.2094002836524632,0,0,inf,inf,SV2A;VAMP2
Reactome_2022,Toxicity Of Botulinum Toxin Type D (botD) R-HSA-5250955,0.0026527260405426203,0.2094002836524632,0,0,inf,inf,SV2A;VAMP2
Reactome_2022,trans-Golgi Network Vesicle Budding R-HSA-199992,0.002877255805911708,0.2094002836524632,0,0,6.227931488801054,36.43911822087843,GAK;RAB5C;AP1G2;HGS;VAMP2
Reactome_2022,Maturation Of Spike Protein R-HSA-9683686,0.0026527260405426203,0.2094002836524632,0,0,inf,inf,PRKCSH;MOGS
Reactome_2022,Vesicle-mediated Transport R-HSA-5653656,0.0015821171091552637,0.2094002836524632,0,0,2.2738799661876583,14.664232315564778,YWHAE;RAB5C;DCTN1;VPS37B;ARFGAP1;GAK;CD4;AP1G2;FCHO1;VPS51;HGS;TRAPPC12;ARFIP2;STX5;PIP5K1C;TBC1D17;SBF1;SPTAN1;VAMP2;TBC1D10B
Reactome_2022,Phospholipid Metabolism R-HSA-1483257,0.0022924466520152496,0.2094002836524632,0,0,3.5346385542168677,21.48401251704626,PLA2G15;PITPNM1;PRKCSH;CPNE3;PIP5K1C;PNPLA6;SBF1;PLD3;PNPLA2
Reactome_2022,Clathrin-mediated Endocytosis R-HSA-8856828,0.0036604353730718686,0.21242445636767876,0,0,3.580952380952381,20.08976302170295,GAK;CD4;RAB5C;FCHO1;HGS;PIP5K1C;ARFGAP1;VAMP2
Reactome_2022,Glycerophospholipid Biosynthesis R-HSA-1483206,0.005188994354019634,0.21242445636767876,0,0,4.318681318681318,22.72151251757203,PLA2G15;PITPNM1;PRKCSH;CPNE3;PLD3;PNPLA2
Reactome_2022,Translocation Of ZAP-70 To Immunological Synapse R-HSA-202430,0.004070730146302527,0.21242445636767876,0,0,13.935294117647059,76.69892374427197,ZAP70;CD4;CD3E
Reactome_2022,"Platelet Activation, Signaling And Aggregation R-HSA-76002",0.004345689166014936,0.21242445636767876,0,0,2.7712280701754386,15.071520399471003,LGALS3BP;DGKA;STXBP2;FLNA;CTSW;GTPBP2;PFN1;TLN1;DGKZ;RHOB;GNAI2
Reactome_2022,RHO GTPase Cycle R-HSA-9012999,0.005088402669314042,0.21242445636767876,0,0,2.4631020408163264,13.007127865333818,IL32;PRKCSH;MYO9B;RHOF;DEF6;RHOB;ZAP70;FMNL1;HGS;STX5;PKN1;ESYT1;SPTAN1
Reactome_2022,Assembly Of Collagen Fibrils And Other Multimeric Structures R-HSA-2022090,0.004596585213411224,0.21242445636767876,0,0,7.451968503937008,40.109785248209825,COL6A2;PCOLCE;COL9A2;PLEC
Reactome_2022,Signaling By Rho GTPases R-HSA-194315,0.004346487965318908,0.21242445636767876,0,0,2.2049566714652666,11.99140797167023,IL32;CENPT;YWHAE;PRKCSH;MYO9B;RHOF;DEF6;RHOB;ZAP70;FMNL1;HGS;FLNA;STX5;PKN1;ESYT1;PFN1;SPTAN1
Reactome_2022,"Signaling By Rho GTPases, Miro GTPases And RHOBTB3 R-HSA-9716542",0.005553076117534555,0.21395675629324315,0,0,2.144678629331428,11.138180962391983,IL32;CENPT;YWHAE;PRKCSH;MYO9B;RHOF;DEF6;RHOB;ZAP70;FMNL1;HGS;FLNA;STX5;PKN1;ESYT1;PFN1;SPTAN1
Reactome_2022,Insertion Of Tail-Anchored Proteins Into Endoplasmic Reticulum Membrane R-HSA-9609523,0.006266428069028464,0.2280283547340913,0,0,11.145882352941177,56.538031849294406,HMOX1;STX5;VAMP2
Reactome_2022,Neurotoxicity Of Clostridium Toxins R-HSA-168799,0.007686468162703961,0.22933872027819893,0,0,37.0390625,180.31704120064094,SV2A;VAMP2
Reactome_2022,Platelet Degranulation R-HSA-114608,0.0075533706807312485,0.22933872027819893,0,0,3.4522960788425245,16.867094811423545,LGALS3BP;STXBP2;FLNA;CTSW;GTPBP2;PFN1;TLN1
Reactome_2022,Synthesis Of PG R-HSA-1483148,0.007686468162703961,0.22933872027819893,0,0,37.0390625,180.31704120064094,PRKCSH;PLD3
Reactome_2022,Smooth Muscle Contraction R-HSA-445355,0.007702979917741033,0.22933872027819893,0,0,6.207349081364829,30.205879458396197,TPM2;ANXA6;PKN1;TLN1
Reactome_2022,Response To Elevated Platelet Cytosolic Ca2+ R-HSA-76005,0.008527422444357976,0.24284616091541192,0,0,3.3630605782000202,16.023194972618032,LGALS3BP;STXBP2;FLNA;CTSW;GTPBP2;PFN1;TLN1
Reactome_2022,Translation Of Structural Proteins R-HSA-9683701,0.00904448255764195,0.24683900313564489,0,0,9.286274509803922,43.69749676302237,PARP4;PRKCSH;MOGS
GO_Biological_Process_2023,Enzyme-Linked Receptor Protein Signaling Pathway (GO:0007167),0.00032708942603929794,0.2601996384142615,0,0,6.584462151394423,52.842132333892515,CSF1R;ZAP70;DOK2;LTK;CD4;CD7;CD3E
GO_Biological_Process_2023,Diacylglycerol Metabolic Process (GO:0046339),0.00021429711145050511,0.2601996384142615,0,0,24.876640419947506,210.1615184816229,PLA2G15;DGKA;DGKZ;PNPLA2
Reactome_2022,Lysosome Vesicle Biogenesis R-HSA-432720,0.012433781236184606,0.3132356426808045,0,0,7.957983193277311,34.91436379642762,AP1G2;HGS;VAMP2
Reactome_2022,Deregulated CDK5 Triggers Neurodegenerative Pathways In Alzheimers Disease Models R-HSA-8862803,0.012433781236184606,0.3132356426808045,0,0,7.957983193277311,34.91436379642762,YWHAE;CAPNS1;CDC25B
Reactome_2022,RHOU GTPase Cycle R-HSA-9013420,0.016453907425667495,0.37163135737283476,0,0,6.961764705882353,28.59330637006047,HGS;PKN1;SPTAN1
Reactome_2022,Defective Intrinsic Pathway For Apoptosis R-HSA-9734009,0.016453907425667495,0.37163135737283476,0,0,6.961764705882353,28.59330637006047,YWHAE;CAPNS1;CDC25B
Reactome_2022,Rab Regulation Of Trafficking R-HSA-9007101,0.015580136889395241,0.37163135737283476,0,0,3.2969187675070026,13.720979547391883,YWHAE;RAB5C;TRAPPC12;SBF1;TBC1D17;TBC1D10B
Reactome_2022,Collagen Chain Trimerization R-HSA-8948216,0.023912596190471078,0.3729226310656799,0,0,12.341145833333334,46.073815829598516,COL6A2;COL9A2
Reactome_2022,Pyrimidine Salvage R-HSA-73614,0.023912596190471078,0.3729226310656799,0,0,12.341145833333334,46.073815829598516,UPP1;UCKL1
Reactome_2022,Collagen Formation R-HSA-1474290,0.017436213766417474,0.3729226310656799,0,0,4.6515748031496065,18.83518453082329,COL6A2;PCOLCE;COL9A2;PLEC
Reactome_2022,Costimulation By CD28 Family R-HSA-388841,0.020687136948377743,0.3729226310656799,0,0,4.3770264011116256,16.975172768315275,CD4;PKN1;CD3E;MAP3K14
Reactome_2022,Transcriptional Regulation By VENTX R-HSA-8853884,0.02111625805372388,0.3729226310656799,0,0,6.186928104575164,23.867386862242792,CSF1R;VENTX;ANAPC2
Reactome_2022,Diseases Associated With N-glycosylation Of Proteins R-HSA-3781860,0.023912596190471078,0.3729226310656799,0,0,12.341145833333334,46.073815829598516,ALG3;MOGS
Reactome_2022,Interleukin-37 Signaling R-HSA-9008059,0.023912596190471078,0.3729226310656799,0,0,12.341145833333334,46.073815829598516,SIGIRR;PTPN7
Reactome_2022,Collagen Biosynthesis And Modifying Enzymes R-HSA-1650814,0.02111625805372388,0.3729226310656799,0,0,6.186928104575164,23.867386862242792,COL6A2;PCOLCE;COL9A2
Reactome_2022,SARS-CoV-1 Infection R-HSA-9678108,0.02111625805372388,0.3729226310656799,0,0,6.186928104575164,23.867386862242792,PARP4;PRKCSH;MOGS
Reactome_2022,Golgi Associated Vesicle Biogenesis R-HSA-432722,0.02111625805372388,0.3729226310656799,0,0,6.186928104575164,23.867386862242792,GAK;RAB5C;VAMP2
Reactome_2022,SEMA3A-Plexin Repulsion Signaling By Inhibiting Integrin Adhesion R-HSA-399955,0.023912596190471078,0.3729226310656799,0,0,12.341145833333334,46.073815829598516,PIP5K1C;TLN1
Reactome_2022,Uptake And Actions Of Bacterial Toxins R-HSA-5339562,0.02111625805372388,0.3729226310656799,0,0,6.186928104575164,23.867386862242792,SV2A;EEF2;VAMP2
Reactome_2022,Ephrin Signaling R-HSA-3928664,0.023912596190471078,0.3729226310656799,0,0,12.341145833333334,46.073815829598516,EPHB6;PKN1
Reactome_2022,mRNA Splicing - Major Pathway R-HSA-72163,0.026089476562167715,0.3846314250690711,0,0,2.6170517928286854,9.54235507465217,SF3B4;SF3A1;SF3A2;HNRNPUL1;PCBP1;RBM42;PRPF8
Reactome_2022,TBC/RABGAPs R-HSA-8854214,0.02642505973756977,0.3846314250690711,0,0,5.567058823529412,20.227588054715312,RAB5C;TBC1D17;TBC1D10B
Reactome_2022,RHO GTPases Activate PKNs R-HSA-5625740,0.02642505973756977,0.3846314250690711,0,0,5.567058823529412,20.227588054715312,YWHAE;PKN1;RHOB
Reactome_2022,PD-1 Signaling R-HSA-389948,0.03465993596448654,0.39828522906559094,0,0,9.25390625,31.11321377047951,CD4;CD3E
Reactome_2022,mRNA Splicing R-HSA-72172,0.030873292942143686,0.39828522906559094,0,0,2.5153233220962306,8.747951864043857,SF3B4;SF3A1;SF3A2;HNRNPUL1;PCBP1;RBM42;PRPF8
Reactome_2022,Metabolism Of Lipids R-HSA-556833,0.03363714556011661,0.39828522906559094,0,0,1.7461424544976831,5.923132251216641,SLC25A1;PRKCSH;MID1IP1;DHCR24;MED15;PLD3;PLA2G15;PITPNM1;CPTP;SCAP;CPNE3;PNPLA6;PIP5K1C;ESYT1;SBF1;PNPLA2
Reactome_2022,Ion Transport By P-type ATPases R-HSA-936837,0.032378291072257044,0.39828522906559094,0,0,5.059893048128342,17.356784700012597,ATP2A3;FXYD7;ATP13A2
Reactome_2022,RAC1 GTPase Cycle R-HSA-9013149,0.03233637956053785,0.39828522906559094,0,0,2.729965156794425,9.368045731782477,FMNL1;PRKCSH;MYO9B;ESYT1;PKN1;DEF6
Reactome_2022,CDC42 GTPase Cycle R-HSA-9013148,0.02869610589873574,0.39828522906559094,0,0,3.2118031893144336,11.405093367505241,FMNL1;PRKCSH;MYO9B;PKN1;DEF6
Reactome_2022,Citric Acid Cycle (TCA Cycle) R-HSA-71403,0.03465993596448654,0.39828522906559094,0,0,9.25390625,31.11321377047951,CS;OGDH
Reactome_2022,Phosphorylation Of CD3 And TCR Zeta Chains R-HSA-202427,0.03465993596448654,0.39828522906559094,0,0,9.25390625,31.11321377047951,CD4;CD3E
Reactome_2022,Semaphorin Interactions R-HSA-373755,0.02824131762907854,0.39828522906559094,0,0,3.9146290924160794,13.96336143805565,PIP5K1C;PKN1;TLN1;RHOB
Reactome_2022,Extracellular Matrix Organization R-HSA-1474244,0.030016095791735996,0.39828522906559094,0,0,2.2190868738110336,7.780166322808633,CAPNS1;COL6A2;PCOLCE;ITGA5;COL9A2;LTBP3;CTSD;CAPN15;PLEC
Reactome_2022,Cell-extracellular Matrix Interactions R-HSA-446353,0.03465993596448654,0.39828522906559094,0,0,9.25390625,31.11321377047951,TESK1;FLNA
Reactome_2022,Hemostasis R-HSA-109582,0.029567520937213203,0.39828522906559094,0,0,1.7781234807972777,6.260912866632081,LGALS3BP;CD74;DGKA;STXBP2;ATP2A3;CTSW;GTPBP2;DGKZ;GNAI2;RHOB;DOK2;FLNA;CEACAM21;ITGA5;PFN1;TLN1
Reactome_2022,Muscle Contraction R-HSA-397014,0.03542042612254007,0.4000065363838577,0,0,2.6643990929705215,8.900336222133344,TPM2;ANXA6;ATP2A3;FXYD7;PKN1;TLN1
Reactome_2022,RHOF GTPase Cycle R-HSA-9035034,0.03896851862103403,0.43261660503012356,0,0,4.637254901960785,15.04789759947484,MYO9B;RHOF;ESYT1
Reactome_2022,RHOA GTPase Cycle R-HSA-8980692,0.03969833905126316,0.43337353464295614,0,0,2.9088438735177866,9.385227475739157,PRKCSH;STX5;MYO9B;PKN1;DEF6
MSigDB_Hallmark_2020,Myc Targets V1,0.1007421567544558,0.4359432801079576,0,0,1.7744761904761905,4.072761657485687,YWHAE;SF3A1;TRIM28;PCBP1;POLD2;PSMD1;MCM5;RRP9
MSigDB_Hallmark_2020,Oxidative Phosphorylation,0.11566166801194264,0.4359432801079576,0,0,1.712183908045977,3.6933279454711103,CS;BCKDHA;GPI;OXA1L;POR;OGDH;TCIRG1;NDUFV1
MSigDB_Hallmark_2020,Apoptosis,0.1229621110468682,0.4359432801079576,0,0,1.7592333369225799,3.6871402268937614,GSTM1;HMOX1;HSPB1;ENO2;SPTAN1;CDC25B;RHOB
MSigDB_Hallmark_2020,p53 Pathway,0.05600611585648385,0.4359432801079576,0,0,2.0466849315068494,5.899148480803449,CCND3;DGKA;RHBDF2;HMOX1;UPP1;RALGDS;CTSD;DEF6
MSigDB_Hallmark_2020,Apical Junction,0.10627130814788052,0.4359432801079576,0,0,2.110132950053899,4.730411523967239,MAP4K2;ZYX;RHOF;PFN1;GNAI2
MSigDB_Hallmark_2020,Myc Targets V2,0.11248053661293583,0.4359432801079576,0,0,2.7776470588235296,6.069089605093202,NOP2;MCM5;RRP9
MSigDB_Hallmark_2020,Apical Surface,0.12455522288798788,0.4359432801079576,0,0,3.696875,7.700613191045198,HSPB1;IL2RG
MSigDB_Hallmark_2020,Adipogenesis,0.06351101255281619,0.4359432801079576,0,0,2.1051278755943965,5.8028733246443736,CS;SLC25A1;BCKDHA;POR;UCP2;ESYT1;PEX14
GO_Biological_Process_2023,Signal Release From Synapse (GO:0099643),0.0011361432752028356,0.4519009877119279,0,0,12.430446194225722,84.2798651906806,SNPH;STXBP2;PIP5K1C;VAMP2
GO_Biological_Process_2023,Positive Regulation Of Viral Life Cycle (GO:1903902),0.0011361432752028356,0.4519009877119279,0,0,12.430446194225722,84.2798651906806,CD74;CD4;VPS37B;LGALS9
MSigDB_Hallmark_2020,Myogenesis,0.1438123655476264,0.4646245656154083,0,0,1.7683295540438397,3.429225742217795,VIPR1;TPM2;COL6A2;LSP1;SPTAN1;PDLIM7
Reactome_2022,RMTs Methylate Histone Arginines R-HSA-3214858,0.04689564198004144,0.4725637768758022,0,0,7.4015625,22.64752690262655,SMARCB1;PRMT7
Reactome_2022,HIV Life Cycle R-HSA-162587,0.045783389011000285,0.4725637768758022,0,0,2.4851851851851854,7.6638984187680474,CD4;ERCC2;BANF1;TAF6;VPS37B;GTF2H4
Reactome_2022,Branched-chain Amino Acid Catabolism R-HSA-70895,0.04689564198004144,0.4725637768758022,0,0,7.4015625,22.64752690262655,BCKDHA;BCKDK
Reactome_2022,Early Phase Of HIV Life Cycle R-HSA-162594,0.04689564198004144,0.4725637768758022,0,0,7.4015625,22.64752690262655,CD4;BANF1
Reactome_2022,Deadenylation Of mRNA R-HSA-429947,0.04689564198004144,0.4725637768758022,0,0,7.4015625,22.64752690262655,CNOT1;CNOT3
MSigDB_Hallmark_2020,Reactive Oxygen Species Pathway,0.16042708930479307,0.4812812679143792,0,0,2.312745098039216,4.23212859245053,SBNO2;ERCC2;LSP1
GO_Biological_Process_2023,Ruffle Organization (GO:0031529),0.006266428069028464,0.48273116552851725,0,0,11.145882352941177,56.538031849294406,CSF1R;ARFIP2;CORO1B
GO_Biological_Process_2023,Positive Regulation Of Endothelial Cell Migration (GO:0010595),0.005500562911700296,0.48273116552851725,0,0,5.186649099692578,26.985641726988206,GPI;BCAS3;ZNF580;HSPB1;RHOB
GO_Biological_Process_2023,Golgi Organization (GO:0007030),0.004402278503799536,0.48273116552851725,0,0,4.492380952380953,24.374010480014384,GAK;BCAS3;VPS51;TRAPPC12;MYO18A;STX5
GO_Biological_Process_2023,Regulation Of Actin Nucleation (GO:0051125),0.004070730146302527,0.48273116552851725,0,0,13.935294117647059,76.69892374427197,RNH1;ARFIP2;CORO1B
GO_Biological_Process_2023,Regulation Of Actin Cytoskeleton Reorganization (GO:2000249),0.004070730146302527,0.48273116552851725,0,0,13.935294117647059,76.69892374427197,CSF1R;BCAS3;RNH1
GO_Biological_Process_2023,Cytosolic Transport (GO:0016482),0.003707202387992969,0.48273116552851725,0,0,4.680555555555555,26.199305627304838,GAK;VPS51;STX5;CORO7;TBC1D17;TBC1D10B
GO_Biological_Process_2023,Regulation Of Kinase Activity (GO:0043549),0.0036198176627131942,0.48273116552851725,0,0,5.837450592885376,32.81424562032757,CSF1R;SLC9A3R1;CD74;LTK;CD4
GO_Biological_Process_2023,Diacylglycerol Biosynthetic Process (GO:0006651),0.0026527260405426203,0.48273116552851725,0,0,inf,inf,PLA2G15;PNPLA2
GO_Biological_Process_2023,Regulation Of Viral Entry Into Host Cell (GO:0046596),0.011940621801276032,0.48273116552851725,0,0,5.318335208098987,23.54857300582207,CD74;CD4;LGALS9;LY6E
GO_Biological_Process_2023,Vacuolar Transport (GO:0007034),0.009671787191821104,0.48273116552851725,0,0,5.728649303452453,26.572581362105886,AP1G2;VPS51;ATP13A2;VPS37B
GO_Biological_Process_2023,Regulation Of Protein Localization (GO:0032880),0.0422857665733321,0.48273116552851725,0,0,3.378668575518969,10.687758310309318,TESK1;ATP13A2;CTSD;RAB11B
GO_Biological_Process_2023,Protein Phosphorylation (GO:0006468),0.042832410416802594,0.48273116552851725,0,0,1.7970588235294118,5.661562318983898,MAP4K1;EPHB6;GPI;CSF1R;MAP4K2;LTK;CDC25B;BCKDK;RPS6KA4;ZAP70;ATP13A2;TAF6;PKN1
GO_Biological_Process_2023,Regulation Of T Cell Differentiation (GO:0045580),0.03896851862103403,0.48273116552851725,0,0,4.637254901960785,15.04789759947484,ZAP70;SMARCB1;CLPTM1
GO_Biological_Process_2023,Protein Modification Process (GO:0036211),0.038104406736337804,0.48273116552851725,0,0,1.715251690458302,5.6044568398826256,MAP4K1;EPHB6;GPI;MAP4K2;LTK;PIGT;PARP4;ALG3;CDC25B;BCKDK;RPS6KA4;ZAP70;TAF6;PKN1;PTPN7;SBF1
GO_Biological_Process_2023,Negative Regulation Of Hydrolase Activity (GO:0051346),0.03896851862103403,0.48273116552851725,0,0,4.637254901960785,15.04789759947484,CST3;BCAS3;CST7
GO_Biological_Process_2023,Pyruvate Metabolic Process (GO:0006090),0.03896851862103403,0.48273116552851725,0,0,4.637254901960785,15.04789759947484,GPI;UCP2;ENO2
GO_Biological_Process_2023,Establishment Of Epithelial Cell Polarity (GO:0090162),0.03465993596448654,0.48273116552851725,0,0,9.25390625,31.11321377047951,SLC9A3R1;MYO18A
GO_Biological_Process_2023,Cortical Actin Cytoskeleton Organization (GO:0030866),0.03465993596448654,0.48273116552851725,0,0,9.25390625,31.11321377047951,FMNL1;FHOD1
GO_Biological_Process_2023,Clathrin Coat Assembly (GO:0048268),0.03465993596448654,0.48273116552851725,0,0,9.25390625,31.11321377047951,GAK;FCHO1
GO_Biological_Process_2023,Positive Regulation Of Viral Entry Into Host Cell (GO:0046598),0.03465993596448654,0.48273116552851725,0,0,9.25390625,31.11321377047951,CD74;LGALS9
GO_Biological_Process_2023,Positive Regulation By Symbiont Of Entry Into Host (GO:0075294),0.03465993596448654,0.48273116552851725,0,0,9.25390625,31.11321377047951,CD74;LGALS9
GO_Biological_Process_2023,Polyol Biosynthetic Process (GO:0046173),0.03465993596448654,0.48273116552851725,0,0,9.25390625,31.11321377047951,ISYNA1;PPIP5K1
GO_Biological_Process_2023,Xenobiotic Catabolic Process (GO:0042178),0.03465993596448654,0.48273116552851725,0,0,9.25390625,31.11321377047951,GSTM2;GSTM1
GO_Biological_Process_2023,Synaptic Vesicle Cycle (GO:0099504),0.03465993596448654,0.48273116552851725,0,0,9.25390625,31.11321377047951,PIP5K1C;VAMP2
GO_Biological_Process_2023,Regulation Of Microtubule Depolymerization (GO:0031114),0.03465993596448654,0.48273116552851725,0,0,9.25390625,31.11321377047951,MAP1S;MID1IP1
GO_Biological_Process_2023,Establishment Of Chromosome Localization (GO:0051303),0.04689564198004144,0.48273116552851725,0,0,7.4015625,22.64752690262655,MAP1S;TRAPPC12
GO_Biological_Process_2023,Cell-Substrate Junction Assembly (GO:0007044),0.04689564198004144,0.48273116552851725,0,0,7.4015625,22.64752690262655,TRIP6;PLEC
GO_Biological_Process_2023,Carboxylic Acid Catabolic Process (GO:0046395),0.03465993596448654,0.48273116552851725,0,0,9.25390625,31.11321377047951,BCKDK;RENBP
GO_Biological_Process_2023,Regulation Of Protein Transport (GO:0051223),0.04689564198004144,0.48273116552851725,0,0,7.4015625,22.64752690262655,RHBDF2;ATP13A2
GO_Biological_Process_2023,Regulation Of Platelet-Derived Growth Factor Receptor Signaling Pathway (GO:0010640),0.04689564198004144,0.48273116552851725,0,0,7.4015625,22.64752690262655,SLC9A3R1;HGS
GO_Biological_Process_2023,Regulation Of Potassium Ion Transmembrane Transporter Activity (GO:1901016),0.04689564198004144,0.48273116552851725,0,0,7.4015625,22.64752690262655,YWHAE;VAMP2
GO_Biological_Process_2023,Cardiac Muscle Cell Action Potential (GO:0086001),0.04689564198004144,0.48273116552851725,0,0,7.4015625,22.64752690262655,YWHAE;ATP1A1
GO_Biological_Process_2023,Regulation Of Cell-Cell Adhesion Mediated By Integrin (GO:0033632),0.04689564198004144,0.48273116552851725,0,0,7.4015625,22.64752690262655,PIEZO1;CD3E
GO_Biological_Process_2023,Regulation Of Bone Resorption (GO:0045124),0.04689564198004144,0.48273116552851725,0,0,7.4015625,22.64752690262655,CSF1R;SLC4A2
GO_Biological_Process_2023,Regulation Of Actin Filament Bundle Assembly (GO:0032231),0.04689564198004144,0.48273116552851725,0,0,7.4015625,22.64752690262655,FHOD1;PFN1
GO_Biological_Process_2023,Regulation Of Leukocyte Activation (GO:0002694),0.04689564198004144,0.48273116552851725,0,0,7.4015625,22.64752690262655,CD74;MYO18A
GO_Biological_Process_2023,Proteolysis (GO:0006508),0.0464889992585942,0.48273116552851725,0,0,2.0288866308607925,6.225718908747002,CAPNS1;CTRL;CTSW;PCOLCE;PCSK7;APEH;PEPD;CTSD;CAPN15
GO_Biological_Process_2023,Regulated Exocytosis (GO:0045055),0.04618365351799126,0.48273116552851725,0,0,4.279638009049774,13.160440506610131,PIP5K1C;VAMP2;RAB11B
GO_Biological_Process_2023,Proton Transmembrane Transport (GO:1902600),0.04618365351799126,0.48273116552851725,0,0,4.279638009049774,13.160440506610131,UCP2;TCIRG1;ATP1A1
GO_Biological_Process_2023,post-Golgi Vesicle-Mediated Transport (GO:0006892),0.04618365351799126,0.48273116552851725,0,0,4.279638009049774,13.160440506610131,AP1G2;CCDC22;CORO7
GO_Biological_Process_2023,Homotypic Cell-Cell Adhesion (GO:0034109),0.04618365351799126,0.48273116552851725,0,0,4.279638009049774,13.160440506610131,HSPB1;FLNA;TLN1
GO_Biological_Process_2023,Regulation Of Intracellular Protein Transport (GO:0033157),0.04618365351799126,0.48273116552851725,0,0,4.279638009049774,13.160440506610131,BCAS3;ATP13A2;VAMP2
GO_Biological_Process_2023,Organelle Organization (GO:0006996),0.04567042339327701,0.48273116552851725,0,0,1.9514448924731183,6.0227529211526045,CENPT;GAK;SLC9A3R1;BCAS3;VPS51;CFL1;MYO18A;TRAPPC12;SH3BGRL3;PEX14
GO_Biological_Process_2023,Regulation Of I-kappaB kinase/NF-kappaB Signaling (GO:0043122),0.04383094914541193,0.48273116552851725,0,0,2.0540699382897443,6.42392936124742,CD74;CD4;CANT1;HMOX1;FLNA;HSPB1;LGALS9;CCDC22;MAP3K14
GO_Biological_Process_2023,Vesicle-Mediated Transport (GO:0016192),0.0432427757981272,0.48273116552851725,0,0,1.9724108658743633,6.1951947825776355,RAB5C;AP1G2;VPS51;MGRN1;HGS;STXBP2;TNFAIP2;STX5;VAMP2;RHOB
GO_Biological_Process_2023,Regulation Of Enamel Mineralization (GO:0070173),0.05159978380487482,0.48273116552851725,0,0,inf,inf,SLC4A2
GO_Biological_Process_2023,Positive Regulation Of Intracellular Signal Transduction (GO:1902533),0.050436350540389356,0.48273116552851725,0,0,1.7093889716840536,5.106018572389415,MAP4K1;CD74;CANT1;SLC9A3R1;CD4;DOK2;TRIP6;FLNA;HMOX1;LGALS9;CCDC22;CORO7;MAP3K14;HLA-DRB1
GO_Biological_Process_2023,mRNA Processing (GO:0006397),0.049615587191934464,0.48273116552851725,0,0,2.43064182194617,7.30031175550095,SF3B4;SF3A1;SF3A2;RBM42;DDX41;PRPF8
GO_Biological_Process_2023,Nuclear Chromosome Segregation (GO:0098813),0.04689564198004144,0.48273116552851725,0,0,7.4015625,22.64752690262655,MAP1S;TRAPPC12
GO_Biological_Process_2023,Negative Regulation Of Calcium Ion Transmembrane Transporter Activity (GO:1901020),0.04689564198004144,0.48273116552851725,0,0,7.4015625,22.64752690262655,YWHAE;GSTM2
GO_Biological_Process_2023,Mitochondrial Calcium Ion Homeostasis (GO:0051560),0.04689564198004144,0.48273116552851725,0,0,7.4015625,22.64752690262655,ANXA6;MICU1
GO_Biological_Process_2023,Regulation Of T Cell Differentiation In Thymus (GO:0033081),0.04689564198004144,0.48273116552851725,0,0,7.4015625,22.64752690262655,TESPA1;CLPTM1
GO_Biological_Process_2023,Protein Targeting To Vacuole (GO:0006623),0.04689564198004144,0.48273116552851725,0,0,7.4015625,22.64752690262655,HGS;VPS37B
GO_Biological_Process_2023,Positive Regulation Of Cell Adhesion Mediated By Integrin (GO:0033630),0.04689564198004144,0.48273116552851725,0,0,7.4015625,22.64752690262655,PIEZO1;CD3E
GO_Biological_Process_2023,Organelle Transport Along Microtubule (GO:0072384),0.04689564198004144,0.48273116552851725,0,0,7.4015625,22.64752690262655,MAP1S;PEX14
GO_Biological_Process_2023,Organelle Membrane Fusion (GO:0090174),0.04689564198004144,0.48273116552851725,0,0,7.4015625,22.64752690262655,STX5;VAMP2
GO_Biological_Process_2023,"Wound Healing, Spreading Of Cells (GO:0044319)",0.04689564198004144,0.48273116552851725,0,0,7.4015625,22.64752690262655,FLNA;ITGA5
GO_Biological_Process_2023,Negative Regulation Of NLRP3 Inflammasome Complex Assembly (GO:1900226),0.05159978380487482,0.48273116552851725,0,0,inf,inf,CPTP
GO_Biological_Process_2023,"Negative Regulation Of CD8-positive, Alpha-Beta T Cell Activation (GO:2001186)",0.05159978380487482,0.48273116552851725,0,0,inf,inf,SLC4A2
GO_Biological_Process_2023,Lipid Droplet Organization (GO:0034389),0.04689564198004144,0.48273116552851725,0,0,7.4015625,22.64752690262655,CIDEB;PNPLA2
GO_Biological_Process_2023,"Negative Regulation Of CD4-positive, Alpha-Beta T Cell Proliferation (GO:2000562)",0.05159978380487482,0.48273116552851725,0,0,inf,inf,LGALS9
GO_Biological_Process_2023,Embryonic Heart Tube Development (GO:0035050),0.05159978380487482,0.48273116552851725,0,0,inf,inf,CITED2
GO_Biological_Process_2023,Gland Morphogenesis (GO:0022612),0.05159978380487482,0.48273116552851725,0,0,inf,inf,SLC9A3R1
GO_Biological_Process_2023,"Wound Healing, Spreading Of Epidermal Cells (GO:0035313)",0.05159978380487482,0.48273116552851725,0,0,inf,inf,ITGA5
GO_Biological_Process_2023,Transmembrane Receptor Protein Tyrosine Kinase Signaling Pathway (GO:0007169),0.026576694416136148,0.48273116552851725,0,0,2.415483870967742,8.762700590448715,EPHB6;CSF1R;ZAP70;CD4;LTK;DOK2;CD7;CD3E
GO_Biological_Process_2023,Stress-Activated MAPK Cascade (GO:0051403),0.05400763511255567,0.48273116552851725,0,0,3.973109243697479,11.596035241685165,MAP4K1;MAP4K2;LGALS9
GO_Biological_Process_2023,Acylglycerol Biosynthetic Process (GO:0046463),0.03465993596448654,0.48273116552851725,0,0,9.25390625,31.11321377047951,PLA2G15;PNPLA2
GO_Biological_Process_2023,Response To Manganese Ion (GO:0010042),0.05159978380487482,0.48273116552851725,0,0,inf,inf,ATP13A2
GO_Biological_Process_2023,Delamination (GO:0060232),0.05159978380487482,0.48273116552851725,0,0,inf,inf,SPI1
GO_Biological_Process_2023,Response To Caffeine (GO:0031000),0.05159978380487482,0.48273116552851725,0,0,inf,inf,GSTM2
GO_Biological_Process_2023,Cellular Response To Caffeine (GO:0071313),0.05159978380487482,0.48273116552851725,0,0,inf,inf,GSTM2
GO_Biological_Process_2023,Regulation Of Sequestering Of Calcium Ion (GO:0051282),0.05159978380487482,0.48273116552851725,0,0,inf,inf,ANXA6
GO_Biological_Process_2023,Regulation Of Protein Depolymerization (GO:1901879),0.05159978380487482,0.48273116552851725,0,0,inf,inf,MAP1S
GO_Biological_Process_2023,Regulation Of Opsonization (GO:1903027),0.05159978380487482,0.48273116552851725,0,0,inf,inf,MYO18A
GO_Biological_Process_2023,Acidic Amino Acid Transport (GO:0015800),0.05159978380487482,0.48273116552851725,0,0,inf,inf,SLC9A3R1
GO_Biological_Process_2023,Acid Secretion (GO:0046717),0.05159978380487482,0.48273116552851725,0,0,inf,inf,SLC9A3R1
GO_Biological_Process_2023,Regulation Of Endocytic Recycling (GO:2001135),0.05159978380487482,0.48273116552851725,0,0,inf,inf,RAB11B
GO_Biological_Process_2023,Protein Localization To Membrane (GO:0072657),0.05363953110399424,0.48273116552851725,0,0,2.378419452887538,6.957992288379964,GAK;SLC9A3R1;HGS;ABHD17A;FLNA;RAB11B
GO_Biological_Process_2023,Regulation Of Cell Motility (GO:2000145),0.05348060330924218,0.48273116552851725,0,0,3.095800524934383,9.06585446694289,CSF1R;FLNA;PKN1;RHOB
GO_Biological_Process_2023,Small GTPase Mediated Signal Transduction (GO:0007264),0.05348060330924218,0.48273116552851725,0,0,3.095800524934383,9.06585446694289,RASSF1;DOK2;ARFIP2;RALGDS
GO_Biological_Process_2023,Protein-Containing Complex Organization (GO:0043933),0.05295273032981842,0.48273116552851725,0,0,2.657820440429136,7.809621691771443,SLC9A3R1;CD74;CD3E;VAMP2;PEX14
GO_Biological_Process_2023,Regulation Of Blood Vessel Remodeling (GO:0060312),0.05159978380487482,0.48273116552851725,0,0,inf,inf,CST3
GO_Biological_Process_2023,Regulation Of Animal Organ Morphogenesis (GO:2000027),0.05159978380487482,0.48273116552851725,0,0,inf,inf,CITED2
GO_Biological_Process_2023,"Regulation Of CD8-positive, Alpha-Beta T Cell Differentiation (GO:0043376)",0.05159978380487482,0.48273116552851725,0,0,inf,inf,SLC4A2
GO_Biological_Process_2023,Positive Regulation Of Tooth Mineralization (GO:0070172),0.05159978380487482,0.48273116552851725,0,0,inf,inf,SLC4A2
GO_Biological_Process_2023,Positive Regulation Of Ryanodine-Sensitive Calcium-Release Channel Activity (GO:0060316),0.05159978380487482,0.48273116552851725,0,0,inf,inf,GSTM2
GO_Biological_Process_2023,Positive Regulation Of Opsonization (GO:1903028),0.05159978380487482,0.48273116552851725,0,0,inf,inf,MYO18A
GO_Biological_Process_2023,Positive Regulation Of Cell Migration By Vascular Endothelial Growth Factor Signaling Pathway (GO:0038089),0.05159978380487482,0.48273116552851725,0,0,inf,inf,HSPB1
GO_Biological_Process_2023,Peptidyl-Tyrosine Autophosphorylation (GO:0038083),0.05159978380487482,0.48273116552851725,0,0,inf,inf,LTK
GO_Biological_Process_2023,Peptidyl-Arginine Modification (GO:0018195),0.05159978380487482,0.48273116552851725,0,0,inf,inf,PRMT7
GO_Biological_Process_2023,Negative Regulation Of Transcription From RNA Polymerase II Promoter In Response To Stress (GO:0097201),0.05159978380487482,0.48273116552851725,0,0,inf,inf,CITED2
GO_Biological_Process_2023,Negative Regulation Of Sequestering Of Triglyceride (GO:0010891),0.05159978380487482,0.48273116552851725,0,0,inf,inf,PNPLA2
GO_Biological_Process_2023,Negative Regulation Of Receptor Binding (GO:1900121),0.05159978380487482,0.48273116552851725,0,0,inf,inf,ATP2A3
GO_Biological_Process_2023,Positive Regulation Of Actin Filament Bundle Assembly (GO:0032233),0.05400763511255567,0.48273116552851725,0,0,3.973109243697479,11.596035241685165,FHOD1;TESK1;PFN1
GO_Biological_Process_2023,Phosphatidylinositol Metabolic Process (GO:0046488),0.05400763511255567,0.48273116552851725,0,0,3.973109243697479,11.596035241685165,CSF1R;PITPNM1;PIP5K1C
GO_Biological_Process_2023,Hexose Biosynthetic Process (GO:0019319),0.05400763511255567,0.48273116552851725,0,0,3.973109243697479,11.596035241685165,SLC25A1;GPI;ENO2
GO_Biological_Process_2023,rRNA 3'-End Processing (GO:0031125),0.023912596190471078,0.48273116552851725,0,0,12.341145833333334,46.073815829598516,EXOSC10;ERI3
GO_Biological_Process_2023,Platelet Aggregation (GO:0070527),0.02642505973756977,0.48273116552851725,0,0,5.567058823529412,20.227588054715312,HSPB1;FLNA;TLN1
GO_Biological_Process_2023,Neurotransmitter Secretion (GO:0007269),0.002466888532183332,0.48273116552851725,0,0,9.318897637795276,55.958094412418966,SNPH;STXBP2;PIP5K1C;VAMP2
GO_Biological_Process_2023,Positive Regulation Of Protein Localization To Nucleus (GO:1900182),0.03255736233648307,0.48273116552851725,0,0,3.7181102362204723,12.733604539865855,TRIM28;MEPCE;TESK1;FLNA
GO_Biological_Process_2023,Regulation Of Organelle Assembly (GO:1902115),0.03255736233648307,0.48273116552851725,0,0,3.7181102362204723,12.733604539865855,IFT140;TRAPPC12;TBC1D17;TBC1D10B
GO_Biological_Process_2023,Peptidyl-Tyrosine Phosphorylation (GO:0018108),0.032378291072257044,0.48273116552851725,0,0,5.059893048128342,17.356784700012597,ZAP70;CSF1R;LTK
GO_Biological_Process_2023,Gluconeogenesis (GO:0006094),0.032378291072257044,0.48273116552851725,0,0,5.059893048128342,17.356784700012597,SLC25A1;GPI;ENO2
GO_Biological_Process_2023,Synaptic Vesicle Endocytosis (GO:0048488),0.032378291072257044,0.48273116552851725,0,0,5.059893048128342,17.356784700012597,GAK;PIP5K1C;VAMP2
GO_Biological_Process_2023,Regulation Of Stem Cell Population Maintenance (GO:2000036),0.032378291072257044,0.48273116552851725,0,0,5.059893048128342,17.356784700012597,SMARCB1;CNOT1;CNOT3
GO_Biological_Process_2023,Carbohydrate Catabolic Process (GO:0016052),0.032378291072257044,0.48273116552851725,0,0,5.059893048128342,17.356784700012597,GPI;UCP2;ENO2
GO_Biological_Process_2023,Rho Protein Signal Transduction (GO:0007266),0.032378291072257044,0.48273116552851725,0,0,5.059893048128342,17.356784700012597,CFL1;MYO9B;RHOB
GO_Biological_Process_2023,"RNA Splicing, Via Transesterification Reactions With Bulged Adenosine As Nucleophile (GO:0000377)",0.03233637956053785,0.48273116552851725,0,0,2.729965156794425,9.368045731782477,SF3B4;SF3A1;SF3A2;RBM42;DDX41;PRPF8
GO_Biological_Process_2023,Intracellular Calcium Ion Homeostasis (GO:0006874),0.032117728193677295,0.48273116552851725,0,0,3.104084321475626,10.672919390459054,YWHAE;ATP2A3;ANXA6;ATP13A2;MICU1
GO_Biological_Process_2023,Wound Healing (GO:0042060),0.02824131762907854,0.48273116552851725,0,0,3.9146290924160794,13.96336143805565,ANXA6;HMOX1;CORO1B;PLEC
GO_Biological_Process_2023,RNA Processing (GO:0006396),0.026705911969091306,0.48273116552851725,0,0,2.871184371184371,10.401928630192549,SF3B4;SF3A1;EXOSC10;SF3A2;HNRNPUL1;PRPF8
GO_Biological_Process_2023,Positive Regulation Of I-kappaB kinase/NF-kappaB Signaling (GO:0043123),0.026576694416136148,0.48273116552851725,0,0,2.415483870967742,8.762700590448715,CD74;CD4;CANT1;HMOX1;FLNA;LGALS9;CCDC22;MAP3K14
GO_Biological_Process_2023,Hepoxilin Metabolic Process (GO:0051121),0.023912596190471078,0.48273116552851725,0,0,12.341145833333334,46.073815829598516,GSTM2;GSTM1
GO_Biological_Process_2023,Neutrophil Mediated Immunity (GO:0002446),0.023912596190471078,0.48273116552851725,0,0,12.341145833333334,46.073815829598516,STXBP2;VAMP2
GO_Biological_Process_2023,Negative Regulation Of Platelet-Derived Growth Factor Receptor Signaling Pathway (GO:0010642),0.023912596190471078,0.48273116552851725,0,0,12.341145833333334,46.073815829598516,SLC9A3R1;HGS
GO_Biological_Process_2023,Myeloid Leukocyte Differentiation (GO:0002573),0.0017377429641790892,0.48273116552851725,0,0,4.695219123505976,29.838907053525553,CSF1R;SBNO2;CD4;SPI1;UCP2;SLC4A2;LGALS9
GO_Biological_Process_2023,Regulation Of Peptidase Activity (GO:0052547),0.02642505973756977,0.48273116552851725,0,0,5.567058823529412,20.227588054715312,CST3;ATP13A2;CST7
GO_Biological_Process_2023,T Cell Differentiation (GO:0030217),0.02642505973756977,0.48273116552851725,0,0,5.567058823529412,20.227588054715312,ZAP70;CD4;SPI1
GO_Biological_Process_2023,"mRNA Splicing, Via Spliceosome (GO:0000398)",0.026089476562167715,0.48273116552851725,0,0,2.6170517928286854,9.54235507465217,SF3B4;SF3A1;PRMT7;SF3A2;RBM42;DDX41;PRPF8
GO_Biological_Process_2023,Regulation Of Bone Remodeling (GO:0046850),0.023912596190471078,0.48273116552851725,0,0,12.341145833333334,46.073815829598516,CSF1R;SLC4A2
GO_Biological_Process_2023,Establishment Of Protein Localization To Vacuole (GO:0072666),0.023912596190471078,0.48273116552851725,0,0,12.341145833333334,46.073815829598516,HGS;VPS37B
GO_Biological_Process_2023,Hepoxilin Biosynthetic Process (GO:0051122),0.023912596190471078,0.48273116552851725,0,0,12.341145833333334,46.073815829598516,GSTM2;GSTM1
GO_Biological_Process_2023,Cellular Response To Estrogen Stimulus (GO:0071391),0.023912596190471078,0.48273116552851725,0,0,12.341145833333334,46.073815829598516,BCAS3;PELP1
GO_Biological_Process_2023,Lipoprotein Catabolic Process (GO:0042159),0.023912596190471078,0.48273116552851725,0,0,12.341145833333334,46.073815829598516,ABHD17A;CTSD
GO_Biological_Process_2023,Membrane Organization (GO:0061024),0.02183897537938896,0.48273116552851725,0,0,2.727257636122178,10.429194228919561,SLC9A3R1;HGS;CPTP;PIP5K1C;VPS37B;ESYT1;VAMP2
GO_Biological_Process_2023,Regulation Of Mast Cell Degranulation (GO:0043304),0.023912596190471078,0.48273116552851725,0,0,12.341145833333334,46.073815829598516,STXBP2;LGALS9
GO_Biological_Process_2023,Regulation Of Monocyte Differentiation (GO:0045655),0.023912596190471078,0.48273116552851725,0,0,12.341145833333334,46.073815829598516,CD74;CD4
GO_Biological_Process_2023,Branched-Chain Amino Acid Catabolic Process (GO:0009083),0.023912596190471078,0.48273116552851725,0,0,12.341145833333334,46.073815829598516,BCKDHA;BCKDK
GO_Biological_Process_2023,Lysosomal Transport (GO:0007041),0.007064342722136312,0.48273116552851725,0,0,4.008503401360544,19.85289595648817,GAK;VPS51;HGS;MGRN1;ATP13A2;RHOB
GO_Biological_Process_2023,Positive Regulation Of Epithelial Cell Migration (GO:0010634),0.006661127490581779,0.48273116552851725,0,0,4.912627418348242,24.619467812036962,GPI;BCAS3;ZNF580;PFN1;RHOB
GO_Biological_Process_2023,Positive Regulation Of Cell-Cell Adhesion Mediated By Integrin (GO:0033634),0.0148502775386458,0.48273116552851725,0,0,18.515625,77.94590653840339,PIEZO1;CD3E
GO_Biological_Process_2023,Neutrophil Degranulation (GO:0043312),0.0148502775386458,0.48273116552851725,0,0,18.515625,77.94590653840339,STXBP2;VAMP2
GO_Biological_Process_2023,Endomembrane System Organization (GO:0010256),0.021767494395199708,0.48273116552851725,0,0,3.027670527670528,11.58791696256853,GAK;SLC9A3R1;BCAS3;VPS51;TRAPPC12;MYO18A
GO_Biological_Process_2023,Glycolytic Process (GO:0006096),0.02111625805372388,0.48273116552851725,0,0,6.186928104575164,23.867386862242792,GPI;UCP2;ENO2
GO_Biological_Process_2023,Synaptic Vesicle Exocytosis (GO:0016079),0.02111625805372388,0.48273116552851725,0,0,6.186928104575164,23.867386862242792,SNPH;PIP5K1C;VAMP2
GO_Biological_Process_2023,Acylglycerol Metabolic Process (GO:0006639),0.02111625805372388,0.48273116552851725,0,0,6.186928104575164,23.867386862242792,DGKA;DGKZ;PNPLA2
GO_Biological_Process_2023,U2-type Prespliceosome Assembly (GO:1903241),0.02111625805372388,0.48273116552851725,0,0,6.186928104575164,23.867386862242792,SF3B4;SF3A1;SF3A2
GO_Biological_Process_2023,"Retrograde Transport, Endosome To Golgi (GO:0042147)",0.020687136948377743,0.48273116552851725,0,0,4.3770264011116256,16.975172768315275,VPS51;STX5;TBC1D17;TBC1D10B
GO_Biological_Process_2023,Regulation Of Endothelial Cell Migration (GO:0010594),0.020687136948377743,0.48273116552851725,0,0,4.3770264011116256,16.975172768315275,GPI;BCAS3;ZNF580;RHOB
GO_Biological_Process_2023,T Cell Activation (GO:0042110),0.017486436040636877,0.48273116552851725,0,0,3.2020408163265306,12.956513118208886,ZAP70;CD74;CD4;CD7;CEACAM21;CD3E
GO_Biological_Process_2023,Vesicle-Mediated Transport To The Plasma Membrane (GO:0098876),0.017436213766417474,0.48273116552851725,0,0,4.6515748031496065,18.83518453082329,VPS51;HGS;CCDC22;RAB11B
GO_Biological_Process_2023,Regulation Of Arp2/3 Complex-Mediated Actin Nucleation (GO:0034315),0.016453907425667495,0.48273116552851725,0,0,6.961764705882353,28.59330637006047,RNH1;ARFIP2;CORO1B
GO_Biological_Process_2023,Positive Regulation Of Lymphocyte Differentiation (GO:0045621),0.016453907425667495,0.48273116552851725,0,0,6.961764705882353,28.59330637006047,ZAP70;SMARCB1;SPI1
GO_Biological_Process_2023,Positive Regulation Of Cell-Cell Adhesion (GO:0022409),0.016453907425667495,0.48273116552851725,0,0,6.961764705882353,28.59330637006047,CITED2;PIEZO1;CD3E
GO_Biological_Process_2023,Response To Estrogen (GO:0043627),0.016453907425667495,0.48273116552851725,0,0,6.961764705882353,28.59330637006047,BCAS3;CITED2;PELP1
GO_Biological_Process_2023,Clathrin-Dependent Endocytosis (GO:0072583),0.016453907425667495,0.48273116552851725,0,0,6.961764705882353,28.59330637006047,GAK;FCHO1;PIP5K1C
GO_Biological_Process_2023,Protein-Containing Complex Assembly (GO:0065003),0.015307820497387685,0.48273116552851725,0,0,2.2761489522623126,9.51291744168043,CENPT;GAK;SLC9A3R1;CD74;FCHO1;TESPA1;MID1IP1;TRAPPC12;CD3E;VAMP2;PEX14
GO_Biological_Process_2023,Positive Regulation Of Protein Transport (GO:0051222),0.015085795255091431,0.48273116552851725,0,0,3.885046113306983,16.29388996296162,BCAS3;MYO18A;ATP13A2;APBB1;VAMP2
GO_Biological_Process_2023,Regulation Of Cilium Assembly (GO:1902017),0.009671787191821104,0.48273116552851725,0,0,5.728649303452453,26.572581362105886,IFT140;TESK1;TBC1D17;TBC1D10B
GO_Biological_Process_2023,Endosomal Transport (GO:0016197),0.009590828300656568,0.48273116552851725,0,0,3.2782868525896416,15.234028606921273,VPS51;HGS;STX5;CCDC22;TBC1D17;TBC1D10B;RAB11B
GO_Biological_Process_2023,Ras Protein Signal Transduction (GO:0007265),0.009386877327644642,0.48273116552851725,0,0,3.7396825396825397,17.4584932564284,RASSF1;DOK2;CFL1;MYO9B;RALGDS;RHOB
GO_Biological_Process_2023,Macrophage Differentiation (GO:0030225),0.00904448255764195,0.48273116552851725,0,0,9.286274509803922,43.69749676302237,CSF1R;CD4;UCP2
GO_Biological_Process_2023,Organonitrogen Compound Catabolic Process (GO:1901565),0.007982996553369235,0.48273116552851725,0,0,4.66600790513834,22.538877897990453,PLA2G15;BCKDK;CTRL;RENBP;NAALADL1
GO_Biological_Process_2023,mRNA Metabolic Process (GO:0016071),0.007982996553369235,0.48273116552851725,0,0,4.66600790513834,22.538877897990453,SF3B4;SF3A1;RNH1;SF3A2;PRPF8
GO_Biological_Process_2023,Regulation Of Chemokine Production (GO:0032642),0.007982996553369235,0.48273116552851725,0,0,4.66600790513834,22.538877897990453,SIGIRR;CSF1R;CD74;HMOX1;LGALS9
GO_Biological_Process_2023,Endocytic Recycling (GO:0032456),0.007702979917741033,0.48273116552851725,0,0,6.207349081364829,30.205879458396197,VPS51;HGS;CCDC22;RAB11B
GO_Biological_Process_2023,Positive Regulation Of Monocyte Differentiation (GO:0045657),0.007686468162703961,0.48273116552851725,0,0,37.0390625,180.31704120064094,CD74;CD4
GO_Biological_Process_2023,Negative Regulation Of Myeloid Leukocyte Mediated Immunity (GO:0002887),0.007686468162703961,0.48273116552851725,0,0,37.0390625,180.31704120064094,SPI1;LGALS9
GO_Biological_Process_2023,Negative Regulation Of Alpha-Beta T Cell Proliferation (GO:0046642),0.007686468162703961,0.48273116552851725,0,0,37.0390625,180.31704120064094,LGALS9;SLC4A2
GO_Biological_Process_2023,Intermembrane Lipid Transfer (GO:0120009),0.007686468162703961,0.48273116552851725,0,0,37.0390625,180.31704120064094,CPTP;ESYT1
GO_Biological_Process_2023,Positive Regulation Of T Cell Activation (GO:0050870),0.012208861351341893,0.48273116552851725,0,0,3.5044642857142856,15.439244204204247,ZAP70;HLA-DMA;SMARCB1;FCHO1;LGALS9;CD3E
GO_Biological_Process_2023,Positive Regulation Of Kinase Activity (GO:0033674),0.011940621801276032,0.48273116552851725,0,0,5.318335208098987,23.54857300582207,CSF1R;CD74;LTK;CD4
GO_Biological_Process_2023,Exonucleolytic Trimming Involved In rRNA Processing (GO:0000459),0.0148502775386458,0.48273116552851725,0,0,18.515625,77.94590653840339,EXOSC10;ERI3
GO_Biological_Process_2023,Branched-Chain Amino Acid Metabolic Process (GO:0009081),0.0148502775386458,0.48273116552851725,0,0,18.515625,77.94590653840339,BCKDHA;BCKDK
GO_Biological_Process_2023,Negative Regulation Of Leukocyte Degranulation (GO:0043301),0.0148502775386458,0.48273116552851725,0,0,18.515625,77.94590653840339,SPI1;LGALS9
GO_Biological_Process_2023,mRNA 3'-Splice Site Recognition (GO:0000389),0.0148502775386458,0.48273116552851725,0,0,18.515625,77.94590653840339,SF3A1;SF3A2
GO_Biological_Process_2023,Inositol Metabolic Process (GO:0006020),0.0148502775386458,0.48273116552851725,0,0,18.515625,77.94590653840339,ISYNA1;PPIP5K1
GO_Biological_Process_2023,Vesicle-Mediated Transport In Synapse (GO:0099003),0.0148502775386458,0.48273116552851725,0,0,18.515625,77.94590653840339,PIP5K1C;VAMP2
GO_Biological_Process_2023,Glycerolipid Metabolic Process (GO:0046486),0.0148502775386458,0.48273116552851725,0,0,18.515625,77.94590653840339,PLA2G15;DGKZ
GO_Biological_Process_2023,"Exonucleolytic Trimming To Generate Mature 3'-End Of 5.8S rRNA From Tricistronic rRNA Transcript (SSU-rRNA, 5.8S rRNA, LSU-rRNA) (GO:0000467)",0.0148502775386458,0.48273116552851725,0,0,18.515625,77.94590653840339,EXOSC10;ERI3
GO_Biological_Process_2023,Phosphorylation (GO:0016310),0.012469398383087953,0.48273116552851725,0,0,2.1736319306483654,9.530240870515806,MAP4K1;EPHB6;GPI;MAP4K2;LTK;DGKA;DGKZ;CDC25B;BCKDK;RPS6KA4;ZAP70;TAF6;PKN1
GO_Biological_Process_2023,Osteoclast Differentiation (GO:0030316),0.012433781236184606,0.48273116552851725,0,0,7.957983193277311,34.91436379642762,CSF1R;SBNO2;SLC4A2
GO_Biological_Process_2023,Positive Regulation Of T Cell Differentiation (GO:0045582),0.014524417141533954,0.48273116552851725,0,0,4.962729658792651,21.00189526963699,ZAP70;SMARCB1;TESPA1;SOX12
GO_Biological_Process_2023,Protein Localization (GO:0008104),0.01341658468569415,0.48273116552851725,0,0,2.442919983242564,10.53207218270013,CD74;RAB5C;HGS;ABHD17A;STXBP2;FLNA;ARFIP2;STX5;CORO1B;PEX14
Reactome_2022,Metabolism Of RNA R-HSA-8953854,0.05059366745021244,0.49702732929695603,0,0,1.6188440420805565,4.830515456559373,SF3B4;SF3A1;SF3A2;URM1;NOP2;HSPB1;PRPF8;GTF2H4;RRP9;EXOSC10;HNRNPUL1;CNOT1;PCBP1;CNOT3;ERCC2;RBM42;PELP1
Reactome_2022,Synthesis Of PI R-HSA-1483226,0.05159978380487482,0.49702732929695603,0,0,inf,inf,PITPNM1
Reactome_2022,Crosslinking Of Collagen Fibrils R-HSA-2243919,0.05159978380487482,0.49702732929695603,0,0,inf,inf,PCOLCE
GO_Biological_Process_2023,Intracellular Protein Transport (GO:0006886),0.05600611585648385,0.49779737613221126,0,0,2.0466849315068494,5.899148480803449,CD74;OXA1L;RAB5C;HGS;STXBP2;ARFIP2;STX5;VPS37B
GO_Biological_Process_2023,Spleen Development (GO:0048536),0.100546932852603,0.49854217662519135,0,0,18.44747081712062,42.37625094134687,CITED2
GO_Biological_Process_2023,Spinal Cord Development (GO:0021510),0.100546932852603,0.49854217662519135,0,0,18.44747081712062,42.37625094134687,SOX12
GO_Biological_Process_2023,sno(s)RNA 3'-End Processing (GO:0031126),0.100546932852603,0.49854217662519135,0,0,18.44747081712062,42.37625094134687,EXOSC10
GO_Biological_Process_2023,Cellular Response To Purine-Containing Compound (GO:0071415),0.100546932852603,0.49854217662519135,0,0,18.44747081712062,42.37625094134687,GSTM2
GO_Biological_Process_2023,Regulation Of Triglyceride Metabolic Process (GO:0090207),0.100546932852603,0.49854217662519135,0,0,18.44747081712062,42.37625094134687,CIDEB
GO_Biological_Process_2023,Cellular Response To Interleukin-15 (GO:0071350),0.100546932852603,0.49854217662519135,0,0,18.44747081712062,42.37625094134687,IL2RG
GO_Biological_Process_2023,Regulation Of Synapse Maturation (GO:0090128),0.100546932852603,0.49854217662519135,0,0,18.44747081712062,42.37625094134687,ANAPC2
GO_Biological_Process_2023,Cellular Response To Acidic pH (GO:0071468),0.100546932852603,0.49854217662519135,0,0,18.44747081712062,42.37625094134687,RAB11B
GO_Biological_Process_2023,Regulation Of Release Of Sequestered Calcium Ion Into Cytosol By Sarcoplasmic Reticulum (GO:0010880),0.100546932852603,0.49854217662519135,0,0,18.44747081712062,42.37625094134687,GSTM2
GO_Biological_Process_2023,Calcium Ion Import (GO:0070509),0.100546932852603,0.49854217662519135,0,0,18.44747081712062,42.37625094134687,MICU1
GO_Biological_Process_2023,Basement Membrane Organization (GO:0071711),0.100546932852603,0.49854217662519135,0,0,18.44747081712062,42.37625094134687,MLF2
GO_Biological_Process_2023,Axo-Dendritic Protein Transport (GO:0099640),0.100546932852603,0.49854217662519135,0,0,18.44747081712062,42.37625094134687,HSPB1
GO_Biological_Process_2023,Attachment Of GPI Anchor To Protein (GO:0016255),0.100546932852603,0.49854217662519135,0,0,18.44747081712062,42.37625094134687,PIGT
GO_Biological_Process_2023,Anterograde Axonal Protein Transport (GO:0099641),0.100546932852603,0.49854217662519135,0,0,18.44747081712062,42.37625094134687,HSPB1
GO_Biological_Process_2023,Regulation Of Interleukin-5 Production (GO:0032674),0.100546932852603,0.49854217662519135,0,0,18.44747081712062,42.37625094134687,LGALS9
GO_Biological_Process_2023,TRAIL-activated Apoptotic Signaling Pathway (GO:0036462),0.100546932852603,0.49854217662519135,0,0,18.44747081712062,42.37625094134687,SPI1
GO_Biological_Process_2023,Microtubule Anchoring (GO:0034453),0.100546932852603,0.49854217662519135,0,0,18.44747081712062,42.37625094134687,PEX14
GO_Biological_Process_2023,Lymphoid Progenitor Cell Differentiation (GO:0002320),0.100546932852603,0.49854217662519135,0,0,18.44747081712062,42.37625094134687,SPI1
GO_Biological_Process_2023,Long-Term Synaptic Potentiation (GO:0060291),0.100546932852603,0.49854217662519135,0,0,18.44747081712062,42.37625094134687,VAMP2
GO_Biological_Process_2023,Lipid Droplet Disassembly (GO:1905691),0.100546932852603,0.49854217662519135,0,0,18.44747081712062,42.37625094134687,PNPLA2
GO_Biological_Process_2023,Interleukin-15-Mediated Signaling Pathway (GO:0035723),0.100546932852603,0.49854217662519135,0,0,18.44747081712062,42.37625094134687,IL2RG
GO_Biological_Process_2023,Insulin Secretion Involved In Cellular Response To Glucose Stimulus (GO:0035773),0.100546932852603,0.49854217662519135,0,0,18.44747081712062,42.37625094134687,RAB11B
GO_Biological_Process_2023,Inhibition Of Cysteine-Type Endopeptidase Activity (GO:0097340),0.100546932852603,0.49854217662519135,0,0,18.44747081712062,42.37625094134687,CST7
GO_Biological_Process_2023,Inflammatory Response To Wounding (GO:0090594),0.100546932852603,0.49854217662519135,0,0,18.44747081712062,42.37625094134687,HMOX1
GO_Biological_Process_2023,Zymogen Inhibition (GO:0097341),0.100546932852603,0.49854217662519135,0,0,18.44747081712062,42.37625094134687,CST7
GO_Biological_Process_2023,Histone H2A-K119 Monoubiquitination (GO:0036353),0.100546932852603,0.49854217662519135,0,0,18.44747081712062,42.37625094134687,PCGF1
GO_Biological_Process_2023,Hair Cell Differentiation (GO:0035315),0.100546932852603,0.49854217662519135,0,0,18.44747081712062,42.37625094134687,ERCC2
GO_Biological_Process_2023,Gamma-Aminobutyric Acid Transport (GO:0015812),0.100546932852603,0.49854217662519135,0,0,18.44747081712062,42.37625094134687,SLC9A3R1
GO_Biological_Process_2023,Gamma-Aminobutyric Acid Signaling Pathway (GO:0007214),0.100546932852603,0.49854217662519135,0,0,18.44747081712062,42.37625094134687,GNAI2
GO_Biological_Process_2023,Synaptic Vesicle Docking (GO:0016081),0.100546932852603,0.49854217662519135,0,0,18.44747081712062,42.37625094134687,SNPH
GO_Biological_Process_2023,"Establishment Of Mitochondrion Localization, Microtubule-Mediated (GO:0034643)",0.100546932852603,0.49854217662519135,0,0,18.44747081712062,42.37625094134687,MAP1S
GO_Biological_Process_2023,Establishment Of Golgi Localization (GO:0051683),0.100546932852603,0.49854217662519135,0,0,18.44747081712062,42.37625094134687,SLC9A3R1
GO_Biological_Process_2023,Nuclear RNA Surveillance (GO:0071027),0.100546932852603,0.49854217662519135,0,0,18.44747081712062,42.37625094134687,EXOSC10
GO_Biological_Process_2023,Nicotinamide Nucleotide Biosynthetic Process (GO:0019359),0.100546932852603,0.49854217662519135,0,0,18.44747081712062,42.37625094134687,NADSYN1
GO_Biological_Process_2023,Negative Regulation Of Transcription By RNA Polymerase I (GO:0016479),0.100546932852603,0.49854217662519135,0,0,18.44747081712062,42.37625094134687,FLNA
GO_Biological_Process_2023,Negative Regulation Of Receptor Signaling Pathway Via STAT (GO:1904893),0.100546932852603,0.49854217662519135,0,0,18.44747081712062,42.37625094134687,HGS
GO_Biological_Process_2023,Negative Regulation Of Protein Localization To Chromatin (GO:0120186),0.100546932852603,0.49854217662519135,0,0,18.44747081712062,42.37625094134687,SPI1
GO_Biological_Process_2023,Negative Regulation Of Phosphatidylinositol 3-Kinase Signaling (GO:0014067),0.100546932852603,0.49854217662519135,0,0,18.44747081712062,42.37625094134687,SLC9A3R1
GO_Biological_Process_2023,Negative Regulation Of Intracellular Estrogen Receptor Signaling Pathway (GO:0033147),0.100546932852603,0.49854217662519135,0,0,18.44747081712062,42.37625094134687,CNOT1
GO_Biological_Process_2023,Negative Regulation Of Inflammatory Response To Antigenic Stimulus (GO:0002862),0.100546932852603,0.49854217662519135,0,0,18.44747081712062,42.37625094134687,RHBDF2
GO_Biological_Process_2023,Negative Regulation Of Cilium Assembly (GO:1902018),0.100546932852603,0.49854217662519135,0,0,18.44747081712062,42.37625094134687,TESK1
GO_Biological_Process_2023,Negative Regulation Of Calcium Ion Transmembrane Transport (GO:1903170),0.100546932852603,0.49854217662519135,0,0,18.44747081712062,42.37625094134687,YWHAE
GO_Biological_Process_2023,Negative Regulation Of Alpha-Beta T Cell Differentiation (GO:0046639),0.100546932852603,0.49854217662519135,0,0,18.44747081712062,42.37625094134687,SLC4A2
GO_Biological_Process_2023,"Negative Regulation Of CD4-positive, Alpha-Beta T Cell Activation (GO:2000515)",0.100546932852603,0.49854217662519135,0,0,18.44747081712062,42.37625094134687,LGALS9
GO_Biological_Process_2023,Monocarboxylic Acid Catabolic Process (GO:0072329),0.100546932852603,0.49854217662519135,0,0,18.44747081712062,42.37625094134687,PLA2G15
GO_Biological_Process_2023,Mitotic Nuclear Membrane Reassembly (GO:0007084),0.100546932852603,0.49854217662519135,0,0,18.44747081712062,42.37625094134687,BANF1
GO_Biological_Process_2023,Mitotic Nuclear Membrane Organization (GO:0101024),0.100546932852603,0.49854217662519135,0,0,18.44747081712062,42.37625094134687,BANF1
GO_Biological_Process_2023,Mitochondrial Proton-Transporting ATP Synthase Complex Assembly (GO:0033615),0.100546932852603,0.49854217662519135,0,0,18.44747081712062,42.37625094134687,OXA1L
GO_Biological_Process_2023,Regulation Of DNA Methylation-Dependent Heterochromatin Formation (GO:0090308),0.100546932852603,0.49854217662519135,0,0,18.44747081712062,42.37625094134687,TRIM28
GO_Biological_Process_2023,Proton-Transporting ATP Synthase Complex Assembly (GO:0043461),0.100546932852603,0.49854217662519135,0,0,18.44747081712062,42.37625094134687,OXA1L
GO_Biological_Process_2023,Protein Localization To Presynapse (GO:1905383),0.100546932852603,0.49854217662519135,0,0,18.44747081712062,42.37625094134687,HSPB1
GO_Biological_Process_2023,Protein Catabolic Process In The Vacuole (GO:0007039),0.100546932852603,0.49854217662519135,0,0,18.44747081712062,42.37625094134687,TCIRG1
GO_Biological_Process_2023,Positive Regulation Of Synaptic Plasticity (GO:0031915),0.100546932852603,0.49854217662519135,0,0,18.44747081712062,42.37625094134687,ANAPC2
GO_Biological_Process_2023,Positive Regulation Of Synapse Maturation (GO:0090129),0.100546932852603,0.49854217662519135,0,0,18.44747081712062,42.37625094134687,ANAPC2
GO_Biological_Process_2023,Positive Regulation Of Peroxisome Proliferator Activated Receptor Signaling Pathway (GO:0035360),0.100546932852603,0.49854217662519135,0,0,18.44747081712062,42.37625094134687,CITED2
GO_Biological_Process_2023,Positive Regulation Of Hippo Signaling (GO:0035332),0.100546932852603,0.49854217662519135,0,0,18.44747081712062,42.37625094134687,CORO7
GO_Biological_Process_2023,Positive Regulation Of Heterochromatin Formation (GO:0031453),0.100546932852603,0.49854217662519135,0,0,18.44747081712062,42.37625094134687,TRIM28
GO_Biological_Process_2023,Positive Regulation Of Endothelial Cell Chemotaxis (GO:2001028),0.100546932852603,0.49854217662519135,0,0,18.44747081712062,42.37625094134687,HSPB1
GO_Biological_Process_2023,Positive Regulation Of Blood Vessel Endothelial Cell Proliferation Involved In Sprouting Angiogenesis (GO:1903589),0.100546932852603,0.49854217662519135,0,0,18.44747081712062,42.37625094134687,HMOX1
GO_Biological_Process_2023,Positive Regulation Of T Cell Differentiation In Thymus (GO:0033089),0.100546932852603,0.49854217662519135,0,0,18.44747081712062,42.37625094134687,TESPA1
GO_Biological_Process_2023,Positive Regulation Of DNA Methylation-Dependent Heterochromatin Formation (GO:0090309),0.100546932852603,0.49854217662519135,0,0,18.44747081712062,42.37625094134687,TRIM28
GO_Biological_Process_2023,"Positive Regulation Of CD4-positive, CD25-positive, Alpha-Beta Regulatory T Cell Differentiation (GO:0032831)",0.100546932852603,0.49854217662519135,0,0,18.44747081712062,42.37625094134687,LGALS9
GO_Biological_Process_2023,Plasma Membrane To Endosome Transport (GO:0048227),0.100546932852603,0.49854217662519135,0,0,18.44747081712062,42.37625094134687,RAB5C
GO_Biological_Process_2023,Nuclear mRNA Surveillance (GO:0071028),0.100546932852603,0.49854217662519135,0,0,18.44747081712062,42.37625094134687,EXOSC10
GO_Biological_Process_2023,"RNA Splicing, Via Transesterification Reactions (GO:0000375)",0.10731538476110718,0.49854217662519135,0,0,4.108506944444445,9.170118718711697,SF3B4;PRPF8
GO_Biological_Process_2023,rRNA Processing (GO:0006364),0.1037833567464087,0.49854217662519135,0,0,2.3931927863855726,5.421657785993267,EXOSC10;NOP2;RRP9;PELP1
GO_Biological_Process_2023,Regulation Of Protein Secretion (GO:0050708),0.1037833567464087,0.49854217662519135,0,0,2.3931927863855726,5.421657785993267,RHBDF2;MYO18A;ATP13A2;APBB1
GO_Biological_Process_2023,Regulation Of T Cell Activation (GO:0050863),0.10149280619987343,0.49854217662519135,0,0,2.9244582043343654,6.690480019390152,HLA-DMA;CD4;FCHO1
GO_Biological_Process_2023,Organic Anion Transport (GO:0015711),0.10149280619987343,0.49854217662519135,0,0,2.9244582043343654,6.690480019390152,SLC9A3R1;CPTP;SLC4A2
GO_Biological_Process_2023,Nuclear-Transcribed mRNA Catabolic Process (GO:0000956),0.10149280619987343,0.49854217662519135,0,0,2.9244582043343654,6.690480019390152,EXOSC10;CNOT1;CNOT3
GO_Biological_Process_2023,Negative Regulation Of Cell Cycle (GO:0045786),0.10149280619987343,0.49854217662519135,0,0,2.9244582043343654,6.690480019390152,SLC9A3R1;TAF6;RHOB
GO_Biological_Process_2023,Glycerophospholipid Metabolic Process (GO:0006650),0.10149280619987343,0.49854217662519135,0,0,2.9244582043343654,6.690480019390152,PLA2G15;CSF1R;PNPLA6
GO_Biological_Process_2023,Exocytosis (GO:0006887),0.10149280619987343,0.49854217662519135,0,0,2.9244582043343654,6.690480019390152,TNFAIP2;VAMP2;RAB11B
GO_Biological_Process_2023,Epigenetic Regulation Of Gene Expression (GO:0040029),0.10149280619987343,0.49854217662519135,0,0,2.9244582043343654,6.690480019390152,SMARCB1;SPI1;PRMT7
GO_Biological_Process_2023,Response To Hydrogen Peroxide (GO:0042542),0.10149280619987343,0.49854217662519135,0,0,2.9244582043343654,6.690480019390152,ZNF580;HMOX1;RHOB
GO_Biological_Process_2023,Activation Of GTPase Activity (GO:0090630),0.10149280619987343,0.49854217662519135,0,0,2.9244582043343654,6.690480019390152,BCAS3;TBC1D17;TBC1D10B
GO_Biological_Process_2023,Regulation Of Protein Phosphorylation (GO:0001932),0.10070206881820563,0.49854217662519135,0,0,1.8613545816733068,4.272904981981715,CD74;CSF1R;SLC9A3R1;CCND3;CD4;TESK1;HSPB1
GO_Biological_Process_2023,Regulation Of Cardiac Muscle Contraction By Regulation Of The Release Of Sequestered Calcium Ion (GO:0010881),0.100546932852603,0.49854217662519135,0,0,18.44747081712062,42.37625094134687,GSTM2
GO_Biological_Process_2023,Regulation Of Cardiac Muscle Cell Apoptotic Process (GO:0010665),0.100546932852603,0.49854217662519135,0,0,18.44747081712062,42.37625094134687,LTK
GO_Biological_Process_2023,Regulation Of T Cell Activation Via T Cell Receptor Contact With Antigen Bound To MHC Molecule On Antigen Presenting Cell (GO:2001188),0.100546932852603,0.49854217662519135,0,0,18.44747081712062,42.37625094134687,LGALS9
GO_Biological_Process_2023,Amino Acid Catabolic Process (GO:0009063),0.12455522288798788,0.49854217662519135,0,0,3.696875,7.700613191045198,BCKDHA;BCKDK
GO_Biological_Process_2023,Regulation Of Macrophage Activation (GO:0043030),0.12455522288798788,0.49854217662519135,0,0,3.696875,7.700613191045198,CD74;MYO18A
GO_Biological_Process_2023,rRNA Metabolic Process (GO:0016072),0.12389813945659398,0.49854217662519135,0,0,2.6448179271708683,5.5231613940174755,EXOSC10;RRP9;PELP1
GO_Biological_Process_2023,Negative Regulation Of Cysteine-Type Endopeptidase Activity (GO:2000117),0.12389813945659398,0.49854217662519135,0,0,2.6448179271708683,5.5231613940174755,CST3;DHCR24;CST7
GO_Biological_Process_2023,Vesicle Fusion (GO:0006906),0.12389813945659398,0.49854217662519135,0,0,2.6448179271708683,5.5231613940174755,STX5;ATP13A2;VAMP2
GO_Biological_Process_2023,Regulation Of Stress Fiber Assembly (GO:0051492),0.12389813945659398,0.49854217662519135,0,0,2.6448179271708683,5.5231613940174755,FHOD1;TESK1;PFN1
GO_Biological_Process_2023,Cellular Defense Response (GO:0006968),0.12389813945659398,0.49854217662519135,0,0,2.6448179271708683,5.5231613940174755,LGALS3BP;LSP1;TCIRG1
GO_Biological_Process_2023,Positive Regulation Of Phosphorylation (GO:0042327),0.12336350460549286,0.49854217662519135,0,0,1.857936507936508,3.887955020907743,CD74;CSF1R;CCND3;LTK;CD4;TESK1
GO_Biological_Process_2023,Positive Regulation Of MAPK Cascade (GO:0043410),0.11717578855136847,0.49854217662519135,0,0,1.783714457239535,3.8244265033001663,MAP4K1;CD74;CSF1R;CD4;DOK2;LGALS9;HLA-DRB1
GO_Biological_Process_2023,Receptor-Mediated Endocytosis (GO:0006898),0.11339685114266115,0.49854217662519135,0,0,2.0628019323671496,4.490434430029481,GAK;FCHO1;HGS;PIP5K1C;PDLIM7
GO_Biological_Process_2023,Positive Regulation Of Cell Cycle (GO:0045787),0.11248053661293583,0.49854217662519135,0,0,2.7776470588235296,6.069089605093202,CCND3;CITED2;CDC25B
GO_Biological_Process_2023,Regulation Of Cellular Component Size (GO:0032535),0.10731538476110718,0.49854217662519135,0,0,4.108506944444445,9.170118718711697,SLC9A3R1;ATP13A2
GO_Biological_Process_2023,Prostaglandin Metabolic Process (GO:0006693),0.10731538476110718,0.49854217662519135,0,0,4.108506944444445,9.170118718711697,CD74;GSTM1
GO_Biological_Process_2023,Transcription Initiation-Coupled Chromatin Remodeling (GO:0045815),0.10731538476110718,0.49854217662519135,0,0,4.108506944444445,9.170118718711697,SMARCB1;SPI1
GO_Biological_Process_2023,Cellular Response To Glucose Stimulus (GO:0071333),0.10731538476110718,0.49854217662519135,0,0,4.108506944444445,9.170118718711697,UCP2;RAB11B
GO_Biological_Process_2023,Regulation Of p38MAPK Cascade (GO:1900744),0.10731538476110718,0.49854217662519135,0,0,4.108506944444445,9.170118718711697,SPI1;LGALS9
GO_Biological_Process_2023,Regulation Of Focal Adhesion Assembly (GO:0051893),0.142397081604014,0.49854217662519135,0,0,3.360085227272727,6.5492623220750845,BCAS3;TLN1
GO_Biological_Process_2023,JNK Cascade (GO:0007254),0.142397081604014,0.49854217662519135,0,0,3.360085227272727,6.5492623220750845,MAP4K1;MAP4K2
GO_Biological_Process_2023,Regulation Of Cytokine-Mediated Signaling Pathway (GO:0001959),0.142397081604014,0.49854217662519135,0,0,3.360085227272727,6.5492623220750845,SIGIRR;CD74
GO_Biological_Process_2023,Positive Regulation Of Transferase Activity (GO:0051347),0.13952420540065738,0.49854217662519135,0,0,2.1178852643419575,4.171211407790377,CSF1R;CD74;LTK;CD4
GO_Biological_Process_2023,Positive Regulation Of Secretion By Cell (GO:1903532),0.13571540975891874,0.49854217662519135,0,0,2.5240641711229945,5.041048748728918,MYO18A;ATP13A2;APBB1
GO_Biological_Process_2023,Positive Regulation Of Leukocyte Chemotaxis (GO:0002690),0.13571540975891874,0.49854217662519135,0,0,2.5240641711229945,5.041048748728918,CSF1R;ZNF580;LGALS9
GO_Biological_Process_2023,Glucose Metabolic Process (GO:0006006),0.13571540975891874,0.49854217662519135,0,0,2.5240641711229945,5.041048748728918,SLC25A1;GPI;ENO2
GO_Biological_Process_2023,Protein Localization To Lysosome (GO:0061462),0.12455522288798788,0.49854217662519135,0,0,3.696875,7.700613191045198,HGS;ATP13A2
GO_Biological_Process_2023,Presynaptic Endocytosis (GO:0140238),0.12455522288798788,0.49854217662519135,0,0,3.696875,7.700613191045198,PIP5K1C;VAMP2
GO_Biological_Process_2023,Positive Regulation Of Substrate Adhesion-Dependent Cell Spreading (GO:1900026),0.12455522288798788,0.49854217662519135,0,0,3.696875,7.700613191045198,TESK1;FLNA
GO_Biological_Process_2023,Positive Regulation Of Intracellular Transport (GO:0032388),0.12455522288798788,0.49854217662519135,0,0,3.696875,7.700613191045198,BCAS3;VAMP2
GO_Biological_Process_2023,Positive Regulation Of Chemotaxis (GO:0050921),0.12455522288798788,0.49854217662519135,0,0,3.696875,7.700613191045198,ZNF580;HSPB1
GO_Biological_Process_2023,Mitotic Cytokinesis (GO:0000281),0.12455522288798788,0.49854217662519135,0,0,3.696875,7.700613191045198,CFL1;RHOB
GO_Biological_Process_2023,Translational Elongation (GO:0006414),0.12455522288798788,0.49854217662519135,0,0,3.696875,7.700613191045198,EEF2;GTPBP2
GO_Biological_Process_2023,Antigen Processing And Presentation Of Peptide Antigen Via MHC Class II (GO:0002495),0.12455522288798788,0.49854217662519135,0,0,3.696875,7.700613191045198,HLA-DMA;CTSD
GO_Biological_Process_2023,Antigen Processing And Presentation Of Exogenous Peptide Antigen Via MHC Class II (GO:0019886),0.12455522288798788,0.49854217662519135,0,0,3.696875,7.700613191045198,HLA-DMA;CTSD
GO_Biological_Process_2023,Regulation Of Cytosolic Calcium Ion Concentration (GO:0051480),0.1469772153748029,0.49854217662519135,0,0,9.221789883268482,17.68257647062626,YWHAE
GO_Biological_Process_2023,2-Oxoglutarate Metabolic Process (GO:0006103),0.1469772153748029,0.49854217662519135,0,0,9.221789883268482,17.68257647062626,OGDH
GO_Biological_Process_2023,Intracellular Monoatomic Cation Homeostasis (GO:0030003),0.14407495057040373,0.49854217662519135,0,0,1.8927966443494393,3.6671451500014354,ATP2A3;HMOX1;ATP13A2;CCDC22;ATP1A1
GO_Biological_Process_2023,Post-Translational Protein Modification (GO:0043687),0.142397081604014,0.49854217662519135,0,0,3.360085227272727,6.5492623220750845,RPS6KA4;PKN1
GO_Biological_Process_2023,Positive Regulation Of Immune Effector Process (GO:0002699),0.142397081604014,0.49854217662519135,0,0,3.360085227272727,6.5492623220750845,MYO18A;LGALS9
GO_Biological_Process_2023,Positive Regulation Of B Cell Proliferation (GO:0030890),0.142397081604014,0.49854217662519135,0,0,3.360085227272727,6.5492623220750845,SASH3;CD74
GO_Biological_Process_2023,Plasma Membrane Bounded Cell Projection Morphogenesis (GO:0120039),0.142397081604014,0.49854217662519135,0,0,3.360085227272727,6.5492623220750845,MAP1S;MYO9B
GO_Biological_Process_2023,Peptidyl-Tyrosine Modification (GO:0018212),0.142397081604014,0.49854217662519135,0,0,3.360085227272727,6.5492623220750845,ZAP70;CSF1R
GO_Biological_Process_2023,Neurotransmitter Transport (GO:0006836),0.142397081604014,0.49854217662519135,0,0,3.360085227272727,6.5492623220750845,SNPH;STXBP2
GO_Biological_Process_2023,Long-Chain Fatty Acid Biosynthetic Process (GO:0042759),0.142397081604014,0.49854217662519135,0,0,3.360085227272727,6.5492623220750845,GSTM2;GSTM1
GO_Biological_Process_2023,Lipid Modification (GO:0030258),0.142397081604014,0.49854217662519135,0,0,3.360085227272727,6.5492623220750845,DGKA;DGKZ
GO_Biological_Process_2023,Lamellipodium Organization (GO:0097581),0.142397081604014,0.49854217662519135,0,0,3.360085227272727,6.5492623220750845,ARFIP2;MYO9B
GO_Biological_Process_2023,Response To Glucose (GO:0009749),0.142397081604014,0.49854217662519135,0,0,3.360085227272727,6.5492623220750845,UCP2;VAMP2
GO_Biological_Process_2023,Regulation Of Receptor Signaling Pathway Via JAK-STAT (GO:0046425),0.142397081604014,0.49854217662519135,0,0,3.360085227272727,6.5492623220750845,GPI;HGS
GO_Biological_Process_2023,Regulation Of Protein Import Into Nucleus (GO:0042306),0.142397081604014,0.49854217662519135,0,0,3.360085227272727,6.5492623220750845,TRIM28;FLNA
GO_Biological_Process_2023,Antigen Processing And Presentation Of Exogenous Peptide Antigen (GO:0002478),0.142397081604014,0.49854217662519135,0,0,3.360085227272727,6.5492623220750845,HLA-DMA;CTSD
GO_Biological_Process_2023,Autophagosome-Lysosome Fusion (GO:0061909),0.1469772153748029,0.49854217662519135,0,0,9.221789883268482,17.68257647062626,ATP13A2
GO_Biological_Process_2023,Regulation Of Monoatomic Anion Transport (GO:0044070),0.1469772153748029,0.49854217662519135,0,0,9.221789883268482,17.68257647062626,RAB11B
GO_Biological_Process_2023,Regulation Of Microtubule Polymerization Or Depolymerization (GO:0031110),0.1469772153748029,0.49854217662519135,0,0,9.221789883268482,17.68257647062626,MAP1S
GO_Biological_Process_2023,Amino Sugar Catabolic Process (GO:0046348),0.1469772153748029,0.49854217662519135,0,0,9.221789883268482,17.68257647062626,RENBP
GO_Biological_Process_2023,Regulation Of Mast Cell Activation Involved In Immune Response (GO:0033006),0.1469772153748029,0.49854217662519135,0,0,9.221789883268482,17.68257647062626,STXBP2
GO_Biological_Process_2023,Regulation Of mRNA Polyadenylation (GO:1900363),0.1469772153748029,0.49854217662519135,0,0,9.221789883268482,17.68257647062626,ZC3H3
GO_Biological_Process_2023,Regulation Of Leukocyte Degranulation (GO:0043300),0.1469772153748029,0.49854217662519135,0,0,9.221789883268482,17.68257647062626,STXBP2
GO_Biological_Process_2023,Regulation Of Intrinsic Apoptotic Signaling Pathway In Response To DNA Damage By P53 Class Mediator (GO:1902165),0.1469772153748029,0.49854217662519135,0,0,9.221789883268482,17.68257647062626,CD74
GO_Biological_Process_2023,Actin Crosslink Formation (GO:0051764),0.1469772153748029,0.49854217662519135,0,0,9.221789883268482,17.68257647062626,FLNA
GO_Biological_Process_2023,Regulation Of Histamine Secretion By Mast Cell (GO:1903593),0.1469772153748029,0.49854217662519135,0,0,9.221789883268482,17.68257647062626,VAMP2
GO_Biological_Process_2023,Regulation Of Hippo Signaling (GO:0035330),0.1469772153748029,0.49854217662519135,0,0,9.221789883268482,17.68257647062626,CORO7
GO_Biological_Process_2023,Regulation Of Gene Expression By Genomic Imprinting (GO:0006349),0.1469772153748029,0.49854217662519135,0,0,9.221789883268482,17.68257647062626,PRMT7
GO_Biological_Process_2023,N-acetylneuraminate Metabolic Process (GO:0006054),0.1469772153748029,0.49854217662519135,0,0,9.221789883268482,17.68257647062626,RENBP
GO_Biological_Process_2023,N-acetylneuraminate Catabolic Process (GO:0019262),0.1469772153748029,0.49854217662519135,0,0,9.221789883268482,17.68257647062626,RENBP
GO_Biological_Process_2023,Regulation Of Extracellular Matrix Disassembly (GO:0010715),0.1469772153748029,0.49854217662519135,0,0,9.221789883268482,17.68257647062626,CST3
GO_Biological_Process_2023,Golgi Inheritance (GO:0048313),0.1469772153748029,0.49854217662519135,0,0,9.221789883268482,17.68257647062626,STX5
GO_Biological_Process_2023,snRNA Modification (GO:0040031),0.1469772153748029,0.49854217662519135,0,0,9.221789883268482,17.68257647062626,MEPCE
GO_Biological_Process_2023,Serine Transport (GO:0032329),0.1469772153748029,0.49854217662519135,0,0,9.221789883268482,17.68257647062626,SFXN3
GO_Biological_Process_2023,Response To Interleukin-6 (GO:0070741),0.1469772153748029,0.49854217662519135,0,0,9.221789883268482,17.68257647062626,SBNO2
GO_Biological_Process_2023,Cytoplasmic Sequestering Of Protein (GO:0051220),0.1469772153748029,0.49854217662519135,0,0,9.221789883268482,17.68257647062626,FLNA
GO_Biological_Process_2023,Clathrin Coat Disassembly (GO:0072318),0.1469772153748029,0.49854217662519135,0,0,9.221789883268482,17.68257647062626,GAK
GO_Biological_Process_2023,Ceramide Transport (GO:0035627),0.1469772153748029,0.49854217662519135,0,0,9.221789883268482,17.68257647062626,CPTP
GO_Biological_Process_2023,Cellular Response To pH (GO:0071467),0.1469772153748029,0.49854217662519135,0,0,9.221789883268482,17.68257647062626,RAB11B
GO_Biological_Process_2023,Regulation Of Transcription Of Nucleolar Large rRNA By RNA Polymerase I (GO:1901836),0.1469772153748029,0.49854217662519135,0,0,9.221789883268482,17.68257647062626,SMARCB1
GO_Biological_Process_2023,Cellular Response To Interleukin-2 (GO:0071352),0.1469772153748029,0.49854217662519135,0,0,9.221789883268482,17.68257647062626,IL2RG
GO_Biological_Process_2023,Regulation Of Sequestering Of Triglyceride (GO:0010889),0.1469772153748029,0.49854217662519135,0,0,9.221789883268482,17.68257647062626,PNPLA2
GO_Biological_Process_2023,Regulation Of Receptor Binding (GO:1900120),0.1469772153748029,0.49854217662519135,0,0,9.221789883268482,17.68257647062626,ATP2A3
GO_Biological_Process_2023,Cardiac Muscle Cell Membrane Repolarization (GO:0099622),0.1469772153748029,0.49854217662519135,0,0,9.221789883268482,17.68257647062626,YWHAE
GO_Biological_Process_2023,Regulation Of Protein Localization To Chromatin (GO:1905634),0.1469772153748029,0.49854217662519135,0,0,9.221789883268482,17.68257647062626,SPI1
GO_Biological_Process_2023,Regulation Of Protein Localization To Cajal Body (GO:1904869),0.1469772153748029,0.49854217662519135,0,0,9.221789883268482,17.68257647062626,MEPCE
GO_Biological_Process_2023,Calcium Import Into The Mitochondrion (GO:0036444),0.1469772153748029,0.49854217662519135,0,0,9.221789883268482,17.68257647062626,MICU1
GO_Biological_Process_2023,Brain Morphogenesis (GO:0048854),0.1469772153748029,0.49854217662519135,0,0,9.221789883268482,17.68257647062626,VPS51
GO_Biological_Process_2023,Maintenance Of Apical/Basal Cell Polarity (GO:0035090),0.1469772153748029,0.49854217662519135,0,0,9.221789883268482,17.68257647062626,SLC9A3R1
GO_Biological_Process_2023,Lipoprotein Metabolic Process (GO:0042157),0.1469772153748029,0.49854217662519135,0,0,9.221789883268482,17.68257647062626,CTSD
GO_Biological_Process_2023,Lipid Phosphorylation (GO:0046834),0.1469772153748029,0.49854217662519135,0,0,9.221789883268482,17.68257647062626,DGKZ
GO_Biological_Process_2023,Interleukin-2-Mediated Signaling Pathway (GO:0038110),0.1469772153748029,0.49854217662519135,0,0,9.221789883268482,17.68257647062626,IL2RG
GO_Biological_Process_2023,Inositol Phosphate Biosynthetic Process (GO:0032958),0.1469772153748029,0.49854217662519135,0,0,9.221789883268482,17.68257647062626,PPIP5K1
GO_Biological_Process_2023,Histone H2A Monoubiquitination (GO:0035518),0.1469772153748029,0.49854217662519135,0,0,9.221789883268482,17.68257647062626,PCGF1
GO_Biological_Process_2023,Heme Catabolic Process (GO:0042167),0.1469772153748029,0.49854217662519135,0,0,9.221789883268482,17.68257647062626,HMOX1
GO_Biological_Process_2023,Glycolipid Transport (GO:0046836),0.1469772153748029,0.49854217662519135,0,0,9.221789883268482,17.68257647062626,CPTP
GO_Biological_Process_2023,Tyrosine Metabolic Process (GO:0006570),0.1469772153748029,0.49854217662519135,0,0,9.221789883268482,17.68257647062626,HPD
GO_Biological_Process_2023,Translational Termination (GO:0006415),0.1469772153748029,0.49854217662519135,0,0,9.221789883268482,17.68257647062626,APEH
GO_Biological_Process_2023,Synaptic Vesicle Uncoating (GO:0016191),0.1469772153748029,0.49854217662519135,0,0,9.221789883268482,17.68257647062626,GAK
GO_Biological_Process_2023,Suppression Of Viral Release By Host (GO:0044790),0.1469772153748029,0.49854217662519135,0,0,9.221789883268482,17.68257647062626,TRIM28
GO_Biological_Process_2023,Establishment Of Epithelial Cell Apical/Basal Polarity (GO:0045198),0.1469772153748029,0.49854217662519135,0,0,9.221789883268482,17.68257647062626,SLC9A3R1
GO_Biological_Process_2023,Epithelial Cilium Movement Involved In Extracellular Fluid Movement (GO:0003351),0.1469772153748029,0.49854217662519135,0,0,9.221789883268482,17.68257647062626,SLC9A3R1
GO_Biological_Process_2023,Endothelial Tube Morphogenesis (GO:0061154),0.1469772153748029,0.49854217662519135,0,0,9.221789883268482,17.68257647062626,RHOB
GO_Biological_Process_2023,Endothelial Cell Proliferation (GO:0001935),0.1469772153748029,0.49854217662519135,0,0,9.221789883268482,17.68257647062626,HMOX1
GO_Biological_Process_2023,Negative Regulation Of Protein Autophosphorylation (GO:0031953),0.1469772153748029,0.49854217662519135,0,0,9.221789883268482,17.68257647062626,TESK1
GO_Biological_Process_2023,Negative Regulation Of Neuroinflammatory Response (GO:0150079),0.1469772153748029,0.49854217662519135,0,0,9.221789883268482,17.68257647062626,CST7
GO_Biological_Process_2023,Negative Regulation Of Leukocyte Migration (GO:0002686),0.1469772153748029,0.49854217662519135,0,0,9.221789883268482,17.68257647062626,HMOX1
GO_Biological_Process_2023,Negative Regulation Of Intrinsic Apoptotic Signaling Pathway In Response To DNA Damage By P53 Class Mediator (GO:1902166),0.1469772153748029,0.49854217662519135,0,0,9.221789883268482,17.68257647062626,CD74
GO_Biological_Process_2023,Negative Regulation Of cAMP-mediated Signaling (GO:0043951),0.1469772153748029,0.49854217662519135,0,0,9.221789883268482,17.68257647062626,MGRN1
GO_Biological_Process_2023,Negative Regulation Of Actin Nucleation (GO:0051126),0.1469772153748029,0.49854217662519135,0,0,9.221789883268482,17.68257647062626,CORO1B
GO_Biological_Process_2023,Natural Killer Cell Degranulation (GO:0043320),0.1469772153748029,0.49854217662519135,0,0,9.221789883268482,17.68257647062626,VAMP2
GO_Biological_Process_2023,Multicellular Organismal-Level Iron Ion Homeostasis (GO:0060586),0.1469772153748029,0.49854217662519135,0,0,9.221789883268482,17.68257647062626,HMOX1
GO_Biological_Process_2023,Morphogenesis Of An Endothelium (GO:0003159),0.1469772153748029,0.49854217662519135,0,0,9.221789883268482,17.68257647062626,RHOB
GO_Biological_Process_2023,Mitophagy (GO:0000423),0.1469772153748029,0.49854217662519135,0,0,9.221789883268482,17.68257647062626,ARFIP2
GO_Biological_Process_2023,Mitochondrial Calcium Ion Transmembrane Transport (GO:0006851),0.1469772153748029,0.49854217662519135,0,0,9.221789883268482,17.68257647062626,MICU1
GO_Biological_Process_2023,Microtubule Anchoring At Microtubule Organizing Center (GO:0072393),0.1469772153748029,0.49854217662519135,0,0,9.221789883268482,17.68257647062626,MAP1S
GO_Biological_Process_2023,Microtubule Anchoring At Centrosome (GO:0034454),0.1469772153748029,0.49854217662519135,0,0,9.221789883268482,17.68257647062626,MAP1S
GO_Biological_Process_2023,Membrane Repolarization During Action Potential (GO:0086011),0.1469772153748029,0.49854217662519135,0,0,9.221789883268482,17.68257647062626,YWHAE
GO_Biological_Process_2023,Membrane Invagination (GO:0010324),0.1469772153748029,0.49854217662519135,0,0,9.221789883268482,17.68257647062626,HGS
GO_Biological_Process_2023,Maintenance Of Epithelial Cell Apical/Basal Polarity (GO:0045199),0.1469772153748029,0.49854217662519135,0,0,9.221789883268482,17.68257647062626,SLC9A3R1
GO_Biological_Process_2023,Positive Regulation Of Interleukin-13 Production (GO:0032736),0.1469772153748029,0.49854217662519135,0,0,9.221789883268482,17.68257647062626,LGALS9
GO_Biological_Process_2023,Positive Regulation Of Integrin-Mediated Signaling Pathway (GO:2001046),0.1469772153748029,0.49854217662519135,0,0,9.221789883268482,17.68257647062626,FLNA
GO_Biological_Process_2023,Positive Regulation Of Integrin Activation (GO:0033625),0.1469772153748029,0.49854217662519135,0,0,9.221789883268482,17.68257647062626,PIEZO1
GO_Biological_Process_2023,Positive Regulation Of Cysteine-Type Endopeptidase Activity Involved In Apoptotic Signaling Pathway (GO:2001269),0.1469772153748029,0.49854217662519135,0,0,9.221789883268482,17.68257647062626,LGALS9
GO_Biological_Process_2023,Positive Regulation Of Actin Cytoskeleton Reorganization (GO:2000251),0.1469772153748029,0.49854217662519135,0,0,9.221789883268482,17.68257647062626,BCAS3
GO_Biological_Process_2023,Positive Regulation Of T Cell Apoptotic Process (GO:0070234),0.1469772153748029,0.49854217662519135,0,0,9.221789883268482,17.68257647062626,LGALS9
GO_Biological_Process_2023,Porphyrin-Containing Compound Catabolic Process (GO:0006787),0.1469772153748029,0.49854217662519135,0,0,9.221789883268482,17.68257647062626,HMOX1
GO_Biological_Process_2023,Peptidyl-Lysine Trimethylation (GO:0018023),0.1469772153748029,0.49854217662519135,0,0,9.221789883268482,17.68257647062626,FAM86B1
GO_Biological_Process_2023,Nucleosome Disassembly (GO:0006337),0.1469772153748029,0.49854217662519135,0,0,9.221789883268482,17.68257647062626,SMARCB1
GO_Biological_Process_2023,Nucleoside Diphosphate Catabolic Process (GO:0009134),0.1469772153748029,0.49854217662519135,0,0,9.221789883268482,17.68257647062626,ENTPD6
GO_Biological_Process_2023,Nuclear Migration (GO:0007097),0.1469772153748029,0.49854217662519135,0,0,9.221789883268482,17.68257647062626,SLC9A3R1
GO_Biological_Process_2023,Negative Regulation Of Smoothened Signaling Pathway (GO:0045879),0.1469772153748029,0.49854217662519135,0,0,9.221789883268482,17.68257647062626,MGRN1
GO_Biological_Process_2023,Negative Regulation Of Ryanodine-Sensitive Calcium-Release Channel Activity (GO:0060315),0.1469772153748029,0.49854217662519135,0,0,9.221789883268482,17.68257647062626,GSTM2
GO_Biological_Process_2023,Negative Regulation Of Response To Cytokine Stimulus (GO:0060761),0.1469772153748029,0.49854217662519135,0,0,9.221789883268482,17.68257647062626,SIGIRR
GO_Biological_Process_2023,Negative Regulation Of Release Of Sequestered Calcium Ion Into Cytosol (GO:0051280),0.1469772153748029,0.49854217662519135,0,0,9.221789883268482,17.68257647062626,GSTM2
GO_Biological_Process_2023,Negative Regulation Of Receptor Signaling Pathway Via JAK-STAT (GO:0046426),0.1469772153748029,0.49854217662519135,0,0,9.221789883268482,17.68257647062626,HGS
GO_Biological_Process_2023,Regulation Of Blood-Brain Barrier Permeability (GO:1905603),0.1469772153748029,0.49854217662519135,0,0,9.221789883268482,17.68257647062626,TJP3
GO_Biological_Process_2023,Regulation Of Blood Vessel Endothelial Cell Proliferation Involved In Sprouting Angiogenesis (GO:1903587),0.1469772153748029,0.49854217662519135,0,0,9.221789883268482,17.68257647062626,HMOX1
GO_Biological_Process_2023,Regulation Of Atrial Cardiac Muscle Cell Membrane Repolarization (GO:0060372),0.1469772153748029,0.49854217662519135,0,0,9.221789883268482,17.68257647062626,FLNA
GO_Biological_Process_2023,"Regulation Of CD8-positive, Alpha-Beta T Cell Proliferation (GO:2000564)",0.1469772153748029,0.49854217662519135,0,0,9.221789883268482,17.68257647062626,SLC4A2
GO_Biological_Process_2023,"Regulation Of CD4-positive, Alpha-Beta T Cell Proliferation (GO:2000561)",0.1469772153748029,0.49854217662519135,0,0,9.221789883268482,17.68257647062626,LGALS9
GO_Biological_Process_2023,rRNA Catabolic Process (GO:0016075),0.1469772153748029,0.49854217662519135,0,0,9.221789883268482,17.68257647062626,EXOSC10
GO_Biological_Process_2023,rRNA Base Methylation (GO:0070475),0.1469772153748029,0.49854217662519135,0,0,9.221789883268482,17.68257647062626,NOP2
GO_Biological_Process_2023,Protein Transport To Vacuole Involved In Ubiquitin-Dependent Protein Catabolic Process Via The Multivesicular Body Sorting Pathway (GO:0043328),0.1469772153748029,0.49854217662519135,0,0,9.221789883268482,17.68257647062626,VPS37B
GO_Biological_Process_2023,Positive Regulation Of Vascular Permeability (GO:0043117),0.1469772153748029,0.49854217662519135,0,0,9.221789883268482,17.68257647062626,TJP3
GO_Biological_Process_2023,Positive Regulation Of Transcription Of Nucleolar Large rRNA By RNA Polymerase I (GO:1901838),0.1469772153748029,0.49854217662519135,0,0,9.221789883268482,17.68257647062626,SMARCB1
GO_Biological_Process_2023,Positive Regulation Of Sprouting Angiogenesis (GO:1903672),0.1469772153748029,0.49854217662519135,0,0,9.221789883268482,17.68257647062626,ITGA5
GO_Biological_Process_2023,Positive Regulation Of Protein Localization To Cajal Body (GO:1904871),0.1469772153748029,0.49854217662519135,0,0,9.221789883268482,17.68257647062626,MEPCE
GO_Biological_Process_2023,Positive Regulation Of Potassium Ion Transport (GO:0043268),0.1469772153748029,0.49854217662519135,0,0,9.221789883268482,17.68257647062626,FLNA
GO_Biological_Process_2023,Positive Regulation Of Mitochondrial Calcium Ion Concentration (GO:0051561),0.1469772153748029,0.49854217662519135,0,0,9.221789883268482,17.68257647062626,MICU1
GO_Biological_Process_2023,Positive Regulation Of Macrophage Chemotaxis (GO:0010759),0.1469772153748029,0.49854217662519135,0,0,9.221789883268482,17.68257647062626,CSF1R
GO_Biological_Process_2023,Positive Regulation Of Lamellipodium Morphogenesis (GO:2000394),0.1469772153748029,0.49854217662519135,0,0,9.221789883268482,17.68257647062626,CORO1B
GO_Biological_Process_2023,Positive Regulation Of Cell-Substrate Adhesion (GO:0010811),0.14790189023701467,0.49854217662519135,0,0,2.4138107416879797,4.613289883373541,TESK1;FLNA;CD3E
GO_Biological_Process_2023,Cell-Matrix Adhesion (GO:0007160),0.14790189023701467,0.49854217662519135,0,0,2.4138107416879797,4.613289883373541,TRIP6;ZYX;ITGA5
GO_Biological_Process_2023,T Cell Receptor Signaling Pathway (GO:0050852),0.14790189023701467,0.49854217662519135,0,0,2.4138107416879797,4.613289883373541,ZAP70;FCHO1;CD3E
GO_Biological_Process_2023,Regulation Of Catabolic Process (GO:0009894),0.1469772153748029,0.49854217662519135,0,0,9.221789883268482,17.68257647062626,HGS
GO_Biological_Process_2023,Regulation Of Cardiac Conduction (GO:1903779),0.1469772153748029,0.49854217662519135,0,0,9.221789883268482,17.68257647062626,ATP2A3
GO_Biological_Process_2023,Regulation Of Inflammatory Response To Antigenic Stimulus (GO:0002861),0.100546932852603,0.49854217662519135,0,0,18.44747081712062,42.37625094134687,RHBDF2
GO_Biological_Process_2023,NAD Biosynthetic Process (GO:0009435),0.100546932852603,0.49854217662519135,0,0,18.44747081712062,42.37625094134687,NADSYN1
GO_Biological_Process_2023,L-glutamate Transmembrane Transport (GO:0015813),0.100546932852603,0.49854217662519135,0,0,18.44747081712062,42.37625094134687,PRAF2
GO_Biological_Process_2023,L-glutamate Import (GO:0051938),0.100546932852603,0.49854217662519135,0,0,18.44747081712062,42.37625094134687,PRAF2
GO_Biological_Process_2023,Golgi Disassembly (GO:0090166),0.100546932852603,0.49854217662519135,0,0,18.44747081712062,42.37625094134687,STX5
GO_Biological_Process_2023,Regulation Of Endothelial Cell Chemotaxis (GO:2001026),0.100546932852603,0.49854217662519135,0,0,18.44747081712062,42.37625094134687,HSPB1
GO_Biological_Process_2023,CD40 Signaling Pathway (GO:0023035),0.100546932852603,0.49854217662519135,0,0,18.44747081712062,42.37625094134687,ITGA5
GO_Biological_Process_2023,ATP Synthesis Coupled Electron Transport (GO:0042773),0.100546932852603,0.49854217662519135,0,0,18.44747081712062,42.37625094134687,NDUFV1
GO_Biological_Process_2023,Actin Filament Organization (GO:0007015),0.0955929948127615,0.49854217662519135,0,0,2.473490813648294,5.806904900628449,TPM2;FLNA;RHOF;CORO1B
GO_Biological_Process_2023,Positive Regulation Of B Cell Activation (GO:0050871),0.09096465300157495,0.49854217662519135,0,0,3.0875816993464054,7.40181106018226,SASH3;CD74;SPI1
GO_Biological_Process_2023,Spliceosomal Complex Assembly (GO:0000245),0.09096465300157495,0.49854217662519135,0,0,3.0875816993464054,7.40181106018226,SF3B4;SF3A1;SF3A2
GO_Biological_Process_2023,Regulation Of Plasma Membrane Bounded Cell Projection Assembly (GO:0120032),0.09096465300157495,0.49854217662519135,0,0,3.0875816993464054,7.40181106018226,IFT140;TBC1D17;TBC1D10B
GO_Biological_Process_2023,Positive Regulation Of Monooxygenase Activity (GO:0032770),0.09079510402411003,0.49854217662519135,0,0,4.623046875,11.091382518436083,FCER2;POR
GO_Biological_Process_2023,Positive Regulation Of Immunoglobulin Production (GO:0002639),0.09079510402411003,0.49854217662519135,0,0,4.623046875,11.091382518436083,SASH3;GPI
GO_Biological_Process_2023,Phosphatidic Acid Metabolic Process (GO:0046473),0.09079510402411003,0.49854217662519135,0,0,4.623046875,11.091382518436083,DGKA;DGKZ
GO_Biological_Process_2023,Phosphatidic Acid Biosynthetic Process (GO:0006654),0.09079510402411003,0.49854217662519135,0,0,4.623046875,11.091382518436083,DGKA;DGKZ
GO_Biological_Process_2023,Multivesicular Body Organization (GO:0036257),0.09079510402411003,0.49854217662519135,0,0,4.623046875,11.091382518436083,HGS;VPS37B
GO_Biological_Process_2023,Multivesicular Body Assembly (GO:0036258),0.09079510402411003,0.49854217662519135,0,0,4.623046875,11.091382518436083,HGS;VPS37B
GO_Biological_Process_2023,mRNA Catabolic Process (GO:0006402),0.09079510402411003,0.49854217662519135,0,0,4.623046875,11.091382518436083,RNH1;EXOSC10
GO_Biological_Process_2023,Liver Development (GO:0001889),0.09079510402411003,0.49854217662519135,0,0,4.623046875,11.091382518436083,CITED2;PRKCSH
GO_Biological_Process_2023,Ubiquitin-Dependent Protein Catabolic Process Via The Multivesicular Body Sorting Pathway (GO:0043162),0.09079510402411003,0.49854217662519135,0,0,4.623046875,11.091382518436083,HGS;VPS37B
GO_Biological_Process_2023,Establishment Of Protein Localization To Membrane (GO:0090150),0.09079510402411003,0.49854217662519135,0,0,4.623046875,11.091382518436083,VPS37B;RAB11B
GO_Biological_Process_2023,Epithelial Tube Morphogenesis (GO:0060562),0.09079510402411003,0.49854217662519135,0,0,4.623046875,11.091382518436083,CSF1R;RHOB
GO_Biological_Process_2023,Regulation Of Vasculature Development (GO:1901342),0.09079510402411003,0.49854217662519135,0,0,4.623046875,11.091382518436083,RNH1;HMOX1
GO_Biological_Process_2023,Regulation Of Vascular Endothelial Growth Factor Receptor Signaling Pathway (GO:0030947),0.09079510402411003,0.49854217662519135,0,0,4.623046875,11.091382518436083,HGS;ITGA5
GO_Biological_Process_2023,Regulation Of Potassium Ion Transmembrane Transport (GO:1901379),0.09079510402411003,0.49854217662519135,0,0,4.623046875,11.091382518436083,YWHAE;FLNA
GO_Biological_Process_2023,Adenylate Cyclase-Inhibiting G Protein-Coupled Receptor Signaling Pathway (GO:0007193),0.09079510402411003,0.49854217662519135,0,0,4.623046875,11.091382518436083,FLNA;GNAI2
GO_Biological_Process_2023,Regulation Of Lymphocyte Activation (GO:0051249),0.09079510402411003,0.49854217662519135,0,0,4.623046875,11.091382518436083,DCAF15;CD4
GO_Biological_Process_2023,Actin Filament Bundle Organization (GO:0061572),0.09079510402411003,0.49854217662519135,0,0,4.623046875,11.091382518436083,CORO1B;LIMD2
GO_Biological_Process_2023,Actin Filament Bundle Assembly (GO:0051017),0.09079510402411003,0.49854217662519135,0,0,4.623046875,11.091382518436083,CORO1B;LIMD2
GO_Biological_Process_2023,Protein Catabolic Process (GO:0030163),0.08772276796980309,0.49854217662519135,0,0,2.559326635894651,6.228310250151504,CTRL;CTSW;TCIRG1;CTSD
GO_Biological_Process_2023,Glycerophospholipid Biosynthetic Process (GO:0046474),0.08772276796980309,0.49854217662519135,0,0,2.559326635894651,6.228310250151504,PITPNM1;DGKA;PIP5K1C;DGKZ
GO_Biological_Process_2023,Plasma Membrane Bounded Cell Projection Organization (GO:0120036),0.08018242282850377,0.49854217662519135,0,0,2.651293588301462,6.690409337005807,CSF1R;SLC9A3R1;ARFIP2;CORO1B
GO_Biological_Process_2023,Negative Regulation Of Signal Transduction (GO:0009968),0.0766594825021876,0.49854217662519135,0,0,2.1474358974358974,5.515435639869742,SIGIRR;GPI;SLC9A3R1;HGS;CNOT1;MGRN1
GO_Biological_Process_2023,Positive Regulation Of Protein Import Into Nucleus (GO:0042307),0.07512282590497271,0.49854217662519135,0,0,5.284598214285714,13.67987384182662,TRIM28;FLNA
GO_Biological_Process_2023,Negative Regulation Of Chemokine Production (GO:0032682),0.07512282590497271,0.49854217662519135,0,0,5.284598214285714,13.67987384182662,SIGIRR;LGALS9
GO_Biological_Process_2023,Microtubule Cytoskeleton Organization Involved In Mitosis (GO:1902850),0.07512282590497271,0.49854217662519135,0,0,5.284598214285714,13.67987384182662,MAP1S;TUBG2
GO_Biological_Process_2023,Hepaticobiliary System Development (GO:0061008),0.07512282590497271,0.49854217662519135,0,0,5.284598214285714,13.67987384182662,CITED2;PRKCSH
GO_Biological_Process_2023,Cortical Cytoskeleton Organization (GO:0030865),0.07512282590497271,0.49854217662519135,0,0,5.284598214285714,13.67987384182662,FMNL1;FHOD1
GO_Biological_Process_2023,Cellular Response To Heat (GO:0034605),0.07512282590497271,0.49854217662519135,0,0,5.284598214285714,13.67987384182662,YWHAE;HMOX1
GO_Biological_Process_2023,Regulation Of Metal Ion Transport (GO:0010959),0.07512282590497271,0.49854217662519135,0,0,5.284598214285714,13.67987384182662,CD4;ATP1A1
GO_Biological_Process_2023,Positive Regulation Of Angiogenesis (GO:0045766),0.07298078645294914,0.49854217662519135,0,0,2.7500729075532226,7.19847828714375,HMOX1;HSPB1;ITGA5;RHOB
GO_Biological_Process_2023,Cellular Component Assembly (GO:0022607),0.07187485331000036,0.49854217662519135,0,0,2.0384711155378485,5.366945503297356,CD74;SLC9A3R1;CD3E;VAMP2;PEX14;CORO1B;LIMD2
GO_Biological_Process_2023,Gland Development (GO:0048732),0.07140167516802662,0.49854217662519135,0,0,3.475,9.172032969907267,SLC9A3R1;CITED2;PRKCSH
GO_Biological_Process_2023,Positive Regulation Of Intracellular Protein Transport (GO:0090316),0.06849157377111718,0.49854217662519135,0,0,2.44643228624922,6.558993952692137,YWHAE;BCAS3;TRIM28;FLNA;VAMP2
GO_Biological_Process_2023,Positive Regulation Of Chemokine Production (GO:0032722),0.06612567130209251,0.49854217662519135,0,0,2.856450635978195,7.758686181060709,CSF1R;CD74;HMOX1;LGALS9
GO_Biological_Process_2023,Protein Transport (GO:0015031),0.06296817767685935,0.49854217662519135,0,0,1.9912533333333333,5.506065959257325,CD74;SCAMP4;RAB5C;STXBP2;ARFIP2;STX5;VAMP2;RAB11B
GO_Biological_Process_2023,Positive Regulation Of Nucleocytoplasmic Transport (GO:0046824),0.06242104760213373,0.49854217662519135,0,0,3.707450980392157,10.283923131425356,YWHAE;TRIM28;FLNA
GO_Biological_Process_2023,Negative Regulation Of Immune Response (GO:0050777),0.06242104760213373,0.49854217662519135,0,0,3.707450980392157,10.283923131425356,SPI1;RHBDF2;BANF1
GO_Biological_Process_2023,Mitotic Spindle Organization (GO:0007052),0.06242104760213373,0.49854217662519135,0,0,3.707450980392157,10.283923131425356,MAP1S;FLNA;TUBG2
GO_Biological_Process_2023,Cell-Cell Junction Organization (GO:0045216),0.06242104760213373,0.49854217662519135,0,0,3.707450980392157,10.283923131425356,CSF1R;TLN1;TJP3
GO_Biological_Process_2023,Neutrophil Activation Involved In Immune Response (GO:0002283),0.06043873470371291,0.49854217662519135,0,0,6.166666666666667,17.304437972037892,STXBP2;VAMP2
GO_Biological_Process_2023,"Maturation Of 5.8S rRNA From Tricistronic rRNA Transcript (SSU-rRNA, 5.8S rRNA, LSU-rRNA) (GO:0000466)",0.06043873470371291,0.49854217662519135,0,0,6.166666666666667,17.304437972037892,EXOSC10;ERI3
GO_Biological_Process_2023,mRNA Splice Site Recognition (GO:0006376),0.06043873470371291,0.49854217662519135,0,0,6.166666666666667,17.304437972037892,SF3A1;SF3A2
GO_Biological_Process_2023,Late Endosome To Vacuole Transport Via Multivesicular Body Sorting Pathway (GO:0032511),0.06043873470371291,0.49854217662519135,0,0,6.166666666666667,17.304437972037892,HGS;VPS37B
GO_Biological_Process_2023,Glycerophospholipid Catabolic Process (GO:0046475),0.06043873470371291,0.49854217662519135,0,0,6.166666666666667,17.304437972037892,PLA2G15;PNPLA6
GO_Biological_Process_2023,Cellular Response To Interleukin-6 (GO:0071354),0.06043873470371291,0.49854217662519135,0,0,6.166666666666667,17.304437972037892,SBNO2;SPI1
GO_Biological_Process_2023,Regulation Of Intracellular Transport (GO:0032386),0.06043873470371291,0.49854217662519135,0,0,6.166666666666667,17.304437972037892,ATP13A2;RAB11B
GO_Biological_Process_2023,Regulation Of Immunoglobulin Production (GO:0002637),0.06043873470371291,0.49854217662519135,0,0,6.166666666666667,17.304437972037892,SASH3;GPI
GO_Biological_Process_2023,Golgi To Vacuole Transport (GO:0006896),0.06043873470371291,0.49854217662519135,0,0,6.166666666666667,17.304437972037892,GAK;AP1G2
GO_Biological_Process_2023,Regulation Of Actin Cytoskeleton Organization (GO:0032956),0.059623778901360606,0.49854217662519135,0,0,2.9713385826771654,8.378285807245081,CSF1R;RNH1;TESK1;SLC4A2
GO_Biological_Process_2023,Macroautophagy (GO:0016236),0.059623778901360606,0.49854217662519135,0,0,2.9713385826771654,8.378285807245081,HGS;ATP13A2;TCIRG1;VPS37B
GO_Biological_Process_2023,Regulation Of Protein Catabolic Process (GO:0042176),0.059623778901360606,0.49854217662519135,0,0,2.9713385826771654,8.378285807245081,HGS;FLNA;STX5;ATP13A2
GO_Biological_Process_2023,Regulation Of Mitotic Cell Cycle (GO:0007346),0.057878609128077595,0.49854217662519135,0,0,2.583443126921388,7.3612819834171965,YWHAE;SLC9A3R1;ERCC2;CDC25B;ANAPC2
KEGG_2021_Human,Pyrimidine metabolism,0.03255736233648307,0.4992841448319985,0,0,3.7181102362204723,12.733604539865855,CANT1;ENTPD6;UPP1;UCKL1
KEGG_2021_Human,Phosphatidylinositol signaling system,0.03255736233648307,0.4992841448319985,0,0,3.7181102362204723,12.733604539865855,PPIP5K1;DGKA;PIP5K1C;DGKZ
KEGG_2021_Human,Vasopressin-regulated water reabsorption,0.032378291072257044,0.4992841448319985,0,0,5.059893048128342,17.356784700012597,RAB5C;VAMP2;RAB11B
KEGG_2021_Human,RNA degradation,0.02824131762907854,0.4992841448319985,0,0,3.9146290924160794,13.96336143805565,EXOSC10;CNOT1;CNOT3;ENO2
KEGG_2021_Human,Th1 and Th2 cell differentiation,0.022569371913236408,0.4992841448319985,0,0,3.451178451178451,13.08397493216571,ZAP70;HLA-DMA;CD4;CD3E;IL2RG
KEGG_2021_Human,Lysosome,0.021767494395199708,0.4992841448319985,0,0,3.027670527670528,11.58791696256853,PLA2G15;AP1G2;ACP5;CTSW;TCIRG1;CTSD
KEGG_2021_Human,Human T-cell leukemia virus 1 infection,0.018140378218300193,0.4992841448319985,0,0,2.4478784704033525,9.815050195289265,HLA-DMA;CCND3;CD4;SPI1;TLN1;CD3E;IL2RG;MAP3K14;ANAPC2
KEGG_2021_Human,Protein digestion and absorption,0.017436213766417474,0.4992841448319985,0,0,4.6515748031496065,18.83518453082329,CTRL;COL6A2;COL9A2;ATP1A1
KEGG_2021_Human,Primary immunodeficiency,0.017436213766417474,0.4992841448319985,0,0,4.6515748031496065,18.83518453082329,ZAP70;CD4;CD3E;IL2RG
KEGG_2021_Human,Focal adhesion,0.012323247792803443,0.4992841448319985,0,0,2.8310943396226413,12.44624870306066,CCND3;COL6A2;ZYX;FLNA;PIP5K1C;COL9A2;ITGA5;TLN1
KEGG_2021_Human,Hematopoietic cell lineage,0.00915992087116262,0.4992841448319985,0,0,3.00288,14.092268819646222,CSF1R;FCER2;HLA-DMA;CD4;CD7;CD37;ITGA5;CD3E
KEGG_2021_Human,Glycerophospholipid metabolism,0.007982996553369235,0.4992841448319985,0,0,4.66600790513834,22.538877897990453,PLA2G15;DGKA;PNPLA6;DGKZ;PLD3
KEGG_2021_Human,Pancreatic secretion,0.037238200590102535,0.4992841448319985,0,0,3.5403074615673042,11.649098998180186,CTRL;ATP2A3;SLC4A2;ATP1A1
KEGG_2021_Human,ECM-receptor interaction,0.037238200590102535,0.4992841448319985,0,0,3.5403074615673042,11.649098998180186,SV2A;COL6A2;ITGA5;COL9A2
KEGG_2021_Human,Salivary secretion,0.037238200590102535,0.4992841448319985,0,0,3.5403074615673042,11.649098998180186,CST3;SLC4A2;ATP1A1;VAMP2
KEGG_2021_Human,Glycerolipid metabolism,0.03896851862103403,0.4992841448319985,0,0,4.637254901960785,15.04789759947484,DGKA;DGKZ;PNPLA2
Reactome_2022,Late SARS-CoV-2 Infection Events R-HSA-9772573,0.05400763511255567,0.5053571571246281,0,0,3.973109243697479,11.596035241685165,PARP4;PRKCSH;MOGS
Reactome_2022,NCAM Signaling For Neurite Out-Growth R-HSA-375165,0.05400763511255567,0.5053571571246281,0,0,3.973109243697479,11.596035241685165,COL6A2;COL9A2;SPTAN1
GO_Biological_Process_2023,Positive Regulation Of Gene Expression (GO:0010628),0.1502974136836711,0.5055458460268938,0,0,1.4747618908921445,2.794879055443675,CD74;CALCOCO1;SPI1;SMARCB1;ZNF580;HGS;CITED2;ATP13A2;LGALS9;CD3E;EEF2
GO_Biological_Process_2023,Microvillus Organization (GO:0032528),0.19101955669166354,0.5082142386228038,0,0,6.1465629053177695,10.174894014539252,SLC9A3R1
GO_Biological_Process_2023,Membrane Repolarization During Cardiac Muscle Cell Action Potential (GO:0086013),0.19101955669166354,0.5082142386228038,0,0,6.1465629053177695,10.174894014539252,YWHAE
GO_Biological_Process_2023,Melanosome Transport (GO:0032402),0.19101955669166354,0.5082142386228038,0,0,6.1465629053177695,10.174894014539252,RAB11B
GO_Biological_Process_2023,Melanosome Localization (GO:0032400),0.19101955669166354,0.5082142386228038,0,0,6.1465629053177695,10.174894014539252,RAB11B
GO_Biological_Process_2023,Macromolecule Depalmitoylation (GO:0098734),0.19101955669166354,0.5082142386228038,0,0,6.1465629053177695,10.174894014539252,ABHD17A
GO_Biological_Process_2023,Cellular Response To Hormone Stimulus (GO:0032870),0.16042708930479307,0.5082142386228038,0,0,2.312745098039216,4.23212859245053,BCAS3;ATP1A1;PELP1
GO_Biological_Process_2023,Golgi To Plasma Membrane Transport (GO:0006893),0.1607335557557256,0.5082142386228038,0,0,3.0794270833333335,5.6292149359662496,CCDC22;VAMP2
GO_Biological_Process_2023,Regulation Of Lipid Metabolic Process (GO:0019216),0.1607335557557256,0.5082142386228038,0,0,3.0794270833333335,5.6292149359662496,MID1IP1;CIDEB
GO_Biological_Process_2023,Cytoskeleton-Dependent Cytokinesis (GO:0061640),0.1607335557557256,0.5082142386228038,0,0,3.0794270833333335,5.6292149359662496,CFL1;RHOB
GO_Biological_Process_2023,Immunoglobulin Mediated Immune Response (GO:0016064),0.1607335557557256,0.5082142386228038,0,0,3.0794270833333335,5.6292149359662496,CD74;HLA-DMA
GO_Biological_Process_2023,Nucleoside Diphosphate Metabolic Process (GO:0009132),0.19101955669166354,0.5082142386228038,0,0,6.1465629053177695,10.174894014539252,ENTPD6
GO_Biological_Process_2023,Peptide Antigen Assembly With MHC Class II Protein Complex (GO:0002503),0.19101955669166354,0.5082142386228038,0,0,6.1465629053177695,10.174894014539252,HLA-DMA
GO_Biological_Process_2023,Peptide Antigen Assembly With MHC Protein Complex (GO:0002501),0.19101955669166354,0.5082142386228038,0,0,6.1465629053177695,10.174894014539252,HLA-DMA
GO_Biological_Process_2023,Peptidyl-Proline Hydroxylation To 4-hydroxy-L-proline (GO:0018401),0.19101955669166354,0.5082142386228038,0,0,6.1465629053177695,10.174894014539252,P4HTM
GO_Biological_Process_2023,Phosphatidylcholine Catabolic Process (GO:0034638),0.19101955669166354,0.5082142386228038,0,0,6.1465629053177695,10.174894014539252,PLA2G15
GO_Biological_Process_2023,Positive Regulation Of B Cell Differentiation (GO:0045579),0.19101955669166354,0.5082142386228038,0,0,6.1465629053177695,10.174894014539252,SPI1
GO_Biological_Process_2023,Positive Regulation Of Cell Killing (GO:0031343),0.19101955669166354,0.5082142386228038,0,0,6.1465629053177695,10.174894014539252,FCER2
GO_Biological_Process_2023,Positive Regulation Of Dendritic Cell Chemotaxis (GO:2000510),0.19101955669166354,0.5082142386228038,0,0,6.1465629053177695,10.174894014539252,LGALS9
GO_Biological_Process_2023,Positive Regulation Of Embryonic Development (GO:0040019),0.19101955669166354,0.5082142386228038,0,0,6.1465629053177695,10.174894014539252,CFL1
GO_Biological_Process_2023,Positive Regulation Of Immune System Process (GO:0002684),0.19101955669166354,0.5082142386228038,0,0,6.1465629053177695,10.174894014539252,LGALS9
GO_Biological_Process_2023,Positive Regulation Of Killing Of Cells Of Another Organism (GO:0051712),0.19101955669166354,0.5082142386228038,0,0,6.1465629053177695,10.174894014539252,FCER2
GO_Biological_Process_2023,Positive Regulation Of Leukocyte Apoptotic Process (GO:2000108),0.19101955669166354,0.5082142386228038,0,0,6.1465629053177695,10.174894014539252,LGALS9
GO_Biological_Process_2023,Regulation Of Cysteine-Type Endopeptidase Activity Involved In Apoptotic Signaling Pathway (GO:2001267),0.19101955669166354,0.5082142386228038,0,0,6.1465629053177695,10.174894014539252,LGALS9
GO_Biological_Process_2023,Regulation Of Delayed Rectifier Potassium Channel Activity (GO:1902259),0.19101955669166354,0.5082142386228038,0,0,6.1465629053177695,10.174894014539252,VAMP2
GO_Biological_Process_2023,Regulation Of Dendritic Cell Apoptotic Process (GO:2000668),0.19101955669166354,0.5082142386228038,0,0,6.1465629053177695,10.174894014539252,LGALS9
GO_Biological_Process_2023,Regulation Of Dendritic Cell Chemotaxis (GO:2000508),0.19101955669166354,0.5082142386228038,0,0,6.1465629053177695,10.174894014539252,LGALS9
GO_Biological_Process_2023,DNA Strand Elongation Involved In DNA Replication (GO:0006271),0.19101955669166354,0.5082142386228038,0,0,6.1465629053177695,10.174894014539252,POLD2
GO_Biological_Process_2023,Peptide Metabolic Process (GO:0006518),0.1607335557557256,0.5082142386228038,0,0,3.0794270833333335,5.6292149359662496,APEH;NAALADL1
GO_Biological_Process_2023,Positive Regulation Of Exocytosis (GO:0045921),0.1607335557557256,0.5082142386228038,0,0,3.0794270833333335,5.6292149359662496,HGS;ATP13A2
GO_Biological_Process_2023,Positive Regulation Of Production Of Molecular Mediator Of Immune Response (GO:0002702),0.1607335557557256,0.5082142386228038,0,0,3.0794270833333335,5.6292149359662496,SASH3;GPI
GO_Biological_Process_2023,Positive Regulation Of Stress Fiber Assembly (GO:0051496),0.1607335557557256,0.5082142386228038,0,0,3.0794270833333335,5.6292149359662496,FHOD1;TESK1
GO_Biological_Process_2023,Positive Regulation Of Protein Modification Process (GO:0031401),0.1691805739156335,0.5082142386228038,0,0,1.7824566737610217,3.167048786653693,CD74;CSF1R;CCND3;CD4;TESK1
GO_Biological_Process_2023,Regulation Of MAPK Cascade (GO:0043408),0.1691805739156335,0.5082142386228038,0,0,1.7824566737610217,3.167048786653693,MAP4K1;CD74;CSF1R;DOK2;CD4
GO_Biological_Process_2023,ncRNA Processing (GO:0034470),0.17326067168303275,0.5082142386228038,0,0,2.219764705882353,3.8911544009439822,EXOSC10;RRP9;PELP1
GO_Biological_Process_2023,Positive Regulation Of Vasculature Development (GO:1904018),0.17326067168303275,0.5082142386228038,0,0,2.219764705882353,3.8911544009439822,HMOX1;HSPB1;RHOB
GO_Biological_Process_2023,Negative Regulation Of Cell Migration (GO:0030336),0.17942966495965754,0.5082142386228038,0,0,1.8990510801534424,3.262516556650411,CD74;CITED2;HMOX1;RHOB
GO_Biological_Process_2023,RNA Catabolic Process (GO:0006401),0.17946664577181554,0.5082142386228038,0,0,2.8419471153846154,4.881799860744331,RNH1;EXOSC10
GO_Biological_Process_2023,Regulation Of Protein Localization To Nucleus (GO:1900180),0.17946664577181554,0.5082142386228038,0,0,2.8419471153846154,4.881799860744331,TESK1;ATP13A2
GO_Biological_Process_2023,Positive Regulation Of Leukocyte Differentiation (GO:1902107),0.19101955669166354,0.5082142386228038,0,0,6.1465629053177695,10.174894014539252,LGALS9
GO_Biological_Process_2023,Positive Regulation Of Ligase Activity (GO:0051351),0.19101955669166354,0.5082142386228038,0,0,6.1465629053177695,10.174894014539252,MID1IP1
GO_Biological_Process_2023,Positive Regulation Of Macrophage Migration (GO:1905523),0.19101955669166354,0.5082142386228038,0,0,6.1465629053177695,10.174894014539252,CSF1R
GO_Biological_Process_2023,Positive Regulation Of Myeloid Leukocyte Cytokine Production Involved In Immune Response (GO:0061081),0.19101955669166354,0.5082142386228038,0,0,6.1465629053177695,10.174894014539252,CD74
GO_Biological_Process_2023,Positive Regulation Of Myotube Differentiation (GO:0010831),0.19101955669166354,0.5082142386228038,0,0,6.1465629053177695,10.174894014539252,PIEZO1
GO_Biological_Process_2023,Positive Regulation Of Triglyceride Catabolic Process (GO:0010898),0.19101955669166354,0.5082142386228038,0,0,6.1465629053177695,10.174894014539252,PNPLA2
GO_Biological_Process_2023,Positive Regulation Of Vascular Endothelial Growth Factor Receptor Signaling Pathway (GO:0030949),0.19101955669166354,0.5082142386228038,0,0,6.1465629053177695,10.174894014539252,ITGA5
GO_Biological_Process_2023,Prostanoid Metabolic Process (GO:0006692),0.19101955669166354,0.5082142386228038,0,0,6.1465629053177695,10.174894014539252,GSTM1
GO_Biological_Process_2023,Protein Depalmitoylation (GO:0002084),0.19101955669166354,0.5082142386228038,0,0,6.1465629053177695,10.174894014539252,ABHD17A
GO_Biological_Process_2023,Protein Import Into Peroxisome Matrix (GO:0016558),0.19101955669166354,0.5082142386228038,0,0,6.1465629053177695,10.174894014539252,PEX14
GO_Biological_Process_2023,Regulation Of DNA-templated DNA Replication Initiation (GO:0030174),0.19101955669166354,0.5082142386228038,0,0,6.1465629053177695,10.174894014539252,MCM5
GO_Biological_Process_2023,Regulation Of ERBB Signaling Pathway (GO:1901184),0.19101955669166354,0.5082142386228038,0,0,6.1465629053177695,10.174894014539252,RHBDF2
GO_Biological_Process_2023,Regulation Of Actomyosin Structure Organization (GO:0110020),0.19101955669166354,0.5082142386228038,0,0,6.1465629053177695,10.174894014539252,FHOD1
GO_Biological_Process_2023,Regulation Of Adenylate Cyclase Activity (GO:0045761),0.19101955669166354,0.5082142386228038,0,0,6.1465629053177695,10.174894014539252,GNAI2
GO_Biological_Process_2023,Regulation Of Cell Cycle Phase Transition (GO:1901987),0.19101955669166354,0.5082142386228038,0,0,6.1465629053177695,10.174894014539252,ERCC2
GO_Biological_Process_2023,Regulation Of mRNA 3'-End Processing (GO:0031440),0.19101955669166354,0.5082142386228038,0,0,6.1465629053177695,10.174894014539252,ZC3H3
GO_Biological_Process_2023,Regulation Of Mononuclear Cell Migration (GO:0071675),0.19101955669166354,0.5082142386228038,0,0,6.1465629053177695,10.174894014539252,CSF1R
GO_Biological_Process_2023,Regulation Of Monooxygenase Activity (GO:0032768),0.19101955669166354,0.5082142386228038,0,0,6.1465629053177695,10.174894014539252,POR
GO_Biological_Process_2023,Regulation Of Myeloid Leukocyte Mediated Immunity (GO:0002886),0.19101955669166354,0.5082142386228038,0,0,6.1465629053177695,10.174894014539252,STXBP2
GO_Biological_Process_2023,Regulation Of Nucleotide-Excision Repair (GO:2000819),0.19101955669166354,0.5082142386228038,0,0,6.1465629053177695,10.174894014539252,SMARCB1
GO_Biological_Process_2023,Endosome To Lysosome Transport (GO:0008333),0.17946664577181554,0.5082142386228038,0,0,2.8419471153846154,4.881799860744331,MGRN1;RHOB
GO_Biological_Process_2023,Synaptic Vesicle Recycling (GO:0036465),0.17946664577181554,0.5082142386228038,0,0,2.8419471153846154,4.881799860744331,PIP5K1C;VAMP2
GO_Biological_Process_2023,Positive Regulation Of Catalytic Activity (GO:0043085),0.17946664577181554,0.5082142386228038,0,0,2.8419471153846154,4.881799860744331,BCAS3;MID1IP1
GO_Biological_Process_2023,Positive Regulation Of Lymphocyte Activation (GO:0051251),0.17946664577181554,0.5082142386228038,0,0,2.8419471153846154,4.881799860744331,HLA-DMA;FCHO1
GO_Biological_Process_2023,Positive Regulation Of Myeloid Leukocyte Differentiation (GO:0002763),0.17946664577181554,0.5082142386228038,0,0,2.8419471153846154,4.881799860744331,CD74;CD4
GO_Biological_Process_2023,Regulation Of Cell Cycle G1/S Phase Transition (GO:1902806),0.17946664577181554,0.5082142386228038,0,0,2.8419471153846154,4.881799860744331,SMARCB1;APBB1
GO_Biological_Process_2023,Golgi Vesicle Transport (GO:0048193),0.18995502274848425,0.5082142386228038,0,0,1.8511811023622047,3.074752494037066,VPS51;TRAPPC12;MYO18A;STX5
GO_Biological_Process_2023,Regulation Of Protein Serine/Threonine Kinase Activity (GO:0071900),0.18995502274848425,0.5082142386228038,0,0,1.8511811023622047,3.074752494037066,CSF1R;CCND3;HGS;TESK1
GO_Biological_Process_2023,C4-dicarboxylate Transport (GO:0015740),0.19101955669166354,0.5082142386228038,0,0,6.1465629053177695,10.174894014539252,UCP2
GO_Biological_Process_2023,Double-Strand Break Repair Via Break-Induced Replication (GO:0000727),0.19101955669166354,0.5082142386228038,0,0,6.1465629053177695,10.174894014539252,MCM5
GO_Biological_Process_2023,Early Endosome To Golgi Transport (GO:0034498),0.19101955669166354,0.5082142386228038,0,0,6.1465629053177695,10.174894014539252,STX5
GO_Biological_Process_2023,Endothelial Cell Chemotaxis (GO:0035767),0.19101955669166354,0.5082142386228038,0,0,6.1465629053177695,10.174894014539252,CORO1B
GO_Biological_Process_2023,Steroid Hormone Mediated Signaling Pathway (GO:0043401),0.19101955669166354,0.5082142386228038,0,0,6.1465629053177695,10.174894014539252,CALCOCO1
GO_Biological_Process_2023,Establishment Of Melanosome Localization (GO:0032401),0.19101955669166354,0.5082142386228038,0,0,6.1465629053177695,10.174894014539252,RAB11B
GO_Biological_Process_2023,ERBB2 Signaling Pathway (GO:0038128),0.19101955669166354,0.5082142386228038,0,0,6.1465629053177695,10.174894014539252,CPNE3
GO_Biological_Process_2023,Golgi Ribbon Formation (GO:0090161),0.19101955669166354,0.5082142386228038,0,0,6.1465629053177695,10.174894014539252,MYO18A
GO_Biological_Process_2023,Golgi To Lysosome Transport (GO:0090160),0.19101955669166354,0.5082142386228038,0,0,6.1465629053177695,10.174894014539252,GAK
GO_Biological_Process_2023,Regulation Of Establishment Of Cell Polarity (GO:2000114),0.19101955669166354,0.5082142386228038,0,0,6.1465629053177695,10.174894014539252,BCAS3
GO_Biological_Process_2023,Regulation Of Establishment Of Protein Localization (GO:0070201),0.19101955669166354,0.5082142386228038,0,0,6.1465629053177695,10.174894014539252,CTSD
GO_Biological_Process_2023,Regulation Of Establishment Or Maintenance Of Cell Polarity (GO:0032878),0.19101955669166354,0.5082142386228038,0,0,6.1465629053177695,10.174894014539252,BCAS3
GO_Biological_Process_2023,MHC Class II Protein Complex Assembly (GO:0002399),0.19101955669166354,0.5082142386228038,0,0,6.1465629053177695,10.174894014539252,HLA-DMA
GO_Biological_Process_2023,SNARE Complex Assembly (GO:0035493),0.19101955669166354,0.5082142386228038,0,0,6.1465629053177695,10.174894014539252,VAMP2
GO_Biological_Process_2023,Regulation Of Leukocyte Migration (GO:0002685),0.19101955669166354,0.5082142386228038,0,0,6.1465629053177695,10.174894014539252,HMOX1
GO_Biological_Process_2023,Acute-Phase Response (GO:0006953),0.19101955669166354,0.5082142386228038,0,0,6.1465629053177695,10.174894014539252,SIGIRR
GO_Biological_Process_2023,acyl-CoA Biosynthetic Process (GO:0071616),0.19101955669166354,0.5082142386228038,0,0,6.1465629053177695,10.174894014539252,SLC25A1
GO_Biological_Process_2023,Regulation Of Peroxisome Proliferator Activated Receptor Signaling Pathway (GO:0035358),0.19101955669166354,0.5082142386228038,0,0,6.1465629053177695,10.174894014539252,CITED2
GO_Biological_Process_2023,Calcium-Ion Regulated Exocytosis (GO:0017156),0.19101955669166354,0.5082142386228038,0,0,6.1465629053177695,10.174894014539252,VAMP2
GO_Biological_Process_2023,Cell-Cell Junction Maintenance (GO:0045217),0.19101955669166354,0.5082142386228038,0,0,6.1465629053177695,10.174894014539252,CSF1R
GO_Biological_Process_2023,Regulation Of Ryanodine-Sensitive Calcium-Release Channel Activity (GO:0060314),0.19101955669166354,0.5082142386228038,0,0,6.1465629053177695,10.174894014539252,GSTM2
GO_Biological_Process_2023,Cellular Lipid Catabolic Process (GO:0044242),0.19101955669166354,0.5082142386228038,0,0,6.1465629053177695,10.174894014539252,PLA2G15
GO_Biological_Process_2023,Regulation Of Tissue Remodeling (GO:0034103),0.19101955669166354,0.5082142386228038,0,0,6.1465629053177695,10.174894014539252,CST3
GO_Biological_Process_2023,Regulation Of Type 2 Immune Response (GO:0002828),0.19101955669166354,0.5082142386228038,0,0,6.1465629053177695,10.174894014539252,CD74
GO_Biological_Process_2023,Defense Response To Tumor Cell (GO:0002357),0.19101955669166354,0.5082142386228038,0,0,6.1465629053177695,10.174894014539252,SPI1
GO_Biological_Process_2023,Ribosomal Large Subunit Export From Nucleus (GO:0000055),0.19101955669166354,0.5082142386228038,0,0,6.1465629053177695,10.174894014539252,SDAD1
GO_Biological_Process_2023,succinyl-CoA Metabolic Process (GO:0006104),0.19101955669166354,0.5082142386228038,0,0,6.1465629053177695,10.174894014539252,OGDH
GO_Biological_Process_2023,Gamma-Delta T Cell Activation (GO:0046629),0.19101955669166354,0.5082142386228038,0,0,6.1465629053177695,10.174894014539252,CD3E
GO_Biological_Process_2023,Transferrin Transport (GO:0033572),0.19101955669166354,0.5082142386228038,0,0,6.1465629053177695,10.174894014539252,RAB11B
GO_Biological_Process_2023,Triglyceride Catabolic Process (GO:0019433),0.19101955669166354,0.5082142386228038,0,0,6.1465629053177695,10.174894014539252,PNPLA2
GO_Biological_Process_2023,Membrane Fission (GO:0090148),0.1607335557557256,0.5082142386228038,0,0,3.0794270833333335,5.6292149359662496,HGS;VPS37B
GO_Biological_Process_2023,ncRNA Catabolic Process (GO:0034661),0.19101955669166354,0.5082142386228038,0,0,6.1465629053177695,10.174894014539252,EXOSC10
GO_Biological_Process_2023,ncRNA Metabolic Process (GO:0034660),0.19101955669166354,0.5082142386228038,0,0,6.1465629053177695,10.174894014539252,MEPCE
GO_Biological_Process_2023,ncRNA-mediated Post-Transcriptional Gene Silencing (GO:0035194),0.19101955669166354,0.5082142386228038,0,0,6.1465629053177695,10.174894014539252,CNOT1
GO_Biological_Process_2023,"Negative Regulation Of DNA Damage Response, Signal Transduction By P53 Class Mediator (GO:0043518)",0.19101955669166354,0.5082142386228038,0,0,6.1465629053177695,10.174894014539252,CD74
GO_Biological_Process_2023,Positive Regulation Of Nervous System Process (GO:0031646),0.19101955669166354,0.5082142386228038,0,0,6.1465629053177695,10.174894014539252,CST7
GO_Biological_Process_2023,Positive Regulation Of Potassium Ion Transmembrane Transport (GO:1901381),0.19101955669166354,0.5082142386228038,0,0,6.1465629053177695,10.174894014539252,FLNA
GO_Biological_Process_2023,Positive Regulation Of Response To Cytokine Stimulus (GO:0060760),0.19101955669166354,0.5082142386228038,0,0,6.1465629053177695,10.174894014539252,CD74
GO_Biological_Process_2023,Positive Regulation Of Ruffle Assembly (GO:1900029),0.19101955669166354,0.5082142386228038,0,0,6.1465629053177695,10.174894014539252,PFN1
GO_Biological_Process_2023,Negative Regulation Of Adenylate Cyclase Activity (GO:0007194),0.19101955669166354,0.5082142386228038,0,0,6.1465629053177695,10.174894014539252,GNAI2
GO_Biological_Process_2023,Negative Regulation Of Cyclase Activity (GO:0031280),0.19101955669166354,0.5082142386228038,0,0,6.1465629053177695,10.174894014539252,GNAI2
GO_Biological_Process_2023,Negative Regulation Of Intrinsic Apoptotic Signaling Pathway By P53 Class Mediator (GO:1902254),0.19101955669166354,0.5082142386228038,0,0,6.1465629053177695,10.174894014539252,CD74
GO_Biological_Process_2023,Negative Regulation Of Natural Killer Cell Mediated Immunity (GO:0002716),0.19101955669166354,0.5082142386228038,0,0,6.1465629053177695,10.174894014539252,LGALS9
GO_Biological_Process_2023,Negative Regulation Of Retinoic Acid Receptor Signaling Pathway (GO:0048387),0.19101955669166354,0.5082142386228038,0,0,6.1465629053177695,10.174894014539252,CNOT1
GO_Biological_Process_2023,Negative Regulation Of Signal Transduction By P53 Class Mediator (GO:1901797),0.19101955669166354,0.5082142386228038,0,0,6.1465629053177695,10.174894014539252,CD74
GO_Biological_Process_2023,Negative Regulation Of Vascular Endothelial Growth Factor Receptor Signaling Pathway (GO:0030948),0.19101955669166354,0.5082142386228038,0,0,6.1465629053177695,10.174894014539252,HGS
GO_Biological_Process_2023,Cellular Response To Hydrogen Peroxide (GO:0070301),0.17946664577181554,0.5082142386228038,0,0,2.8419471153846154,4.881799860744331,ZNF580;RHOB
GO_Biological_Process_2023,Ribosome Assembly (GO:0042255),0.17946664577181554,0.5082142386228038,0,0,2.8419471153846154,4.881799860744331,NOP2;ERAL1
GO_Biological_Process_2023,Pigment Granule Transport (GO:0051904),0.19101955669166354,0.5082142386228038,0,0,6.1465629053177695,10.174894014539252,RAB11B
GO_Biological_Process_2023,Podocyte Cell Migration (GO:0090521),0.19101955669166354,0.5082142386228038,0,0,6.1465629053177695,10.174894014539252,TESK1
GO_Biological_Process_2023,Polarized Epithelial Cell Differentiation (GO:0030859),0.19101955669166354,0.5082142386228038,0,0,6.1465629053177695,10.174894014539252,SLC9A3R1
GO_Biological_Process_2023,Positive Regulation By Host Of Viral Transcription (GO:0043923),0.19101955669166354,0.5082142386228038,0,0,6.1465629053177695,10.174894014539252,SMARCB1
GO_Biological_Process_2023,Glycolipid Metabolic Process (GO:0006664),0.19101955669166354,0.5082142386228038,0,0,6.1465629053177695,10.174894014539252,CPTP
GO_Biological_Process_2023,Very-Low-Density Lipoprotein Particle Assembly (GO:0034379),0.19101955669166354,0.5082142386228038,0,0,6.1465629053177695,10.174894014539252,CIDEB
GO_Biological_Process_2023,Hemostasis (GO:0007599),0.19101955669166354,0.5082142386228038,0,0,6.1465629053177695,10.174894014539252,GPI
GO_Biological_Process_2023,Histone mRNA Catabolic Process (GO:0071044),0.19101955669166354,0.5082142386228038,0,0,6.1465629053177695,10.174894014539252,EXOSC10
GO_Biological_Process_2023,Intraciliary Retrograde Transport (GO:0035721),0.19101955669166354,0.5082142386228038,0,0,6.1465629053177695,10.174894014539252,IFT140
GO_Biological_Process_2023,Kinetochore Assembly (GO:0051382),0.19101955669166354,0.5082142386228038,0,0,6.1465629053177695,10.174894014539252,CENPT
GO_Biological_Process_2023,Kinetochore Organization (GO:0051383),0.19101955669166354,0.5082142386228038,0,0,6.1465629053177695,10.174894014539252,CENPT
GO_Biological_Process_2023,Microvillus Assembly (GO:0030033),0.23279631260543945,0.5129902124033991,0,0,4.608949416342412,6.717965044159207,SLC9A3R1
GO_Biological_Process_2023,Intracellular Sodium Ion Homeostasis (GO:0006883),0.23279631260543945,0.5129902124033991,0,0,4.608949416342412,6.717965044159207,ATP1A1
GO_Biological_Process_2023,Left/Right Pattern Formation (GO:0060972),0.23279631260543945,0.5129902124033991,0,0,4.608949416342412,6.717965044159207,CITED2
GO_Biological_Process_2023,Mammary Gland Epithelium Development (GO:0061180),0.23279631260543945,0.5129902124033991,0,0,4.608949416342412,6.717965044159207,CSF1R
GO_Biological_Process_2023,Intracellular Potassium Ion Homeostasis (GO:0030007),0.23279631260543945,0.5129902124033991,0,0,4.608949416342412,6.717965044159207,ATP1A1
GO_Biological_Process_2023,Positive Regulation By Host Of Viral Process (GO:0044794),0.23279631260543945,0.5129902124033991,0,0,4.608949416342412,6.717965044159207,CFL1
GO_Biological_Process_2023,Immunoglobulin Production Involved In Immunoglobulin-Mediated Immune Response (GO:0002381),0.23279631260543945,0.5129902124033991,0,0,4.608949416342412,6.717965044159207,HLA-DMA
GO_Biological_Process_2023,Intracellular Copper Ion Homeostasis (GO:0006878),0.23279631260543945,0.5129902124033991,0,0,4.608949416342412,6.717965044159207,CCDC22
GO_Biological_Process_2023,Peptidyl-Proline Hydroxylation (GO:0019511),0.23279631260543945,0.5129902124033991,0,0,4.608949416342412,6.717965044159207,P4HTM
GO_Biological_Process_2023,Peptidyl-Lysine Methylation (GO:0018022),0.23279631260543945,0.5129902124033991,0,0,4.608949416342412,6.717965044159207,FAM86B1
GO_Biological_Process_2023,tRNA Wobble Uridine Modification (GO:0002098),0.23279631260543945,0.5129902124033991,0,0,4.608949416342412,6.717965044159207,URM1
GO_Biological_Process_2023,Phosphatidylethanolamine Metabolic Process (GO:0046337),0.23279631260543945,0.5129902124033991,0,0,4.608949416342412,6.717965044159207,PLA2G15
GO_Biological_Process_2023,tRNA Wobble Base Modification (GO:0002097),0.23279631260543945,0.5129902124033991,0,0,4.608949416342412,6.717965044159207,URM1
GO_Biological_Process_2023,Stress Fiber Assembly (GO:0043149),0.23279631260543945,0.5129902124033991,0,0,4.608949416342412,6.717965044159207,ZYX
GO_Biological_Process_2023,Striated Muscle Cell Differentiation (GO:0051146),0.23279631260543945,0.5129902124033991,0,0,4.608949416342412,6.717965044159207,PLD3
GO_Biological_Process_2023,Extracellular Matrix Assembly (GO:0085029),0.23279631260543945,0.5129902124033991,0,0,4.608949416342412,6.717965044159207,MLF2
GO_Biological_Process_2023,Negative Regulation Of Lipid Storage (GO:0010888),0.23279631260543945,0.5129902124033991,0,0,4.608949416342412,6.717965044159207,PNPLA2
GO_Biological_Process_2023,Negative Regulation Of Ion Transmembrane Transporter Activity (GO:0032413),0.23279631260543945,0.5129902124033991,0,0,4.608949416342412,6.717965044159207,YWHAE
GO_Biological_Process_2023,Regulation Of Adipose Tissue Development (GO:1904177),0.23279631260543945,0.5129902124033991,0,0,4.608949416342412,6.717965044159207,SPI1
GO_Biological_Process_2023,Negative Regulation Of Oxidoreductase Activity (GO:0051354),0.23279631260543945,0.5129902124033991,0,0,4.608949416342412,6.717965044159207,OXA1L
GO_Biological_Process_2023,Negative Regulation Of Microtubule Depolymerization (GO:0007026),0.23279631260543945,0.5129902124033991,0,0,4.608949416342412,6.717965044159207,MID1IP1
GO_Biological_Process_2023,Negative Regulation Of Macrophage Activation (GO:0043031),0.23279631260543945,0.5129902124033991,0,0,4.608949416342412,6.717965044159207,CST7
GO_Biological_Process_2023,Negative Regulation Of Lyase Activity (GO:0051350),0.23279631260543945,0.5129902124033991,0,0,4.608949416342412,6.717965044159207,GNAI2
GO_Biological_Process_2023,Negative Regulation Of Lipopolysaccharide-Mediated Signaling Pathway (GO:0031665),0.23279631260543945,0.5129902124033991,0,0,4.608949416342412,6.717965044159207,SIGIRR
GO_Biological_Process_2023,protein-DNA Complex Disassembly (GO:0032986),0.23279631260543945,0.5129902124033991,0,0,4.608949416342412,6.717965044159207,SMARCB1
GO_Biological_Process_2023,Protein O-linked Mannosylation (GO:0035269),0.23279631260543945,0.5129902124033991,0,0,4.608949416342412,6.717965044159207,POMT1
GO_Biological_Process_2023,Negative Regulation Of Anoikis (GO:2000811),0.23279631260543945,0.5129902124033991,0,0,4.608949416342412,6.717965044159207,ITGA5
GO_Biological_Process_2023,Receptor Clustering (GO:0043113),0.23279631260543945,0.5129902124033991,0,0,4.608949416342412,6.717965044159207,FLNA
GO_Biological_Process_2023,Natural Killer Cell Activation Involved In Immune Response (GO:0002323),0.23279631260543945,0.5129902124033991,0,0,4.608949416342412,6.717965044159207,VAMP2
GO_Biological_Process_2023,Mitochondrial Fission (GO:0000266),0.23279631260543945,0.5129902124033991,0,0,4.608949416342412,6.717965044159207,UCP2
GO_Biological_Process_2023,Monocyte Differentiation (GO:0030224),0.23279631260543945,0.5129902124033991,0,0,4.608949416342412,6.717965044159207,CSF1R
GO_Biological_Process_2023,Morphogenesis Of An Epithelium (GO:0002009),0.23279631260543945,0.5129902124033991,0,0,4.608949416342412,6.717965044159207,SLC9A3R1
GO_Biological_Process_2023,Positive Regulation Of Transforming Growth Factor Beta Production (GO:0071636),0.23279631260543945,0.5129902124033991,0,0,4.608949416342412,6.717965044159207,LGALS9
GO_Biological_Process_2023,Regulation Of Biosynthetic Process (GO:0009889),0.23279631260543945,0.5129902124033991,0,0,4.608949416342412,6.717965044159207,MID1IP1
GO_Biological_Process_2023,Positive Regulation Of Unsaturated Fatty Acid Biosynthetic Process (GO:2001280),0.23279631260543945,0.5129902124033991,0,0,4.608949416342412,6.717965044159207,CD74
GO_Biological_Process_2023,"Positive Regulation Of Nuclear-Transcribed mRNA Catabolic Process, Deadenylation-Dependent Decay (GO:1900153)",0.23279631260543945,0.5129902124033991,0,0,4.608949416342412,6.717965044159207,CNOT1
GO_Biological_Process_2023,Positive Regulation Of Myoblast Differentiation (GO:0045663),0.23279631260543945,0.5129902124033991,0,0,4.608949416342412,6.717965044159207,SMARCB1
GO_Biological_Process_2023,Positive Regulation Of Monocyte Chemotactic Protein-1 Production (GO:0071639),0.23279631260543945,0.5129902124033991,0,0,4.608949416342412,6.717965044159207,LGALS9
GO_Biological_Process_2023,Positive Regulation Of Fatty Acid Metabolic Process (GO:0045923),0.23279631260543945,0.5129902124033991,0,0,4.608949416342412,6.717965044159207,MID1IP1
GO_Biological_Process_2023,Positive Regulation Of Cation Transmembrane Transport (GO:1904064),0.23279631260543945,0.5129902124033991,0,0,4.608949416342412,6.717965044159207,FLNA
GO_Biological_Process_2023,Positive Regulation Of CREB Transcription Factor Activity (GO:0032793),0.23279631260543945,0.5129902124033991,0,0,4.608949416342412,6.717965044159207,RPS6KA4
GO_Biological_Process_2023,"Positive Regulation Of CD4-positive, Alpha-Beta T Cell Activation (GO:2000516)",0.23279631260543945,0.5129902124033991,0,0,4.608949416342412,6.717965044159207,LGALS9
GO_Biological_Process_2023,Organophosphate Ester Transport (GO:0015748),0.23279631260543945,0.5129902124033991,0,0,4.608949416342412,6.717965044159207,PITPNM1
GO_Biological_Process_2023,Oligosaccharide-Lipid Intermediate Biosynthetic Process (GO:0006490),0.23279631260543945,0.5129902124033991,0,0,4.608949416342412,6.717965044159207,ALG3
GO_Biological_Process_2023,Regulation Of Cell Morphogenesis (GO:0022604),0.23279631260543945,0.5129902124033991,0,0,4.608949416342412,6.717965044159207,CFL1
GO_Biological_Process_2023,Negative Regulation Of Protein Polymerization (GO:0032272),0.23279631260543945,0.5129902124033991,0,0,4.608949416342412,6.717965044159207,PFN1
GO_Biological_Process_2023,Negative Regulation Of Telomere Maintenance Via Telomerase (GO:0032211),0.23279631260543945,0.5129902124033991,0,0,4.608949416342412,6.717965044159207,EXOSC10
GO_Biological_Process_2023,Nuclear-Transcribed mRNA poly(A) Tail Shortening (GO:0000289),0.23279631260543945,0.5129902124033991,0,0,4.608949416342412,6.717965044159207,CNOT3
GO_Biological_Process_2023,Positive Regulation Of Nuclear-Transcribed mRNA poly(A) Tail Shortening (GO:0060213),0.23279631260543945,0.5129902124033991,0,0,4.608949416342412,6.717965044159207,CNOT1
GO_Biological_Process_2023,Positive Regulation Of Regulatory T Cell Differentiation (GO:0045591),0.23279631260543945,0.5129902124033991,0,0,4.608949416342412,6.717965044159207,SOX12
GO_Biological_Process_2023,Establishment Of Apical/Basal Cell Polarity (GO:0035089),0.23279631260543945,0.5129902124033991,0,0,4.608949416342412,6.717965044159207,SLC9A3R1
GO_Biological_Process_2023,Positive Regulation Of Triglyceride Metabolic Process (GO:0090208),0.23279631260543945,0.5129902124033991,0,0,4.608949416342412,6.717965044159207,PNPLA2
GO_Biological_Process_2023,Regulation Of Cardiac Muscle Cell Membrane Repolarization (GO:0099623),0.23279631260543945,0.5129902124033991,0,0,4.608949416342412,6.717965044159207,FLNA
GO_Biological_Process_2023,Regulation Of Cardiac Muscle Contraction By Calcium Ion Signaling (GO:0010882),0.23279631260543945,0.5129902124033991,0,0,4.608949416342412,6.717965044159207,GSTM2
GO_Biological_Process_2023,Regulation Of Calcium Ion Transmembrane Transporter Activity (GO:1901019),0.23279631260543945,0.5129902124033991,0,0,4.608949416342412,6.717965044159207,YWHAE
GO_Biological_Process_2023,Regulation Of cAMP-mediated Signaling (GO:0043949),0.23279631260543945,0.5129902124033991,0,0,4.608949416342412,6.717965044159207,MGRN1
GO_Biological_Process_2023,Negative Regulation Of Extrinsic Apoptotic Signaling Pathway Via Death Domain Receptors (GO:1902042),0.23279631260543945,0.5129902124033991,0,0,4.608949416342412,6.717965044159207,HMOX1
GO_Biological_Process_2023,Negative Regulation Of Focal Adhesion Assembly (GO:0051895),0.23279631260543945,0.5129902124033991,0,0,4.608949416342412,6.717965044159207,BCAS3
GO_Biological_Process_2023,Dolichol-Linked Oligosaccharide Biosynthetic Process (GO:0006488),0.23279631260543945,0.5129902124033991,0,0,4.608949416342412,6.717965044159207,ALG3
GO_Biological_Process_2023,Electron Transport Chain (GO:0022900),0.23279631260543945,0.5129902124033991,0,0,4.608949416342412,6.717965044159207,POR
GO_Biological_Process_2023,Smooth Muscle Contraction (GO:0006939),0.23279631260543945,0.5129902124033991,0,0,4.608949416342412,6.717965044159207,APBB1
GO_Biological_Process_2023,snRNA Metabolic Process (GO:0016073),0.23279631260543945,0.5129902124033991,0,0,4.608949416342412,6.717965044159207,MEPCE
GO_Biological_Process_2023,Sodium Ion Export Across Plasma Membrane (GO:0036376),0.23279631260543945,0.5129902124033991,0,0,4.608949416342412,6.717965044159207,ATP1A1
GO_Biological_Process_2023,Error-Prone Translesion Synthesis (GO:0042276),0.23279631260543945,0.5129902124033991,0,0,4.608949416342412,6.717965044159207,POLD2
GO_Biological_Process_2023,Response To Hexose (GO:0009746),0.23279631260543945,0.5129902124033991,0,0,4.608949416342412,6.717965044159207,VAMP2
GO_Biological_Process_2023,Transcription Preinitiation Complex Assembly (GO:0070897),0.21777367591904842,0.5129902124033991,0,0,2.4619791666666666,3.7527922324192238,TAF6;MED15
GO_Biological_Process_2023,Spliceosomal snRNP Assembly (GO:0000387),0.21777367591904842,0.5129902124033991,0,0,2.4619791666666666,3.7527922324192238,PRMT7;PRPF8
GO_Biological_Process_2023,Regulation Of Anatomical Structure Morphogenesis (GO:0022603),0.21331403913518052,0.5129902124033991,0,0,1.980672268907563,3.060118525771976,RNH1;CFL1;HMOX1
GO_Biological_Process_2023,Regulation Of NIK/NF-kappaB Signaling (GO:1901222),0.21331403913518052,0.5129902124033991,0,0,1.980672268907563,3.060118525771976,SPI1;TRIP6;LGALS9
GO_Biological_Process_2023,Circulatory System Development (GO:0072359),0.21331403913518052,0.5129902124033991,0,0,1.980672268907563,3.060118525771976,PDLIM2;CITED2;PDLIM7
GO_Biological_Process_2023,Regulation Of Cell Cycle (GO:0051726),0.2050579891393305,0.5129902124033991,0,0,1.5663983903420524,2.481899456291341,YWHAE;CITED2;TAF6;DHCR24;ANAPC2;RHOB
GO_Biological_Process_2023,Golgi To Endosome Transport (GO:0006895),0.23279631260543945,0.5129902124033991,0,0,4.608949416342412,6.717965044159207,CORO7
GO_Biological_Process_2023,Negative Regulation Of Extracellular Matrix Organization (GO:1903054),0.23279631260543945,0.5129902124033991,0,0,4.608949416342412,6.717965044159207,CST3
GO_Biological_Process_2023,Negative Regulation Of Cell-Substrate Junction Organization (GO:0150118),0.23279631260543945,0.5129902124033991,0,0,4.608949416342412,6.717965044159207,BCAS3
GO_Biological_Process_2023,Copper Ion Homeostasis (GO:0055070),0.23279631260543945,0.5129902124033991,0,0,4.608949416342412,6.717965044159207,CCDC22
GO_Biological_Process_2023,Contractile Actin Filament Bundle Assembly (GO:0030038),0.23279631260543945,0.5129902124033991,0,0,4.608949416342412,6.717965044159207,ZYX
GO_Biological_Process_2023,Response To Acidic pH (GO:0010447),0.23279631260543945,0.5129902124033991,0,0,4.608949416342412,6.717965044159207,RAB11B
GO_Biological_Process_2023,Relaxation Of Cardiac Muscle (GO:0055119),0.23279631260543945,0.5129902124033991,0,0,4.608949416342412,6.717965044159207,GSTM2
GO_Biological_Process_2023,Cellular Response To Vascular Endothelial Growth Factor Stimulus (GO:0035924),0.23279631260543945,0.5129902124033991,0,0,4.608949416342412,6.717965044159207,HSPB1
GO_Biological_Process_2023,Regulation Of Triglyceride Catabolic Process (GO:0010896),0.23279631260543945,0.5129902124033991,0,0,4.608949416342412,6.717965044159207,PNPLA2
GO_Biological_Process_2023,Vascular Endothelial Growth Factor Receptor Signaling Pathway (GO:0048010),0.23279631260543945,0.5129902124033991,0,0,4.608949416342412,6.717965044159207,HSPB1
GO_Biological_Process_2023,Cellular Response To Alkaloid (GO:0071312),0.23279631260543945,0.5129902124033991,0,0,4.608949416342412,6.717965044159207,GSTM2
GO_Biological_Process_2023,"Vesicle Targeting, Rough ER To cis-Golgi (GO:0048207)",0.23279631260543945,0.5129902124033991,0,0,4.608949416342412,6.717965044159207,TRAPPC12
GO_Biological_Process_2023,Regulation Of Oxidoreductase Activity (GO:0051341),0.23279631260543945,0.5129902124033991,0,0,4.608949416342412,6.717965044159207,OXA1L
GO_Biological_Process_2023,"Blood Coagulation, Intrinsic Pathway (GO:0007597)",0.23279631260543945,0.5129902124033991,0,0,4.608949416342412,6.717965044159207,FLNA
GO_Biological_Process_2023,Regulation Of Prostaglandin Biosynthetic Process (GO:0031392),0.23279631260543945,0.5129902124033991,0,0,4.608949416342412,6.717965044159207,CD74
GO_Biological_Process_2023,Cell Junction Maintenance (GO:0034331),0.23279631260543945,0.5129902124033991,0,0,4.608949416342412,6.717965044159207,CSF1R
GO_Biological_Process_2023,Cell Surface Toll-Like Receptor Signaling Pathway (GO:0140895),0.23279631260543945,0.5129902124033991,0,0,4.608949416342412,6.717965044159207,LGALS9
GO_Biological_Process_2023,Glucosamine-Containing Compound Metabolic Process (GO:1901071),0.23279631260543945,0.5129902124033991,0,0,4.608949416342412,6.717965044159207,RENBP
GO_Biological_Process_2023,N-acetylglucosamine Metabolic Process (GO:0006044),0.23279631260543945,0.5129902124033991,0,0,4.608949416342412,6.717965044159207,RENBP
GO_Biological_Process_2023,Regulation Of Hormone Secretion (GO:0046883),0.23279631260543945,0.5129902124033991,0,0,4.608949416342412,6.717965044159207,VAMP2
GO_Biological_Process_2023,Regulation Of Interleukin-13 Production (GO:0032656),0.23279631260543945,0.5129902124033991,0,0,4.608949416342412,6.717965044159207,LGALS9
GO_Biological_Process_2023,Regulation Of Lamellipodium Morphogenesis (GO:2000392),0.23279631260543945,0.5129902124033991,0,0,4.608949416342412,6.717965044159207,CORO1B
GO_Biological_Process_2023,Adherens Junction Assembly (GO:0034333),0.23279631260543945,0.5129902124033991,0,0,4.608949416342412,6.717965044159207,PIP5K1C
GO_Biological_Process_2023,Regulation Of Metaphase/Anaphase Transition Of Cell Cycle (GO:1902099),0.23279631260543945,0.5129902124033991,0,0,4.608949416342412,6.717965044159207,SMARCB1
GO_Biological_Process_2023,Focal Adhesion Assembly (GO:0048041),0.23279631260543945,0.5129902124033991,0,0,4.608949416342412,6.717965044159207,TRIP6
GO_Biological_Process_2023,Lipid Transport (GO:0006869),0.19973339971776122,0.5129902124033991,0,0,2.054466230936819,3.309276275177179,PITPNM1;CPTP;ESYT1
GO_Biological_Process_2023,Cellular Response To Reactive Oxygen Species (GO:0034614),0.19973339971776122,0.5129902124033991,0,0,2.054466230936819,3.309276275177179,ZNF580;PEX14;RHOB
GO_Biological_Process_2023,Positive Regulation Of Lymphocyte Proliferation (GO:0050671),0.19973339971776122,0.5129902124033991,0,0,2.054466230936819,3.309276275177179,SASH3;CD74;CD3E
GO_Biological_Process_2023,Positive Regulation Of Interleukin-8 Production (GO:0032757),0.19973339971776122,0.5129902124033991,0,0,2.054466230936819,3.309276275177179,CD74;ZNF580;LGALS9
GO_Biological_Process_2023,Regulation Of Protein Kinase Activity (GO:0045859),0.19973339971776122,0.5129902124033991,0,0,2.054466230936819,3.309276275177179,SLC9A3R1;CD4;HSPB1
GO_Biological_Process_2023,Regulation Of Nuclear-Transcribed mRNA poly(A) Tail Shortening (GO:0060211),0.23279631260543945,0.5129902124033991,0,0,4.608949416342412,6.717965044159207,CNOT1
GO_Biological_Process_2023,Positive Regulation Of ERK1 And ERK2 Cascade (GO:0070374),0.21156510898500577,0.5129902124033991,0,0,1.7622797150356206,2.7372124764363,CSF1R;CD74;CD4;LGALS9
GO_Biological_Process_2023,Detection Of Mechanical Stimulus (GO:0050982),0.23279631260543945,0.5129902124033991,0,0,4.608949416342412,6.717965044159207,PIEZO1
GO_Biological_Process_2023,COPII Vesicle Coating (GO:0048208),0.23279631260543945,0.5129902124033991,0,0,4.608949416342412,6.717965044159207,TRAPPC12
GO_Biological_Process_2023,Regulation Of DNA Repair (GO:0006282),0.22708627702987655,0.5129902124033991,0,0,1.9119675456389453,2.8343489834496776,SMARCB1;TRIM28;TAF6
GO_Biological_Process_2023,Mitotic Cell Cycle Phase Transition (GO:0044772),0.22708627702987655,0.5129902124033991,0,0,1.9119675456389453,2.8343489834496776,CCND3;CDC25B;ANAPC2
GO_Biological_Process_2023,Ribosomal Small Subunit Biogenesis (GO:0042274),0.22708627702987655,0.5129902124033991,0,0,1.9119675456389453,2.8343489834496776,EXOSC10;ERAL1;RRP9
GO_Biological_Process_2023,Negative Regulation Of Gene Expression (GO:0010629),0.22538652017316763,0.5129902124033991,0,0,1.4580330363937508,2.172379530682509,RPS6KA4;RNH1;SPI1;CNOT1;CITED2;LGALS9;CD3E
GO_Biological_Process_2023,Ribosomal Large Subunit Assembly (GO:0000027),0.23279631260543945,0.5129902124033991,0,0,4.608949416342412,6.717965044159207,NOP2
GO_Biological_Process_2023,Determination Of Bilateral Symmetry (GO:0009855),0.23279631260543945,0.5129902124033991,0,0,4.608949416342412,6.717965044159207,CITED2
GO_Biological_Process_2023,Aromatic Amino Acid Family Catabolic Process (GO:0009074),0.23279631260543945,0.5129902124033991,0,0,4.608949416342412,6.717965044159207,HPD
GO_Biological_Process_2023,Negative Regulation Of Response To Biotic Stimulus (GO:0002832),0.21777367591904842,0.5129902124033991,0,0,2.4619791666666666,3.7527922324192238,SIGIRR;BANF1
GO_Biological_Process_2023,Positive Regulation Of Blood Vessel Endothelial Cell Migration (GO:0043536),0.21777367591904842,0.5129902124033991,0,0,2.4619791666666666,3.7527922324192238,HSPB1;HMOX1
GO_Biological_Process_2023,Positive Regulation Of Macromolecule Metabolic Process (GO:0010604),0.21992219198200988,0.5129902124033991,0,0,1.4270769230769231,2.1612815534044674,CD74;CALCOCO1;ZNF580;HGS;CITED2;ATP13A2;LGALS9;CD3E
GO_Biological_Process_2023,Regulation Of Mitotic Cell Cycle Phase Transition (GO:1901990),0.19850707903572462,0.5129902124033991,0,0,2.638392857142857,4.266097926133039,SMARCB1;ERCC2
GO_Biological_Process_2023,Cell-Cell Junction Assembly (GO:0007043),0.19850707903572462,0.5129902124033991,0,0,2.638392857142857,4.266097926133039,PIP5K1C;TLN1
GO_Biological_Process_2023,Sphingolipid Metabolic Process (GO:0006665),0.19850707903572462,0.5129902124033991,0,0,2.638392857142857,4.266097926133039,PLA2G15;CPTP
GO_Biological_Process_2023,Positive Regulation Of Leukocyte Cell-Cell Adhesion (GO:1903039),0.19850707903572462,0.5129902124033991,0,0,2.638392857142857,4.266097926133039,HLA-DMA;FCHO1
GO_Biological_Process_2023,Negative Regulation Of Proteolysis (GO:0045861),0.21777367591904842,0.5129902124033991,0,0,2.4619791666666666,3.7527922324192238,CST3;CST7
GO_Biological_Process_2023,RNA Polymerase II Preinitiation Complex Assembly (GO:0051123),0.19850707903572462,0.5129902124033991,0,0,2.638392857142857,4.266097926133039,TAF6;MED15
GO_Biological_Process_2023,Regulation Of Microglial Cell Activation (GO:1903978),0.23279631260543945,0.5129902124033991,0,0,4.608949416342412,6.717965044159207,CST7
GO_Biological_Process_2023,Anaphase-Promoting Complex-Dependent Catabolic Process (GO:0031145),0.23279631260543945,0.5129902124033991,0,0,4.608949416342412,6.717965044159207,ANAPC2
GO_Biological_Process_2023,Regulation Of Intracellular Signal Transduction (GO:1902531),0.1969263581135239,0.5129902124033991,0,0,1.5891156462585034,2.582194435643991,CSF1R;NOP2;HSPB1;MYO9B;PIP5K1C;RHOF
Reactome_2022,Ion Homeostasis R-HSA-5578775,0.06043873470371291,0.5141217042978176,0,0,6.166666666666667,17.304437972037892,ATP2A3;FXYD7
Reactome_2022,Nicotinate Metabolism R-HSA-196807,0.06043873470371291,0.5141217042978176,0,0,6.166666666666667,17.304437972037892,PARP4;NADSYN1
Reactome_2022,Signal Transduction By L1 R-HSA-445144,0.06043873470371291,0.5141217042978176,0,0,6.166666666666667,17.304437972037892,ITGA5;PKN1
Reactome_2022,TP53 Regulates Transcription Of Additional Cell Cycle Genes With Uncertain Roles In P53 Pathway R-HSA-6804115,0.06043873470371291,0.5141217042978176,0,0,6.166666666666667,17.304437972037892,CNOT1;CNOT3
Reactome_2022,Fcgamma Receptor (FCGR) Dependent Phagocytosis R-HSA-2029480,0.059623778901360606,0.5141217042978176,0,0,2.9713385826771654,8.378285807245081,PRKCSH;MYO9B;PKN1;PLD3
Reactome_2022,RHOV GTPase Cycle R-HSA-9013424,0.06043873470371291,0.5141217042978176,0,0,6.166666666666667,17.304437972037892,PKN1;SPTAN1
Reactome_2022,Retrograde Transport At Trans-Golgi-Network R-HSA-6811440,0.06043873470371291,0.5141217042978176,0,0,6.166666666666667,17.304437972037892,VPS51;ARFIP2
GO_Biological_Process_2023,Negative Regulation Of Peptidase Activity (GO:0010466),0.2371927574583434,0.514133075090224,0,0,2.3076171875,3.320389170447811,CST3;CST7
GO_Biological_Process_2023,Intracellular Iron Ion Homeostasis (GO:0006879),0.2371927574583434,0.514133075090224,0,0,2.3076171875,3.320389170447811,HMOX1;ATP13A2
GO_Biological_Process_2023,Regulation Of T Cell Receptor Signaling Pathway (GO:0050856),0.2371927574583434,0.514133075090224,0,0,2.3076171875,3.320389170447811,TESPA1;DGKZ
GO_Biological_Process_2023,Regulation Of Monoatomic Ion Transmembrane Transporter Activity (GO:0032412),0.2371927574583434,0.514133075090224,0,0,2.3076171875,3.320389170447811,YWHAE;FXYD7
GO_Biological_Process_2023,Actin Polymerization Or Depolymerization (GO:0008154),0.2371927574583434,0.514133075090224,0,0,2.3076171875,3.320389170447811,CFL1;CORO7
GO_Biological_Process_2023,Regulation Of Cell-Matrix Adhesion (GO:0001952),0.2371927574583434,0.514133075090224,0,0,2.3076171875,3.320389170447811,CD3E;TLN1
GO_Biological_Process_2023,Negative Regulation Of DNA-binding Transcription Factor Activity (GO:0043433),0.23382530067816867,0.514133075090224,0,0,1.681460272011453,2.4434661544342355,SIGIRR;SPI1;FLNA;PEX14
GO_Biological_Process_2023,Positive Regulation Of Transcription Initiation By RNA Polymerase II (GO:0060261),0.2371927574583434,0.514133075090224,0,0,2.3076171875,3.320389170447811,TAF6;MED15
GO_Biological_Process_2023,Positive Regulation Of DNA-templated Transcription Initiation (GO:2000144),0.2371927574583434,0.514133075090224,0,0,2.3076171875,3.320389170447811,TAF6;MED15
GO_Biological_Process_2023,Phospholipid Transport (GO:0015914),0.2371927574583434,0.514133075090224,0,0,2.3076171875,3.320389170447811,PITPNM1;CPTP
GO_Biological_Process_2023,Calcium Ion Transmembrane Transport (GO:0070588),0.2371927574583434,0.514133075090224,0,0,2.3076171875,3.320389170447811,ATP2A3;MICU1
GO_Biological_Process_2023,Cell Morphogenesis Involved In Neuron Differentiation (GO:0048667),0.2371927574583434,0.514133075090224,0,0,2.3076171875,3.320389170447811,MAP1S;APBB1
Reactome_2022,MAPK Family Signaling Cascades R-HSA-5683057,0.06138363642607416,0.515465152039469,0,0,1.9115553121577218,5.334409168049313,CCND3;ABHD17A;HSPB1;PKN1;PTPN7;IL2RG;TLN1;SPTAN1;RALGDS
Reactome_2022,TCR Signaling R-HSA-202403,0.06305853738004112,0.5199964152761826,0,0,2.5130862087383825,6.945395796121096,ZAP70;CD4;PKN1;CD3E;CD101
Reactome_2022,Processing Of Capped Intron-Containing Pre-mRNA R-HSA-72203,0.06351101255281619,0.5199964152761826,0,0,2.1051278755943965,5.8028733246443736,SF3B4;SF3A1;SF3A2;HNRNPUL1;PCBP1;RBM42;PRPF8
GO_Biological_Process_2023,Brain Development (GO:0007420),0.24102262908522698,0.5203080093278102,0,0,1.847843137254902,2.6292303152379404,PITPNM1;VPS51;MAP1S
GO_Biological_Process_2023,Positive Regulation Of Cellular Component Biogenesis (GO:0044089),0.24102262908522698,0.5203080093278102,0,0,1.847843137254902,2.6292303152379404,HGS;ATP13A2;PFN1
GO_Biological_Process_2023,Positive Regulation Of Protein Secretion (GO:0050714),0.24102262908522698,0.5203080093278102,0,0,1.847843137254902,2.6292303152379404,MYO18A;ATP13A2;APBB1
GO_Biological_Process_2023,Positive Regulation Of Cellular Process (GO:0048522),0.24268716880180768,0.5221999278223309,0,0,1.3091975500882382,1.8538002127642668,CSF1R;VIPR1;SMARCB1;CAPNS1;CITED2;NOP2;CIDEB;TCIRG1;CST7;GNAI2;CDC25B
GO_Biological_Process_2023,Regulation Of ERK1 And ERK2 Cascade (GO:0070372),0.2431997548137425,0.5221999278223309,0,0,1.5421607378129116,2.180418098058191,CD74;CSF1R;SLC9A3R1;CD4;LGALS9
GO_Biological_Process_2023,Negative Regulation Of Programmed Cell Death (GO:0043069),0.24717870993956434,0.5221999278223309,0,0,1.3460940536338903,1.8813598493685173,CD74;LTK;CITED2;CFL1;MYO18A;FLNA;HSPB1;DHCR24;PEPD
GO_Biological_Process_2023,Protein Deacylation (GO:0035601),0.27242359528129145,0.5221999278223309,0,0,3.6863813229571982,4.793759539410547,ABHD17A
GO_Biological_Process_2023,Phosphate-Containing Compound Metabolic Process (GO:0006796),0.24516343385474454,0.5221999278223309,0,0,1.6437445319335082,2.3108257268859256,PLA2G15;BCKDK;GPI;PPIP5K1
GO_Biological_Process_2023,protein-DNA Complex Organization (GO:0071824),0.2566975924226088,0.5221999278223309,0,0,2.1714154411764706,2.952813554106131,TRIM28;BANF1
GO_Biological_Process_2023,Positive Regulation Of Leukocyte Proliferation (GO:0070665),0.27242359528129145,0.5221999278223309,0,0,3.6863813229571982,4.793759539410547,CSF1R
GO_Biological_Process_2023,Positive Regulation Of Locomotion (GO:0040017),0.27242359528129145,0.5221999278223309,0,0,3.6863813229571982,4.793759539410547,CSF1R
GO_Biological_Process_2023,Positive Regulation Of Nitric-Oxide Synthase Activity (GO:0051000),0.27242359528129145,0.5221999278223309,0,0,3.6863813229571982,4.793759539410547,FCER2
GO_Biological_Process_2023,Positive Regulation Of Oxidoreductase Activity (GO:0051353),0.27242359528129145,0.5221999278223309,0,0,3.6863813229571982,4.793759539410547,POR
GO_Biological_Process_2023,Positive Regulation Of p38MAPK Cascade (GO:1900745),0.27242359528129145,0.5221999278223309,0,0,3.6863813229571982,4.793759539410547,SPI1
GO_Biological_Process_2023,Positive Regulation Of Protein Tyrosine Kinase Activity (GO:0061098),0.27242359528129145,0.5221999278223309,0,0,3.6863813229571982,4.793759539410547,CSF1R
GO_Biological_Process_2023,Prostanoid Biosynthetic Process (GO:0046457),0.27242359528129145,0.5221999278223309,0,0,3.6863813229571982,4.793759539410547,CD74
GO_Biological_Process_2023,Positive Regulation Of Catabolic Process (GO:0009896),0.2566975924226088,0.5221999278223309,0,0,2.1714154411764706,2.952813554106131,STX5;CCDC22
GO_Biological_Process_2023,Negative Regulation Of Supramolecular Fiber Organization (GO:1902904),0.2566975924226088,0.5221999278223309,0,0,2.1714154411764706,2.952813554106131,MID1IP1;PFN1
GO_Biological_Process_2023,Negative Regulation Of Protein Catabolic Process (GO:0042177),0.2566975924226088,0.5221999278223309,0,0,2.1714154411764706,2.952813554106131,CST3;FLNA
GO_Biological_Process_2023,Metaphase Plate Congression (GO:0051310),0.2566975924226088,0.5221999278223309,0,0,2.1714154411764706,2.952813554106131,MAP1S;TRAPPC12
GO_Biological_Process_2023,Regulation Of Transcription Initiation By RNA Polymerase II (GO:0060260),0.2566975924226088,0.5221999278223309,0,0,2.1714154411764706,2.952813554106131,TAF6;MED15
GO_Biological_Process_2023,Regulation Of Substrate Adhesion-Dependent Cell Spreading (GO:1900024),0.2566975924226088,0.5221999278223309,0,0,2.1714154411764706,2.952813554106131,TESK1;FLNA
GO_Biological_Process_2023,Regulation Of Secretion By Cell (GO:1903530),0.2566975924226088,0.5221999278223309,0,0,2.1714154411764706,2.952813554106131,RHBDF2;VAMP2
GO_Biological_Process_2023,Positive Regulation Of Endothelial Cell Proliferation (GO:0001938),0.2566975924226088,0.5221999278223309,0,0,2.1714154411764706,2.952813554106131,ZNF580;HMOX1
GO_Biological_Process_2023,Regulation Of Neuron Death (GO:1901214),0.2566975924226088,0.5221999278223309,0,0,2.1714154411764706,2.952813554106131,DHCR24;ATP13A2
GO_Biological_Process_2023,Ribosome Biogenesis (GO:0042254),0.26818524906372426,0.5221999278223309,0,0,1.573127827106718,2.0703578380558247,EXOSC10;SDAD1;RRP9;PELP1
GO_Biological_Process_2023,protein-RNA Complex Assembly (GO:0022618),0.26818524906372426,0.5221999278223309,0,0,1.573127827106718,2.0703578380558247,PRMT7;SF3A2;NOP2;ERAL1
GO_Biological_Process_2023,Heart Development (GO:0007507),0.2692820692993936,0.5221999278223309,0,0,1.7316176470588236,2.271875190979538,PDLIM2;CITED2;PDLIM7
GO_Biological_Process_2023,Negative Regulation Of Cell Motility (GO:2000146),0.2692820692993936,0.5221999278223309,0,0,1.7316176470588236,2.271875190979538,CD74;CITED2;RHOB
GO_Biological_Process_2023,DNA Biosynthetic Process (GO:0071897),0.27242359528129145,0.5221999278223309,0,0,3.6863813229571982,4.793759539410547,POLD2
GO_Biological_Process_2023,Regulation Of Dendritic Cell Differentiation (GO:2001198),0.27242359528129145,0.5221999278223309,0,0,3.6863813229571982,4.793759539410547,LGALS9
GO_Biological_Process_2023,Relaxation Of Muscle (GO:0090075),0.27242359528129145,0.5221999278223309,0,0,3.6863813229571982,4.793759539410547,GSTM2
GO_Biological_Process_2023,Regulation Of Macrophage Chemotaxis (GO:0010758),0.27242359528129145,0.5221999278223309,0,0,3.6863813229571982,4.793759539410547,CSF1R
GO_Biological_Process_2023,Acylglycerol Catabolic Process (GO:0046464),0.27242359528129145,0.5221999278223309,0,0,3.6863813229571982,4.793759539410547,PNPLA2
GO_Biological_Process_2023,Regulation Of Leukocyte Chemotaxis (GO:0002688),0.27242359528129145,0.5221999278223309,0,0,3.6863813229571982,4.793759539410547,ZNF580
GO_Biological_Process_2023,Regulation Of Integrin-Mediated Signaling Pathway (GO:2001044),0.27242359528129145,0.5221999278223309,0,0,3.6863813229571982,4.793759539410547,FLNA
GO_Biological_Process_2023,Regulation Of Dendritic Spine Morphogenesis (GO:0061001),0.27242359528129145,0.5221999278223309,0,0,3.6863813229571982,4.793759539410547,CFL1
GO_Biological_Process_2023,DNA Strand Elongation (GO:0022616),0.27242359528129145,0.5221999278223309,0,0,3.6863813229571982,4.793759539410547,POLD2
GO_Biological_Process_2023,Macrophage Activation Involved In Immune Response (GO:0002281),0.27242359528129145,0.5221999278223309,0,0,3.6863813229571982,4.793759539410547,SBNO2
GO_Biological_Process_2023,Centromere Complex Assembly (GO:0034508),0.27242359528129145,0.5221999278223309,0,0,3.6863813229571982,4.793759539410547,CENPT
GO_Biological_Process_2023,Regulation Of Transferase Activity (GO:0051338),0.27242359528129145,0.5221999278223309,0,0,3.6863813229571982,4.793759539410547,PARP4
GO_Biological_Process_2023,Regulation Of Transcription From RNA Polymerase II Promoter In Response To Stress (GO:0043618),0.27242359528129145,0.5221999278223309,0,0,3.6863813229571982,4.793759539410547,HMOX1
GO_Biological_Process_2023,Regulation Of Retinoic Acid Receptor Signaling Pathway (GO:0048385),0.27242359528129145,0.5221999278223309,0,0,3.6863813229571982,4.793759539410547,CNOT1
GO_Biological_Process_2023,Cell Morphogenesis Involved In Differentiation (GO:0000904),0.27242359528129145,0.5221999278223309,0,0,3.6863813229571982,4.793759539410547,SPI1
GO_Biological_Process_2023,Carbohydrate Derivative Transport (GO:1901264),0.27242359528129145,0.5221999278223309,0,0,3.6863813229571982,4.793759539410547,CPTP
GO_Biological_Process_2023,Bicarbonate Transport (GO:0015701),0.27242359528129145,0.5221999278223309,0,0,3.6863813229571982,4.793759539410547,SLC4A2
GO_Biological_Process_2023,Regulation Of Monoatomic Ion Transport (GO:0043269),0.27242359528129145,0.5221999278223309,0,0,3.6863813229571982,4.793759539410547,RAB11B
GO_Biological_Process_2023,Regulation Of Meiotic Cell Cycle (GO:0051445),0.27242359528129145,0.5221999278223309,0,0,3.6863813229571982,4.793759539410547,ANAPC2
GO_Biological_Process_2023,Interleukin-6-Mediated Signaling Pathway (GO:0070102),0.27242359528129145,0.5221999278223309,0,0,3.6863813229571982,4.793759539410547,SPI1
GO_Biological_Process_2023,Insulin Secretion (GO:0030073),0.27242359528129145,0.5221999278223309,0,0,3.6863813229571982,4.793759539410547,RAB11B
GO_Biological_Process_2023,Inositol Phosphate Metabolic Process (GO:0043647),0.27242359528129145,0.5221999278223309,0,0,3.6863813229571982,4.793759539410547,PPIP5K1
GO_Biological_Process_2023,Histone mRNA Metabolic Process (GO:0008334),0.27242359528129145,0.5221999278223309,0,0,3.6863813229571982,4.793759539410547,EXOSC10
GO_Biological_Process_2023,Vesicle Docking (GO:0048278),0.27242359528129145,0.5221999278223309,0,0,3.6863813229571982,4.793759539410547,STX5
GO_Biological_Process_2023,Glycosphingolipid Metabolic Process (GO:0006687),0.27242359528129145,0.5221999278223309,0,0,3.6863813229571982,4.793759539410547,CPTP
GO_Biological_Process_2023,Glutamine Metabolic Process (GO:0006541),0.27242359528129145,0.5221999278223309,0,0,3.6863813229571982,4.793759539410547,UCP2
GO_Biological_Process_2023,Lymphocyte Activation Involved In Immune Response (GO:0002285),0.27242359528129145,0.5221999278223309,0,0,3.6863813229571982,4.793759539410547,CD74
GO_Biological_Process_2023,Glucose 6-Phosphate Metabolic Process (GO:0051156),0.27242359528129145,0.5221999278223309,0,0,3.6863813229571982,4.793759539410547,GPI
GO_Biological_Process_2023,Positive Regulation Of G2/M Transition Of Mitotic Cell Cycle (GO:0010971),0.27242359528129145,0.5221999278223309,0,0,3.6863813229571982,4.793759539410547,CDC25B
GO_Biological_Process_2023,Determination Of Left/Right Symmetry (GO:0007368),0.27242359528129145,0.5221999278223309,0,0,3.6863813229571982,4.793759539410547,CITED2
GO_Biological_Process_2023,Epiboly Involved In Wound Healing (GO:0090505),0.27242359528129145,0.5221999278223309,0,0,3.6863813229571982,4.793759539410547,FLNA
GO_Biological_Process_2023,Spliceosomal tri-snRNP Complex Assembly (GO:0000244),0.27242359528129145,0.5221999278223309,0,0,3.6863813229571982,4.793759539410547,PRPF8
GO_Biological_Process_2023,Establishment Of Endothelial Intestinal Barrier (GO:0090557),0.27242359528129145,0.5221999278223309,0,0,3.6863813229571982,4.793759539410547,TJP3
GO_Biological_Process_2023,Toll-Like Receptor 4 Signaling Pathway (GO:0034142),0.27242359528129145,0.5221999278223309,0,0,3.6863813229571982,4.793759539410547,LGALS9
GO_Biological_Process_2023,Translesion Synthesis (GO:0019985),0.27242359528129145,0.5221999278223309,0,0,3.6863813229571982,4.793759539410547,POLD2
GO_Biological_Process_2023,Positive Regulation Of Transcription By RNA Polymerase II (GO:0045944),0.2563587133603561,0.5221999278223309,0,0,1.2209583620372002,1.6619411622384899,BCAS3;CALCOCO1;SPI1;SMARCB1;CITED2;FHOD1;STXBP2;MEPCE;SOX12;MED15;RPS6KA4;SBNO2;PCBP1;TAF6;APBB1;PELP1;VENTX
GO_Biological_Process_2023,Receptor Metabolic Process (GO:0043112),0.27242359528129145,0.5221999278223309,0,0,3.6863813229571982,4.793759539410547,RAB11B
GO_Biological_Process_2023,rRNA Methylation (GO:0031167),0.27242359528129145,0.5221999278223309,0,0,3.6863813229571982,4.793759539410547,NOP2
GO_Biological_Process_2023,Protein Autophosphorylation (GO:0046777),0.25662139776258475,0.5221999278223309,0,0,1.607668606641561,2.1866759868474075,MAP4K1;CSF1R;LTK;ATP13A2
GO_Biological_Process_2023,MAPK Cascade (GO:0000165),0.25509646529079927,0.5221999278223309,0,0,1.7878557874762808,2.442413945384119,YWHAE;LGALS9;PTPN7
GO_Biological_Process_2023,Positive Regulation Of Immune Response (GO:0050778),0.25509646529079927,0.5221999278223309,0,0,1.7878557874762808,2.442413945384119,SASH3;CD74;LGALS9
GO_Biological_Process_2023,Regulation Of Angiogenesis (GO:0045765),0.2530223983933538,0.5221999278223309,0,0,1.5165554331627034,2.0841676498355612,RNH1;HGS;HMOX1;HSPB1;RHOB
GO_Biological_Process_2023,Polyol Metabolic Process (GO:0019751),0.27242359528129145,0.5221999278223309,0,0,3.6863813229571982,4.793759539410547,PPIP5K1
GO_Biological_Process_2023,Phosphatidylserine Metabolic Process (GO:0006658),0.27242359528129145,0.5221999278223309,0,0,3.6863813229571982,4.793759539410547,PLA2G15
GO_Biological_Process_2023,Phosphatidylglycerol Metabolic Process (GO:0046471),0.27242359528129145,0.5221999278223309,0,0,3.6863813229571982,4.793759539410547,PLA2G15
GO_Biological_Process_2023,Nucleoside Phosphate Catabolic Process (GO:1901292),0.27242359528129145,0.5221999278223309,0,0,3.6863813229571982,4.793759539410547,ENTPD6
GO_Biological_Process_2023,Negative Regulation Of Smooth Muscle Cell Migration (GO:0014912),0.27242359528129145,0.5221999278223309,0,0,3.6863813229571982,4.793759539410547,CORO1B
GO_Biological_Process_2023,Negative Regulation Of Protein Depolymerization (GO:1901880),0.27242359528129145,0.5221999278223309,0,0,3.6863813229571982,4.793759539410547,MID1IP1
GO_Biological_Process_2023,Negative Regulation Of Natural Killer Cell Mediated Cytotoxicity (GO:0045953),0.27242359528129145,0.5221999278223309,0,0,3.6863813229571982,4.793759539410547,LGALS9
GO_Biological_Process_2023,Negative Regulation Of Intracellular Steroid Hormone Receptor Signaling Pathway (GO:0033144),0.27242359528129145,0.5221999278223309,0,0,3.6863813229571982,4.793759539410547,CNOT1
GO_Biological_Process_2023,Negative Regulation Of Interleukin-1 Beta Production (GO:0032691),0.27242359528129145,0.5221999278223309,0,0,3.6863813229571982,4.793759539410547,CPTP
GO_Biological_Process_2023,Negative Regulation Of Cytoskeleton Organization (GO:0051494),0.27242359528129145,0.5221999278223309,0,0,3.6863813229571982,4.793759539410547,PFN1
GO_Biological_Process_2023,Negative Regulation Of Activated T Cell Proliferation (GO:0046007),0.27242359528129145,0.5221999278223309,0,0,3.6863813229571982,4.793759539410547,LGALS9
GO_Biological_Process_2023,Negative Regulation Of GTPase Activity (GO:0034260),0.27242359528129145,0.5221999278223309,0,0,3.6863813229571982,4.793759539410547,BCAS3
GO_Biological_Process_2023,Myotube Differentiation (GO:0014902),0.27242359528129145,0.5221999278223309,0,0,3.6863813229571982,4.793759539410547,PLD3
GO_Biological_Process_2023,Mitochondrion Transport Along Microtubule (GO:0047497),0.27242359528129145,0.5221999278223309,0,0,3.6863813229571982,4.793759539410547,MAP1S
GO_Biological_Process_2023,Maturation Of 5.8S rRNA (GO:0000460),0.27242359528129145,0.5221999278223309,0,0,3.6863813229571982,4.793759539410547,EXOSC10
GO_Biological_Process_2023,Positive Regulation Of Fatty Acid Biosynthetic Process (GO:0045723),0.27242359528129145,0.5221999278223309,0,0,3.6863813229571982,4.793759539410547,MID1IP1
GO_Biological_Process_2023,Positive Regulation Of Cation Channel Activity (GO:2001259),0.27242359528129145,0.5221999278223309,0,0,3.6863813229571982,4.793759539410547,GSTM2
GO_Biological_Process_2023,Positive Regulation Of Alpha-Beta T Cell Proliferation (GO:0046641),0.27242359528129145,0.5221999278223309,0,0,3.6863813229571982,4.793759539410547,LGALS9
GO_Biological_Process_2023,Positive Regulation Of Adaptive Immune Response (GO:0002821),0.27242359528129145,0.5221999278223309,0,0,3.6863813229571982,4.793759539410547,SASH3
GO_Biological_Process_2023,Regulation Of Cell-Substrate Junction Assembly (GO:0090109),0.27242359528129145,0.5221999278223309,0,0,3.6863813229571982,4.793759539410547,TLN1
GO_Biological_Process_2023,Regulation Of Anoikis (GO:2000209),0.27242359528129145,0.5221999278223309,0,0,3.6863813229571982,4.793759539410547,ITGA5
GO_Biological_Process_2023,Regulation Of NLRP3 Inflammasome Complex Assembly (GO:1900225),0.27242359528129145,0.5221999278223309,0,0,3.6863813229571982,4.793759539410547,CPTP
GO_Biological_Process_2023,Regulation Of Androgen Receptor Signaling Pathway (GO:0060765),0.27242359528129145,0.5221999278223309,0,0,3.6863813229571982,4.793759539410547,PKN1
GO_Biological_Process_2023,Regulation Of DNA-templated DNA Replication (GO:0090329),0.27242359528129145,0.5221999278223309,0,0,3.6863813229571982,4.793759539410547,MCM5
GO_Biological_Process_2023,Receptor Recycling (GO:0001881),0.27242359528129145,0.5221999278223309,0,0,3.6863813229571982,4.793759539410547,RAB11B
GO_Biological_Process_2023,Phosphatidylinositol-Mediated Signaling (GO:0048015),0.27622788098875845,0.5244374208271059,0,0,2.0503472222222223,2.637831362750818,CSF1R;LTK
GO_Biological_Process_2023,Epithelial Cell Migration (GO:0010631),0.27622788098875845,0.5244374208271059,0,0,2.0503472222222223,2.637831362750818,TESK1;PKN1
GO_Biological_Process_2023,Macrophage Activation (GO:0042116),0.27622788098875845,0.5244374208271059,0,0,2.0503472222222223,2.637831362750818,FCER2;SBNO2
GO_Biological_Process_2023,Negative Regulation Of Catabolic Process (GO:0009895),0.27622788098875845,0.5244374208271059,0,0,2.0503472222222223,2.637831362750818,CST3;FLNA
GO_Biological_Process_2023,Regulation Of Cell Death (GO:0010941),0.27622788098875845,0.5244374208271059,0,0,2.0503472222222223,2.637831362750818,CIDEB;DHCR24
GO_Biological_Process_2023,Protein Polymerization (GO:0051258),0.27622788098875845,0.5244374208271059,0,0,2.0503472222222223,2.637831362750818,MID1IP1;CORO7
GO_Biological_Process_2023,Vesicle Organization (GO:0016050),0.27622788098875845,0.5244374208271059,0,0,2.0503472222222223,2.637831362750818,STX5;VAMP2
GO_Biological_Process_2023,Axon Development (GO:0061564),0.27622788098875845,0.5244374208271059,0,0,2.0503472222222223,2.637831362750818,MAP1S;APBB1
Reactome_2022,Cytosolic Iron-Sulfur Cluster Assembly R-HSA-2564830,0.100546932852603,0.5268659281476397,0,0,18.44747081712062,42.37625094134687,ERCC2
Reactome_2022,Regulation Of Gene Expression By Hypoxia-inducible Factor R-HSA-1234158,0.100546932852603,0.5268659281476397,0,0,18.44747081712062,42.37625094134687,CITED2
Reactome_2022,Drug-mediated Inhibition Of CDK4/CDK6 Activity R-HSA-9754119,0.100546932852603,0.5268659281476397,0,0,18.44747081712062,42.37625094134687,CCND3
Reactome_2022,DSCAM Interactions R-HSA-376172,0.100546932852603,0.5268659281476397,0,0,18.44747081712062,42.37625094134687,PKN1
Reactome_2022,Synthesis Of PIPs At ER Membrane R-HSA-1483248,0.100546932852603,0.5268659281476397,0,0,18.44747081712062,42.37625094134687,SBF1
Reactome_2022,Synthesis Of diphthamide-EEF2 R-HSA-5358493,0.100546932852603,0.5268659281476397,0,0,18.44747081712062,42.37625094134687,EEF2
Reactome_2022,Fatty Acid Cycling Model R-HSA-167826,0.100546932852603,0.5268659281476397,0,0,18.44747081712062,42.37625094134687,UCP2
Reactome_2022,Synthesis Of Pyrophosphates In Cytosol R-HSA-1855167,0.100546932852603,0.5268659281476397,0,0,18.44747081712062,42.37625094134687,PPIP5K1
Reactome_2022,Acyl Chain Remodeling Of DAG And TAG R-HSA-1482883,0.100546932852603,0.5268659281476397,0,0,18.44747081712062,42.37625094134687,PNPLA2
Reactome_2022,Alpha-defensins R-HSA-1462054,0.100546932852603,0.5268659281476397,0,0,18.44747081712062,42.37625094134687,CD4
Reactome_2022,Mitochondrial Uncoupling R-HSA-166187,0.100546932852603,0.5268659281476397,0,0,18.44747081712062,42.37625094134687,UCP2
Reactome_2022,Lysine Catabolism R-HSA-71064,0.100546932852603,0.5268659281476397,0,0,18.44747081712062,42.37625094134687,OGDH
Reactome_2022,Glycerophospholipid Catabolism R-HSA-6814848,0.100546932852603,0.5268659281476397,0,0,18.44747081712062,42.37625094134687,PNPLA6
Reactome_2022,Elastic Fibre Formation R-HSA-1566948,0.07512282590497271,0.5268659281476397,0,0,5.284598214285714,13.67987384182662,LTBP3;ITGA5
Reactome_2022,Effects Of PIP2 Hydrolysis R-HSA-114508,0.07512282590497271,0.5268659281476397,0,0,5.284598214285714,13.67987384182662,DGKA;DGKZ
Reactome_2022,Role Of Phospholipids In Phagocytosis R-HSA-2029485,0.07512282590497271,0.5268659281476397,0,0,5.284598214285714,13.67987384182662,PRKCSH;PLD3
Reactome_2022,RUNX2 Regulates Genes Involved In Cell Migration R-HSA-8941332,0.100546932852603,0.5268659281476397,0,0,18.44747081712062,42.37625094134687,ITGA5
Reactome_2022,Regulation Of HMOX1 Expression And Activity R-HSA-9707587,0.100546932852603,0.5268659281476397,0,0,18.44747081712062,42.37625094134687,HMOX1
Reactome_2022,Regulation Of Cytoskeletal Remodeling And Cell Spreading By IPP Complex Components R-HSA-446388,0.100546932852603,0.5268659281476397,0,0,18.44747081712062,42.37625094134687,TESK1
Reactome_2022,Dual Incision In GG-NER R-HSA-5696400,0.07140167516802662,0.5268659281476397,0,0,3.475,9.172032969907267,POLD2;ERCC2;GTF2H4
Reactome_2022,RAB GEFs Exchange GTP For GDP On RABs R-HSA-8876198,0.07298078645294914,0.5268659281476397,0,0,2.7500729075532226,7.19847828714375,YWHAE;RAB5C;TRAPPC12;SBF1
Reactome_2022,Nucleotide Salvage R-HSA-8956321,0.07512282590497271,0.5268659281476397,0,0,5.284598214285714,13.67987384182662,UPP1;UCKL1
Reactome_2022,RHO GTPases Activate PAKs R-HSA-5627123,0.07512282590497271,0.5268659281476397,0,0,5.284598214285714,13.67987384182662,FLNA;PKN1
Reactome_2022,Caspase-mediated Cleavage Of Cytoskeletal Proteins R-HSA-264870,0.07512282590497271,0.5268659281476397,0,0,5.284598214285714,13.67987384182662,SPTAN1;PLEC
Reactome_2022,Protein Localization R-HSA-9609507,0.09271309582971214,0.5268659281476397,0,0,2.2115565593826463,5.25962453553457,CS;HMOX1;STX5;VAMP2;PEX14
Reactome_2022,L1CAM Interactions R-HSA-373760,0.0955929948127615,0.5268659281476397,0,0,2.473490813648294,5.806904900628449,RPS6KA4;ITGA5;PKN1;SPTAN1
Reactome_2022,Activated PKN1 Stimulates Transcription Of Androgen Receptor Regulated KLK2 And KLK3 R-HSA-5625886,0.100546932852603,0.5268659281476397,0,0,18.44747081712062,42.37625094134687,PKN1
Reactome_2022,Diseases Of Programmed Cell Death R-HSA-9645723,0.07140167516802662,0.5268659281476397,0,0,3.475,9.172032969907267,YWHAE;CAPNS1;CDC25B
Reactome_2022,RHO GTPases Activate Rhotekin And Rhophilins R-HSA-5666185,0.100546932852603,0.5268659281476397,0,0,18.44747081712062,42.37625094134687,RHOB
Reactome_2022,Attachment Of GPI Anchor To uPAR R-HSA-162791,0.100546932852603,0.5268659281476397,0,0,18.44747081712062,42.37625094134687,PIGT
Reactome_2022,Cell Junction Organization R-HSA-446728,0.07140167516802662,0.5268659281476397,0,0,3.475,9.172032969907267,TESK1;FLNA;PLEC
Reactome_2022,RHOBTB3 ATPase Cycle R-HSA-9706019,0.100546932852603,0.5268659281476397,0,0,18.44747081712062,42.37625094134687,HGS
Reactome_2022,Axon Guidance R-HSA-422475,0.08870208815794371,0.5268659281476397,0,0,1.5525754195363275,3.761070245941693,EPHB6;MYO9B;RHOB;RPS6KA4;DOK2;COL6A2;PIP5K1C;ITGA5;PKN1;COL9A2;PFN1;TLN1;SPTAN1;PDLIM7
Reactome_2022,RHO GTPases Activate ROCKs R-HSA-5627117,0.09079510402411003,0.5268659281476397,0,0,4.623046875,11.091382518436083,PKN1;RHOB
Reactome_2022,RHOH GTPase Cycle R-HSA-9013407,0.09079510402411003,0.5268659281476397,0,0,4.623046875,11.091382518436083,ZAP70;PKN1
Reactome_2022,Glycosphingolipid Metabolism R-HSA-1660662,0.07512282590497271,0.5268659281476397,0,0,5.284598214285714,13.67987384182662,CPTP;ESYT1
Reactome_2022,N-glycan Trimming In ER And Calnexin/Calreticulin Cycle R-HSA-532668,0.07512282590497271,0.5268659281476397,0,0,5.284598214285714,13.67987384182662,PRKCSH;MOGS
Reactome_2022,RHO GTPases Activate Formins R-HSA-5663220,0.08018242282850377,0.5268659281476397,0,0,2.651293588301462,6.690409337005807,CENPT;FMNL1;PFN1;RHOB
Reactome_2022,Cell-Cell Communication R-HSA-1500931,0.08018242282850377,0.5268659281476397,0,0,2.651293588301462,6.690409337005807,TESK1;FLNA;SPTAN1;PLEC
Reactome_2022,RHO GTPase Effectors R-HSA-195258,0.08086354944013208,0.5268659281476397,0,0,1.9758541591210914,4.969257639697159,CENPT;YWHAE;FMNL1;FLNA;PKN1;PFN1;RHOB
Reactome_2022,Gluconeogenesis R-HSA-70263,0.09079510402411003,0.5268659281476397,0,0,4.623046875,11.091382518436083,SLC25A1;ENO2
Reactome_2022,Inositol Phosphate Metabolism R-HSA-1483249,0.09079510402411003,0.5268659281476397,0,0,4.623046875,11.091382518436083,ISYNA1;PPIP5K1
Reactome_2022,RHOG GTPase Cycle R-HSA-9013408,0.09096465300157495,0.5268659281476397,0,0,3.0875816993464054,7.40181106018226,PRKCSH;STX5;ESYT1
Reactome_2022,Asparagine N-linked Glycosylation R-HSA-446203,0.09143604395811204,0.5268659281476397,0,0,1.8185365853658537,4.350149597236895,PRKCSH;DCTN1;ALG3;STX5;MOGS;RENBP;SPTAN1;ARFGAP1
Reactome_2022,Endosomal Sorting Complex Required For Transport (ESCRT) R-HSA-917729,0.09079510402411003,0.5268659281476397,0,0,4.623046875,11.091382518436083,HGS;VPS37B
Reactome_2022,HIV Transcription Initiation R-HSA-167161,0.10149280619987343,0.5276014925469611,0,0,2.9244582043343654,6.690480019390152,ERCC2;TAF6;GTF2H4
Reactome_2022,RNA Pol II CTD Phosphorylation And Interaction With CE R-HSA-77075,0.10731538476110718,0.5285080978836482,0,0,4.108506944444445,9.170118718711697,ERCC2;GTF2H4
Reactome_2022,Glyoxylate Metabolism And Glycine Degradation R-HSA-389661,0.10731538476110718,0.5285080978836482,0,0,4.108506944444445,9.170118718711697,BCKDHA;OGDH
Reactome_2022,CD28 Co-Stimulation R-HSA-389356,0.10731538476110718,0.5285080978836482,0,0,4.108506944444445,9.170118718711697,PKN1;MAP3K14
Reactome_2022,Infectious Disease R-HSA-5663205,0.10475682653031405,0.5285080978836482,0,0,1.3908896416473524,3.138004970639915,YWHAE;VIPR1;PARP4;PRKCSH;RHBDF2;MYO9B;MOGS;VPS37B;EEF2;GTF2H4;GNAI2;CD4;TRIM28;SV2A;HGS;ERCC2;FXYD7;HMOX1;BANF1;TAF6;VAMP2
Reactome_2022,Nervous System Development R-HSA-9675108,0.10470213904888763,0.5285080978836482,0,0,1.5063124175617109,3.399198423591027,EPHB6;MYO9B;RHOB;RPS6KA4;DOK2;COL6A2;PIP5K1C;ITGA5;PKN1;COL9A2;PFN1;TLN1;SPTAN1;PDLIM7
Reactome_2022,NCAM1 Interactions R-HSA-419037,0.10731538476110718,0.5285080978836482,0,0,4.108506944444445,9.170118718711697,COL6A2;COL9A2
Reactome_2022,Cargo Recognition For Clathrin-Mediated Endocytosis R-HSA-8856825,0.1037833567464087,0.5285080978836482,0,0,2.3931927863855726,5.421657785993267,CD4;FCHO1;HGS;VAMP2
GO_Biological_Process_2023,Positive Regulation Of Protein Phosphorylation (GO:0001934),0.28105417660861615,0.5329644755474473,0,0,1.3496845949535192,1.7130302544781062,CD74;CSF1R;CD4;CCND3;TESK1;ITGA5;HLA-DRB1
GO_Biological_Process_2023,Protein N-linked Glycosylation (GO:0006487),0.29572927296217033,0.5342301122821542,0,0,1.9420230263157894,2.3659877463362893,ALG3;MOGS
GO_Biological_Process_2023,Regulation Of Apoptotic Process (GO:0042981),0.30968112242109347,0.5342301122821542,0,0,1.1907053692284555,1.3957592988136427,CD74;LTK;CITED2;HSPB1;CIDEB;DHCR24;CD3E;RHOB;CFL1;MYO18A;FLNA;ATP13A2;APBB1;CTSD
GO_Biological_Process_2023,L-alpha-amino Acid Transmembrane Transport (GO:1902475),0.310011588927335,0.5342301122821542,0,0,3.071335927367056,3.5969815530508833,PRAF2
GO_Biological_Process_2023,NAD Metabolic Process (GO:0019674),0.310011588927335,0.5342301122821542,0,0,3.071335927367056,3.5969815530508833,NADSYN1
GO_Biological_Process_2023,Positive Regulation Of Peptidyl-Tyrosine Phosphorylation (GO:0050731),0.29789055800576303,0.5342301122821542,0,0,1.6290657439446368,1.9728460460774513,CSF1R;CD74;ITGA5
GO_Biological_Process_2023,Positive Regulation Of Signal Transduction (GO:0009967),0.303424036399575,0.5342301122821542,0,0,1.400167684752665,1.669873573294726,CD74;SMARCB1;CITED2;FLNA;ITGA5
GO_Biological_Process_2023,Organelle Disassembly (GO:1903008),0.29572927296217033,0.5342301122821542,0,0,1.9420230263157894,2.3659877463362893,STX5;PNPLA2
GO_Biological_Process_2023,Plasma Membrane Organization (GO:0007009),0.29572927296217033,0.5342301122821542,0,0,1.9420230263157894,2.3659877463362893,SLC9A3R1;ANXA6
GO_Biological_Process_2023,Axonogenesis (GO:0007409),0.28355468604332906,0.5342301122821542,0,0,1.6787878787878787,2.115860770270531,EPHB6;MAP1S;APBB1
GO_Biological_Process_2023,DNA Replication Initiation (GO:0006270),0.310011588927335,0.5342301122821542,0,0,3.071335927367056,3.5969815530508833,MCM5
GO_Biological_Process_2023,Protein-Containing Complex Disassembly (GO:0032984),0.29572927296217033,0.5342301122821542,0,0,1.9420230263157894,2.3659877463362893,APEH;PEX14
GO_Biological_Process_2023,Positive Regulation Of Myeloid Leukocyte Mediated Immunity (GO:0002888),0.310011588927335,0.5342301122821542,0,0,3.071335927367056,3.5969815530508833,SPI1
GO_Biological_Process_2023,Positive Regulation Of Nitric-Oxide Synthase Biosynthetic Process (GO:0051770),0.310011588927335,0.5342301122821542,0,0,3.071335927367056,3.5969815530508833,FCER2
GO_Biological_Process_2023,Regulation Of Interleukin-1 Beta Production (GO:0032651),0.29789055800576303,0.5342301122821542,0,0,1.6290657439446368,1.9728460460774513,CPTP;HSPB1;LGALS9
GO_Biological_Process_2023,G2/M Transition Of Mitotic Cell Cycle (GO:0000086),0.310011588927335,0.5342301122821542,0,0,3.071335927367056,3.5969815530508833,CDC25B
GO_Biological_Process_2023,DNA Unwinding Involved In DNA Replication (GO:0006268),0.310011588927335,0.5342301122821542,0,0,3.071335927367056,3.5969815530508833,MCM5
GO_Biological_Process_2023,Regulation Of Interleukin-8 Production (GO:0032677),0.29789055800576303,0.5342301122821542,0,0,1.6290657439446368,1.9728460460774513,CD74;ZNF580;LGALS9
GO_Biological_Process_2023,Regulation Of Postsynapse Organization (GO:0099175),0.310011588927335,0.5342301122821542,0,0,3.071335927367056,3.5969815530508833,CFL1
GO_Biological_Process_2023,Adherens Junction Organization (GO:0034332),0.310011588927335,0.5342301122821542,0,0,3.071335927367056,3.5969815530508833,PIP5K1C
GO_Biological_Process_2023,T Cell Activation Involved In Immune Response (GO:0002286),0.310011588927335,0.5342301122821542,0,0,3.071335927367056,3.5969815530508833,CD74
GO_Biological_Process_2023,Regulation Of Hematopoietic Progenitor Cell Differentiation (GO:1901532),0.310011588927335,0.5342301122821542,0,0,3.071335927367056,3.5969815530508833,SPI1
GO_Biological_Process_2023,Negative Regulation Of Cell Death (GO:0060548),0.29572927296217033,0.5342301122821542,0,0,1.9420230263157894,2.3659877463362893,ATP13A2;PEPD
GO_Biological_Process_2023,Monoatomic Cation Homeostasis (GO:0055080),0.29572927296217033,0.5342301122821542,0,0,1.9420230263157894,2.3659877463362893,HMOX1;ATP13A2
GO_Biological_Process_2023,Transcription Initiation At RNA Polymerase II Promoter (GO:0006367),0.29572927296217033,0.5342301122821542,0,0,1.9420230263157894,2.3659877463362893,TAF6;MED15
GO_Biological_Process_2023,Regulation Of Monocyte Chemotactic Protein-1 Production (GO:0071637),0.310011588927335,0.5342301122821542,0,0,3.071335927367056,3.5969815530508833,LGALS9
GO_Biological_Process_2023,Alpha-Amino Acid Catabolic Process (GO:1901606),0.310011588927335,0.5342301122821542,0,0,3.071335927367056,3.5969815530508833,HPD
GO_Biological_Process_2023,Protein Localization To Organelle (GO:0033365),0.28355468604332906,0.5342301122821542,0,0,1.6787878787878787,2.115860770270531,YWHAE;GAK;IFT140
GO_Biological_Process_2023,Regulation Of Granulocyte Chemotaxis (GO:0071622),0.310011588927335,0.5342301122821542,0,0,3.071335927367056,3.5969815530508833,CSF1R
GO_Biological_Process_2023,Negative Regulation Of Cation Channel Activity (GO:2001258),0.310011588927335,0.5342301122821542,0,0,3.071335927367056,3.5969815530508833,GSTM2
GO_Biological_Process_2023,Negative Regulation Of Actin Filament Bundle Assembly (GO:0032232),0.310011588927335,0.5342301122821542,0,0,3.071335927367056,3.5969815530508833,PFN1
GO_Biological_Process_2023,Negative Regulation Of G Protein-Coupled Receptor Signaling Pathway (GO:0045744),0.310011588927335,0.5342301122821542,0,0,3.071335927367056,3.5969815530508833,MGRN1
GO_Biological_Process_2023,Negative Regulation Of ATP-dependent Activity (GO:0032780),0.310011588927335,0.5342301122821542,0,0,3.071335927367056,3.5969815530508833,OXA1L
GO_Biological_Process_2023,Monoatomic Cation Transport (GO:0006812),0.310011588927335,0.5342301122821542,0,0,3.071335927367056,3.5969815530508833,PIEZO1
GO_Biological_Process_2023,miRNA-mediated Gene Silencing (GO:0035195),0.310011588927335,0.5342301122821542,0,0,3.071335927367056,3.5969815530508833,CNOT1
GO_Biological_Process_2023,Linoleic Acid Metabolic Process (GO:0043651),0.310011588927335,0.5342301122821542,0,0,3.071335927367056,3.5969815530508833,GSTM2
GO_Biological_Process_2023,Interleukin-1-Mediated Signaling Pathway (GO:0070498),0.310011588927335,0.5342301122821542,0,0,3.071335927367056,3.5969815530508833,RPS6KA4
GO_Biological_Process_2023,Glycerolipid Catabolic Process (GO:0046503),0.310011588927335,0.5342301122821542,0,0,3.071335927367056,3.5969815530508833,PNPLA6
GO_Biological_Process_2023,fatty-acyl-CoA Metabolic Process (GO:0035337),0.310011588927335,0.5342301122821542,0,0,3.071335927367056,3.5969815530508833,SLC25A1
GO_Biological_Process_2023,Fatty Acid Derivative Biosynthetic Process (GO:1901570),0.310011588927335,0.5342301122821542,0,0,3.071335927367056,3.5969815530508833,SLC25A1
GO_Biological_Process_2023,Establishment Or Maintenance Of Epithelial Cell Apical/Basal Polarity (GO:0045197),0.310011588927335,0.5342301122821542,0,0,3.071335927367056,3.5969815530508833,SLC9A3R1
GO_Biological_Process_2023,Chromatin Organization (GO:0006325),0.29320091329495224,0.5342301122821542,0,0,1.4220127698388567,1.7446634772229697,KDM5C;SMARCB1;TRIM28;PCGF1;BANF1
GO_Biological_Process_2023,DNA Damage Response (GO:0006974),0.28928576337303646,0.5342301122821542,0,0,1.3354828110239454,1.6564531221744143,PARP4;TRIM28;DDX11;CIDEB;UBA1;APBB1;GTF2H4
GO_Biological_Process_2023,Negative Regulation Of Leukocyte Mediated Cytotoxicity (GO:0001911),0.310011588927335,0.5342301122821542,0,0,3.071335927367056,3.5969815530508833,LGALS9
GO_Biological_Process_2023,Ribosomal Small Subunit Assembly (GO:0000028),0.310011588927335,0.5342301122821542,0,0,3.071335927367056,3.5969815530508833,ERAL1
GO_Biological_Process_2023,Dicarboxylic Acid Transport (GO:0006835),0.310011588927335,0.5342301122821542,0,0,3.071335927367056,3.5969815530508833,UCP2
GO_Biological_Process_2023,Response To Steroid Hormone (GO:0048545),0.310011588927335,0.5342301122821542,0,0,3.071335927367056,3.5969815530508833,ATP1A1
GO_Biological_Process_2023,Positive Regulation Of Calcium Ion Transmembrane Transporter Activity (GO:1901021),0.310011588927335,0.5342301122821542,0,0,3.071335927367056,3.5969815530508833,GSTM2
GO_Biological_Process_2023,Positive Regulation Of T Cell Receptor Signaling Pathway (GO:0050862),0.310011588927335,0.5342301122821542,0,0,3.071335927367056,3.5969815530508833,TESPA1
GO_Biological_Process_2023,Positive Regulation Of Interleukin-4 Production (GO:0032753),0.310011588927335,0.5342301122821542,0,0,3.071335927367056,3.5969815530508833,LGALS9
GO_Biological_Process_2023,Positive Regulation Of Cyclin-Dependent Protein Serine/Threonine Kinase Activity (GO:0045737),0.310011588927335,0.5342301122821542,0,0,3.071335927367056,3.5969815530508833,CCND3
GO_Biological_Process_2023,Negative Regulation Of Type II Interferon Production (GO:0032689),0.310011588927335,0.5342301122821542,0,0,3.071335927367056,3.5969815530508833,LGALS9
GO_Biological_Process_2023,Negative Regulation Of Telomere Maintenance Via Telomere Lengthening (GO:1904357),0.310011588927335,0.5342301122821542,0,0,3.071335927367056,3.5969815530508833,EXOSC10
GO_Biological_Process_2023,Negative Regulation Of Stress Fiber Assembly (GO:0051497),0.310011588927335,0.5342301122821542,0,0,3.071335927367056,3.5969815530508833,PFN1
GO_Biological_Process_2023,Negative Regulation Of Protein Transport (GO:0051224),0.310011588927335,0.5342301122821542,0,0,3.071335927367056,3.5969815530508833,RHBDF2
GO_Biological_Process_2023,Negative Regulation Of Protein Dephosphorylation (GO:0035308),0.310011588927335,0.5342301122821542,0,0,3.071335927367056,3.5969815530508833,YWHAE
GO_Biological_Process_2023,Negative Regulation Of Oxidative Stress-Induced Intrinsic Apoptotic Signaling Pathway (GO:1902176),0.310011588927335,0.5342301122821542,0,0,3.071335927367056,3.5969815530508833,HSPB1
GO_Biological_Process_2023,Peptide Catabolic Process (GO:0043171),0.310011588927335,0.5342301122821542,0,0,3.071335927367056,3.5969815530508833,NAALADL1
GO_Biological_Process_2023,Nucleobase-Containing Compound Biosynthetic Process (GO:0034654),0.310011588927335,0.5342301122821542,0,0,3.071335927367056,3.5969815530508833,POLD2
GO_Biological_Process_2023,Purine Nucleotide Biosynthetic Process (GO:0006164),0.310011588927335,0.5342301122821542,0,0,3.071335927367056,3.5969815530508833,NADSYN1
GO_Biological_Process_2023,Negative Regulation Of Microtubule Polymerization Or Depolymerization (GO:0031111),0.310011588927335,0.5342301122821542,0,0,3.071335927367056,3.5969815530508833,MID1IP1
GO_Biological_Process_2023,Negative Regulation Of Cell-Matrix Adhesion (GO:0001953),0.310011588927335,0.5342301122821542,0,0,3.071335927367056,3.5969815530508833,BCAS3
GO_Biological_Process_2023,Negative Regulation Of Intrinsic Apoptotic Signaling Pathway In Response To DNA Damage (GO:1902230),0.310011588927335,0.5342301122821542,0,0,3.071335927367056,3.5969815530508833,CD74
GO_Biological_Process_2023,Protein Modification By Small Protein Conjugation (GO:0032446),0.31026311989233846,0.5342301122821542,0,0,1.3364888123924268,1.564139056435748,DCAF15;TRIM28;MGRN1;URM1;RNF208;UBA1
GO_Biological_Process_2023,Regulation Of Carbohydrate Metabolic Process (GO:0006109),0.310011588927335,0.5342301122821542,0,0,3.071335927367056,3.5969815530508833,BCKDK
GO_Biological_Process_2023,Regulation Of Golgi Organization (GO:1903358),0.310011588927335,0.5342301122821542,0,0,3.071335927367056,3.5969815530508833,STX5
GO_Biological_Process_2023,Regulation Of G0 To G1 Transition (GO:0070316),0.310011588927335,0.5342301122821542,0,0,3.071335927367056,3.5969815530508833,SMARCB1
GO_Biological_Process_2023,Protein Localization To Cell Junction (GO:1902414),0.310011588927335,0.5342301122821542,0,0,3.071335927367056,3.5969815530508833,TJP3
GO_Biological_Process_2023,Protein Targeting To Peroxisome (GO:0006625),0.310011588927335,0.5342301122821542,0,0,3.071335927367056,3.5969815530508833,PEX14
GO_Biological_Process_2023,Protein Localization To Cilium (GO:0061512),0.310011588927335,0.5342301122821542,0,0,3.071335927367056,3.5969815530508833,IFT140
GO_Biological_Process_2023,Protein Localization To Cell Surface (GO:0034394),0.310011588927335,0.5342301122821542,0,0,3.071335927367056,3.5969815530508833,FLNA
GO_Biological_Process_2023,Positive Regulation Of Striated Muscle Cell Differentiation (GO:0051155),0.310011588927335,0.5342301122821542,0,0,3.071335927367056,3.5969815530508833,PIEZO1
GO_Biological_Process_2023,Protein Activation Cascade (GO:0072376),0.310011588927335,0.5342301122821542,0,0,3.071335927367056,3.5969815530508833,FLNA
GO_Biological_Process_2023,Positive Regulation Of Protein Export From Nucleus (GO:0046827),0.310011588927335,0.5342301122821542,0,0,3.071335927367056,3.5969815530508833,YWHAE
GO_Biological_Process_2023,Nucleotide-Excision Repair (GO:0006289),0.29572927296217033,0.5342301122821542,0,0,1.9420230263157894,2.3659877463362893,ERCC2;GTF2H4
GO_Biological_Process_2023,Chaperone Cofactor-Dependent Protein Refolding (GO:0051085),0.310011588927335,0.5342301122821542,0,0,3.071335927367056,3.5969815530508833,GAK
GO_Biological_Process_2023,Negative Regulation Of Protein Binding (GO:0032091),0.29572927296217033,0.5342301122821542,0,0,1.9420230263157894,2.3659877463362893,ATP2A3;PEX14
GO_Biological_Process_2023,Cellular Response To Retinoic Acid (GO:0071300),0.310011588927335,0.5342301122821542,0,0,3.071335927367056,3.5969815530508833,LTK
GO_Biological_Process_2023,Regulation Of Transforming Growth Factor Beta Production (GO:0071634),0.310011588927335,0.5342301122821542,0,0,3.071335927367056,3.5969815530508833,LGALS9
GO_Biological_Process_2023,Regulation Of Smoothened Signaling Pathway (GO:0008589),0.310011588927335,0.5342301122821542,0,0,3.071335927367056,3.5969815530508833,MGRN1
GO_Biological_Process_2023,Regulation Of Supramolecular Fiber Organization (GO:1902903),0.310011588927335,0.5342301122821542,0,0,3.071335927367056,3.5969815530508833,MAP1S
GO_Biological_Process_2023,Regulation Of Telomerase RNA Localization To Cajal Body (GO:1904872),0.310011588927335,0.5342301122821542,0,0,3.071335927367056,3.5969815530508833,EXOSC10
GO_Biological_Process_2023,Dolichol Metabolic Process (GO:0019348),0.310011588927335,0.5342301122821542,0,0,3.071335927367056,3.5969815530508833,ALG3
GO_Biological_Process_2023,Regulation Of Myoblast Differentiation (GO:0045661),0.310011588927335,0.5342301122821542,0,0,3.071335927367056,3.5969815530508833,SMARCB1
GO_Biological_Process_2023,Cell Cycle G2/M Phase Transition (GO:0044839),0.310011588927335,0.5342301122821542,0,0,3.071335927367056,3.5969815530508833,CDC25B
GO_Biological_Process_2023,"Blood Coagulation, Fibrin Clot Formation (GO:0072378)",0.310011588927335,0.5342301122821542,0,0,3.071335927367056,3.5969815530508833,FLNA
Reactome_2022,Processing Of SMDT1 R-HSA-8949664,0.1469772153748029,0.5348337559471995,0,0,9.221789883268482,17.68257647062626,MICU1
Reactome_2022,Mitochondrial Calcium Ion Transport R-HSA-8949215,0.1469772153748029,0.5348337559471995,0,0,9.221789883268482,17.68257647062626,MICU1
Reactome_2022,Nicotinamide Salvaging R-HSA-197264,0.1469772153748029,0.5348337559471995,0,0,9.221789883268482,17.68257647062626,PARP4
Reactome_2022,CD163 Mediating An Anti-Inflammatory Response R-HSA-9662834,0.1469772153748029,0.5348337559471995,0,0,9.221789883268482,17.68257647062626,RHBDF2
Reactome_2022,Binding And Entry Of HIV Virion R-HSA-173107,0.1469772153748029,0.5348337559471995,0,0,9.221789883268482,17.68257647062626,CD4
Reactome_2022,IRE1alpha Activates Chaperones R-HSA-381070,0.12455522288798788,0.5348337559471995,0,0,3.696875,7.700613191045198,TLN1;ARFGAP1
Reactome_2022,Transcriptional Regulation By AP-2 (TFAP2) Family Of Transcription Factors R-HSA-8864260,0.12455522288798788,0.5348337559471995,0,0,3.696875,7.700613191045198,CITED2;NOP2
Reactome_2022,Sensory Processing Of Sound By Inner Hair Cells Of Cochlea R-HSA-9662360,0.12455522288798788,0.5348337559471995,0,0,3.696875,7.700613191045198,SPTAN1;VAMP2
Reactome_2022,mRNA Capping R-HSA-72086,0.12455522288798788,0.5348337559471995,0,0,3.696875,7.700613191045198,ERCC2;GTF2H4
Reactome_2022,XBP1(S) Activates Chaperone Genes R-HSA-381038,0.12455522288798788,0.5348337559471995,0,0,3.696875,7.700613191045198,TLN1;ARFGAP1
Reactome_2022,NADE Modulates Death Signaling R-HSA-205025,0.1469772153748029,0.5348337559471995,0,0,9.221789883268482,17.68257647062626,YWHAE
Reactome_2022,NOTCH2 Intracellular Domain Regulates Transcription R-HSA-2197563,0.1469772153748029,0.5348337559471995,0,0,9.221789883268482,17.68257647062626,FCER2
Reactome_2022,Ion Channel Transport R-HSA-983712,0.13952420540065738,0.5348337559471995,0,0,2.1178852643419575,4.171211407790377,ATP2A3;FXYD7;ATP13A2;TCIRG1
Reactome_2022,IRF3-mediated Induction Of Type I IFN R-HSA-3270619,0.1469772153748029,0.5348337559471995,0,0,9.221789883268482,17.68257647062626,DDX41
Reactome_2022,Prevention Of Phagosomal-Lysosomal Fusion R-HSA-9636383,0.1469772153748029,0.5348337559471995,0,0,9.221789883268482,17.68257647062626,HGS
Reactome_2022,Gap-filling DNA Repair Synthesis And Ligation In TC-NER R-HSA-6782210,0.13571540975891874,0.5348337559471995,0,0,2.5240641711229945,5.041048748728918,POLD2;ERCC2;GTF2H4
Reactome_2022,RET Signaling R-HSA-8853659,0.142397081604014,0.5348337559471995,0,0,3.360085227272727,6.5492623220750845,DOK2;PDLIM7
Reactome_2022,PI Metabolism R-HSA-1483255,0.13571540975891874,0.5348337559471995,0,0,2.5240641711229945,5.041048748728918,PIP5K1C;PNPLA6;SBF1
Reactome_2022,Uptake And Function Of Diphtheria Toxin R-HSA-5336415,0.1469772153748029,0.5348337559471995,0,0,9.221789883268482,17.68257647062626,EEF2
Reactome_2022,Vitamin B2 (Riboflavin) Metabolism R-HSA-196843,0.1469772153748029,0.5348337559471995,0,0,9.221789883268482,17.68257647062626,ACP5
Reactome_2022,RAC2 GTPase Cycle R-HSA-9013404,0.13571540975891874,0.5348337559471995,0,0,2.5240641711229945,5.041048748728918,ESYT1;PKN1;DEF6
Reactome_2022,Synthesis Of UDP-N-acetyl-glucosamine R-HSA-446210,0.1469772153748029,0.5348337559471995,0,0,9.221789883268482,17.68257647062626,RENBP
Reactome_2022,Collagen Degradation R-HSA-1442490,0.142397081604014,0.5348337559471995,0,0,3.360085227272727,6.5492623220750845,COL9A2;CTSD
Reactome_2022,DNA Strand Elongation R-HSA-69190,0.142397081604014,0.5348337559471995,0,0,3.360085227272727,6.5492623220750845,POLD2;MCM5
Reactome_2022,RNA Polymerase I Promoter Escape R-HSA-73772,0.142397081604014,0.5348337559471995,0,0,3.360085227272727,6.5492623220750845,ERCC2;GTF2H4
Reactome_2022,Phosphate Bond Hydrolysis By NTPDase Proteins R-HSA-8850843,0.1469772153748029,0.5348337559471995,0,0,9.221789883268482,17.68257647062626,ENTPD6
Reactome_2022,Adenylate Cyclase Inhibitory Pathway R-HSA-170670,0.1469772153748029,0.5348337559471995,0,0,9.221789883268482,17.68257647062626,GNAI2
Reactome_2022,Deadenylation-dependent mRNA Decay R-HSA-429914,0.142397081604014,0.5348337559471995,0,0,3.360085227272727,6.5492623220750845,CNOT1;CNOT3
Reactome_2022,Sensory Processing Of Sound R-HSA-9659379,0.142397081604014,0.5348337559471995,0,0,3.360085227272727,6.5492623220750845,SPTAN1;VAMP2
Reactome_2022,Formation Of Early Elongation Complex R-HSA-113418,0.142397081604014,0.5348337559471995,0,0,3.360085227272727,6.5492623220750845,ERCC2;GTF2H4
Reactome_2022,RNA Polymerase I Transcription Termination R-HSA-73863,0.12455522288798788,0.5348337559471995,0,0,3.696875,7.700613191045198,ERCC2;GTF2H4
Reactome_2022,Reduction Of Cytosolic Ca++ Levels R-HSA-418359,0.1469772153748029,0.5348337559471995,0,0,9.221789883268482,17.68257647062626,ATP2A3
Reactome_2022,STING Mediated Induction Of Host Immune Responses R-HSA-1834941,0.1469772153748029,0.5348337559471995,0,0,9.221789883268482,17.68257647062626,DDX41
Reactome_2022,Suppression Of Phagosomal Maturation R-HSA-9637687,0.1469772153748029,0.5348337559471995,0,0,9.221789883268482,17.68257647062626,HGS
Reactome_2022,Maturation Of Nucleoprotein R-HSA-9683610,0.1469772153748029,0.5348337559471995,0,0,9.221789883268482,17.68257647062626,PARP4
Reactome_2022,TFAP2A Acts As A Transcriptional Repressor During Retinoic Acid Induced Cell Differentiation R-HSA-8869496,0.1469772153748029,0.5348337559471995,0,0,9.221789883268482,17.68257647062626,NOP2
Reactome_2022,CD28 Dependent Vav1 Pathway R-HSA-389359,0.1469772153748029,0.5348337559471995,0,0,9.221789883268482,17.68257647062626,PKN1
Reactome_2022,APOBEC3G Mediated Resistance To HIV-1 R-HSA-180689,0.1469772153748029,0.5348337559471995,0,0,9.221789883268482,17.68257647062626,BANF1
Reactome_2022,PTK6 Expression R-HSA-8849473,0.1469772153748029,0.5348337559471995,0,0,9.221789883268482,17.68257647062626,PELP1
Reactome_2022,Activation Of TFAP2 (AP-2) Family Of Transcription Factors R-HSA-8866907,0.1469772153748029,0.5348337559471995,0,0,9.221789883268482,17.68257647062626,CITED2
Reactome_2022,2-LTR Circle Formation R-HSA-164843,0.1469772153748029,0.5348337559471995,0,0,9.221789883268482,17.68257647062626,BANF1
Reactome_2022,Metabolism R-HSA-1430728,0.11712224200594687,0.5348337559471995,0,0,1.260530676063569,2.7032547830379947,SLC25A1;ISYNA1;PRKCSH;NADSYN1;ENO2;MED15;PLD3;GNAI2;PPIP5K1;UCP2;ACP5;HMOX1;SCAP;CPNE3;PIP5K1C;UPP1;SBF1;NDUFV1;BCKDHA;MAP4K2;GSTM2;GSTM1;PARP4;MID1IP1;ENTPD6;DHCR24;UCKL1;BCKDK;CS;PLA2G15;PITPNM1;CPTP;ERCC2;OGDH;PNPLA6;ESYT1;HPD;VAMP2;PNPLA2
Reactome_2022,RHOC GTPase Cycle R-HSA-9013106,0.11248053661293583,0.5348337559471995,0,0,2.7776470588235296,6.069089605093202,STX5;MYO9B;PKN1
Reactome_2022,RHOB GTPase Cycle R-HSA-9013026,0.11248053661293583,0.5348337559471995,0,0,2.7776470588235296,6.069089605093202,MYO9B;PKN1;RHOB
Reactome_2022,Interleukin-9 Signaling R-HSA-8985947,0.1469772153748029,0.5348337559471995,0,0,9.221789883268482,17.68257647062626,IL2RG
Reactome_2022,Glucose Metabolism R-HSA-70326,0.12389813945659398,0.5348337559471995,0,0,2.6448179271708683,5.5231613940174755,SLC25A1;MAP4K2;ENO2
Reactome_2022,Unwinding Of DNA R-HSA-176974,0.1469772153748029,0.5348337559471995,0,0,9.221789883268482,17.68257647062626,MCM5
Reactome_2022,COPI-mediated Anterograde Transport R-HSA-6807878,0.14790189023701467,0.5352250724046663,0,0,2.4138107416879797,4.613289883373541,STX5;SPTAN1;ARFGAP1
Reactome_2022,Degradation Of Extracellular Matrix R-HSA-1474228,0.14914326163516367,0.5367518481924847,0,0,2.058617672790901,3.917236413327291,CAPNS1;COL9A2;CTSD;CAPN15
GO_Biological_Process_2023,Protein Localization To Plasma Membrane (GO:0072659),0.31226695246648956,0.537099158242362,0,0,1.5821848739495799,1.8414999752824486,GAK;SLC9A3R1;FLNA
GO_Biological_Process_2023,I-kappaB kinase/NF-kappaB Signaling (GO:0007249),0.31515291819823166,0.5374151048803715,0,0,1.84453125,2.1298752603270077,TBKBP1;MAP3K14
GO_Biological_Process_2023,Regulation Of Actin Filament-Based Process (GO:0032970),0.31515291819823166,0.5374151048803715,0,0,1.84453125,2.1298752603270077,TESK1;SLC4A2
GO_Biological_Process_2023,Muscle Contraction (GO:0006936),0.31515291819823166,0.5374151048803715,0,0,1.84453125,2.1298752603270077,TPM2;APBB1
GO_Biological_Process_2023,Transforming Growth Factor Beta Receptor Signaling Pathway (GO:0007179),0.31515291819823166,0.5374151048803715,0,0,1.84453125,2.1298752603270077,GPI;ZYX
GO_Biological_Process_2023,Positive Regulation Of Cytoskeleton Organization (GO:0051495),0.31515291819823166,0.5374151048803715,0,0,1.84453125,2.1298752603270077,BCAS3;PFN1
GO_Biological_Process_2023,Negative Regulation Of Wnt Signaling Pathway (GO:0030178),0.31515291819823166,0.5374151048803715,0,0,1.84453125,2.1298752603270077,SLC9A3R1;GPI
GO_Biological_Process_2023,Positive Regulation Of DNA Repair (GO:0045739),0.31515291819823166,0.5374151048803715,0,0,1.84453125,2.1298752603270077,SMARCB1;TRIM28
GO_Biological_Process_2023,Supramolecular Fiber Organization (GO:0097435),0.313701426166045,0.5374151048803715,0,0,1.3789746917585983,1.5986641383742015,CST3;CLIP2;TPM2;RHOF;CORO1B
Reactome_2022,Developmental Biology R-HSA-1266738,0.15145783277447744,0.5421031719523647,0,0,1.3324087568363814,2.5148522756451457,EPHB6;MAP4K2;SPI1;MYO9B;MED15;RHOB;RPS6KA4;CCND3;DOK2;CAPNS1;COL6A2;PIP5K1C;ITGA5;PKN1;COL9A2;PFN1;TLN1;SPTAN1;PDLIM7
GO_Biological_Process_2023,"Positive Regulation Of mRNA Splicing, Via Spliceosome (GO:0048026)",0.345664851039174,0.5466727415540018,0,0,2.632017787659811,2.795954626288197,SF3B4
GO_Biological_Process_2023,Positive Regulation Of Lipid Kinase Activity (GO:0090218),0.345664851039174,0.5466727415540018,0,0,2.632017787659811,2.795954626288197,DGKZ
GO_Biological_Process_2023,Positive Regulation Of Release Of Sequestered Calcium Ion Into Cytosol (GO:0051281),0.345664851039174,0.5466727415540018,0,0,2.632017787659811,2.795954626288197,GSTM2
GO_Biological_Process_2023,Prostaglandin Biosynthetic Process (GO:0001516),0.345664851039174,0.5466727415540018,0,0,2.632017787659811,2.795954626288197,CD74
GO_Biological_Process_2023,Protein K11-linked Ubiquitination (GO:0070979),0.345664851039174,0.5466727415540018,0,0,2.632017787659811,2.795954626288197,ANAPC2
GO_Biological_Process_2023,Protein Deacetylation (GO:0006476),0.345664851039174,0.5466727415540018,0,0,2.632017787659811,2.795954626288197,FLNA
GO_Biological_Process_2023,Positive Regulation Of Mitotic Cell Cycle (GO:0045931),0.345664851039174,0.5466727415540018,0,0,2.632017787659811,2.795954626288197,CDC25B
GO_Biological_Process_2023,Positive Regulation Of Neutrophil Chemotaxis (GO:0090023),0.345664851039174,0.5466727415540018,0,0,2.632017787659811,2.795954626288197,CD74
GO_Biological_Process_2023,Protein Localization To Cell-Cell Junction (GO:0150105),0.345664851039174,0.5466727415540018,0,0,2.632017787659811,2.795954626288197,TJP3
GO_Biological_Process_2023,Protein Localization To Golgi Apparatus (GO:0034067),0.345664851039174,0.5466727415540018,0,0,2.632017787659811,2.795954626288197,GAK
GO_Biological_Process_2023,Regulation Of Lipopolysaccharide-Mediated Signaling Pathway (GO:0031664),0.345664851039174,0.5466727415540018,0,0,2.632017787659811,2.795954626288197,SIGIRR
GO_Biological_Process_2023,Acute Inflammatory Response (GO:0002526),0.345664851039174,0.5466727415540018,0,0,2.632017787659811,2.795954626288197,SIGIRR
GO_Biological_Process_2023,Activation Of Cysteine-Type Endopeptidase Activity (GO:0097202),0.345664851039174,0.5466727415540018,0,0,2.632017787659811,2.795954626288197,CIDEB
GO_Biological_Process_2023,Regulation Of Intracellular Steroid Hormone Receptor Signaling Pathway (GO:0033143),0.345664851039174,0.5466727415540018,0,0,2.632017787659811,2.795954626288197,PKN1
GO_Biological_Process_2023,Regulation Of Intracellular Estrogen Receptor Signaling Pathway (GO:0033146),0.345664851039174,0.5466727415540018,0,0,2.632017787659811,2.795954626288197,CNOT1
GO_Biological_Process_2023,Regulation Of Interleukin-4 Production (GO:0032673),0.345664851039174,0.5466727415540018,0,0,2.632017787659811,2.795954626288197,LGALS9
GO_Biological_Process_2023,Amide Transport (GO:0042886),0.345664851039174,0.5466727415540018,0,0,2.632017787659811,2.795954626288197,CPTP
GO_Biological_Process_2023,Regulation Of Nitric-Oxide Synthase Biosynthetic Process (GO:0051769),0.345664851039174,0.5466727415540018,0,0,2.632017787659811,2.795954626288197,FCER2
GO_Biological_Process_2023,"Regulation Of Nuclear-Transcribed mRNA Catabolic Process, Deadenylation-Dependent Decay (GO:1900151)",0.345664851039174,0.5466727415540018,0,0,2.632017787659811,2.795954626288197,CNOT1
GO_Biological_Process_2023,Regulation Of Oxidative Stress-Induced Intrinsic Apoptotic Signaling Pathway (GO:1902175),0.345664851039174,0.5466727415540018,0,0,2.632017787659811,2.795954626288197,HSPB1
GO_Biological_Process_2023,Cardiac Muscle Cell Action Potential Involved In Contraction (GO:0086002),0.345664851039174,0.5466727415540018,0,0,2.632017787659811,2.795954626288197,ATP1A1
GO_Biological_Process_2023,Regulation Of Protein Localization To Cell Surface (GO:2000008),0.345664851039174,0.5466727415540018,0,0,2.632017787659811,2.795954626288197,RAB11B
GO_Biological_Process_2023,Positive Regulation Of GTPase Activity (GO:0043547),0.3271209754427564,0.5466727415540018,0,0,1.420351302241066,1.5871363678314956,BCAS3;TBC1D17;RALGDS;TBC1D10B
GO_Biological_Process_2023,Ameboidal-Type Cell Migration (GO:0001667),0.345664851039174,0.5466727415540018,0,0,2.632017787659811,2.795954626288197,PKN1
GO_Biological_Process_2023,Actomyosin Structure Organization (GO:0031032),0.33445504742911525,0.5466727415540018,0,0,1.7563244047619047,1.9236192146499675,MYO18A;ZYX
GO_Biological_Process_2023,Regulation Of Heart Rate By Cardiac Conduction (GO:0086091),0.345664851039174,0.5466727415540018,0,0,2.632017787659811,2.795954626288197,YWHAE
GO_Biological_Process_2023,N-glycan Processing (GO:0006491),0.345664851039174,0.5466727415540018,0,0,2.632017787659811,2.795954626288197,PRKCSH
GO_Biological_Process_2023,Protein Glycosylation (GO:0006486),0.3410556031313929,0.5466727415540018,0,0,1.4960254372019077,1.6092891579548723,POMT1;ALG3;MOGS
GO_Biological_Process_2023,Negative Regulation Of Macromolecule Metabolic Process (GO:0010605),0.3390410038780707,0.5466727415540018,0,0,1.3932550883969692,1.5069923857086462,SPI1;CITED2;LGALS9;CD3E
GO_Biological_Process_2023,Positive Regulation Of NIK/NF-kappaB Signaling (GO:1901224),0.33445504742911525,0.5466727415540018,0,0,1.7563244047619047,1.9236192146499675,TRIP6;LGALS9
GO_Biological_Process_2023,Glycoprotein Biosynthetic Process (GO:0009101),0.33445504742911525,0.5466727415540018,0,0,1.7563244047619047,1.9236192146499675,CANT1;ALG3
GO_Biological_Process_2023,Ribosomal Large Subunit Biogenesis (GO:0042273),0.33445504742911525,0.5466727415540018,0,0,1.7563244047619047,1.9236192146499675,NOP2;SDAD1
GO_Biological_Process_2023,Inositol Lipid-Mediated Signaling (GO:0048017),0.345664851039174,0.5466727415540018,0,0,2.632017787659811,2.795954626288197,CSF1R
GO_Biological_Process_2023,Peroxisomal Membrane Transport (GO:0015919),0.345664851039174,0.5466727415540018,0,0,2.632017787659811,2.795954626288197,PEX14
GO_Biological_Process_2023,Positive Regulation Of Cell Cycle G2/M Phase Transition (GO:1902751),0.345664851039174,0.5466727415540018,0,0,2.632017787659811,2.795954626288197,CDC25B
GO_Biological_Process_2023,fatty-acyl-CoA Biosynthetic Process (GO:0046949),0.345664851039174,0.5466727415540018,0,0,2.632017787659811,2.795954626288197,SLC25A1
GO_Biological_Process_2023,Establishment Of Vesicle Localization (GO:0051650),0.345664851039174,0.5466727415540018,0,0,2.632017787659811,2.795954626288197,TESK1
GO_Biological_Process_2023,Ephrin Receptor Signaling Pathway (GO:0048013),0.345664851039174,0.5466727415540018,0,0,2.632017787659811,2.795954626288197,EPHB6
GO_Biological_Process_2023,Sodium Ion Homeostasis (GO:0055078),0.345664851039174,0.5466727415540018,0,0,2.632017787659811,2.795954626288197,ATP1A1
GO_Biological_Process_2023,Semaphorin-Plexin Signaling Pathway (GO:0071526),0.345664851039174,0.5466727415540018,0,0,2.632017787659811,2.795954626288197,FLNA
GO_Biological_Process_2023,Secondary Alcohol Biosynthetic Process (GO:1902653),0.345664851039174,0.5466727415540018,0,0,2.632017787659811,2.795954626288197,DHCR24
GO_Biological_Process_2023,Retina Homeostasis (GO:0001895),0.345664851039174,0.5466727415540018,0,0,2.632017787659811,2.795954626288197,HSPB1
GO_Biological_Process_2023,Cellular Response To Steroid Hormone Stimulus (GO:0071383),0.345664851039174,0.5466727415540018,0,0,2.632017787659811,2.795954626288197,ATP1A1
GO_Biological_Process_2023,Cellular Response To Hexose Stimulus (GO:0071331),0.345664851039174,0.5466727415540018,0,0,2.632017787659811,2.795954626288197,UCP2
GO_Biological_Process_2023,Positive Regulation Of Lipid Catabolic Process (GO:0050996),0.345664851039174,0.5466727415540018,0,0,2.632017787659811,2.795954626288197,PNPLA2
GO_Biological_Process_2023,Positive Regulation Of Granulocyte Chemotaxis (GO:0071624),0.345664851039174,0.5466727415540018,0,0,2.632017787659811,2.795954626288197,CD74
GO_Biological_Process_2023,Positive Regulation Of Cytokine-Mediated Signaling Pathway (GO:0001961),0.345664851039174,0.5466727415540018,0,0,2.632017787659811,2.795954626288197,CD74
GO_Biological_Process_2023,Positive Regulation Of Cyclin-Dependent Protein Kinase Activity (GO:1904031),0.345664851039174,0.5466727415540018,0,0,2.632017787659811,2.795954626288197,CCND3
GO_Biological_Process_2023,Positive Regulation Of Cell Migration Involved In Sprouting Angiogenesis (GO:0090050),0.345664851039174,0.5466727415540018,0,0,2.632017787659811,2.795954626288197,HMOX1
GO_Biological_Process_2023,Organelle Fusion (GO:0048284),0.345664851039174,0.5466727415540018,0,0,2.632017787659811,2.795954626288197,CIDEB
GO_Biological_Process_2023,"Nuclear-Transcribed mRNA Catabolic Process, Deadenylation-Dependent Decay (GO:0000288)",0.345664851039174,0.5466727415540018,0,0,2.632017787659811,2.795954626288197,CNOT3
GO_Biological_Process_2023,Nuclear Membrane Reassembly (GO:0031468),0.345664851039174,0.5466727415540018,0,0,2.632017787659811,2.795954626288197,BANF1
GO_Biological_Process_2023,Negative Regulation Of Viral Entry Into Host Cell (GO:0046597),0.345664851039174,0.5466727415540018,0,0,2.632017787659811,2.795954626288197,LY6E
GO_Biological_Process_2023,Negative Regulation Of Plasma Membrane Bounded Cell Projection Assembly (GO:0120033),0.345664851039174,0.5466727415540018,0,0,2.632017787659811,2.795954626288197,TESK1
GO_Biological_Process_2023,Negative Regulation Of Interleukin-1 Production (GO:0032692),0.345664851039174,0.5466727415540018,0,0,2.632017787659811,2.795954626288197,CPTP
GO_Biological_Process_2023,Negative Regulation Of Chemotaxis (GO:0050922),0.345664851039174,0.5466727415540018,0,0,2.632017787659811,2.795954626288197,CORO1B
GO_Biological_Process_2023,Negative Regulation Of Cell Junction Assembly (GO:1901889),0.345664851039174,0.5466727415540018,0,0,2.632017787659811,2.795954626288197,BCAS3
GO_Biological_Process_2023,Negative Regulation Of Actin Filament Polymerization (GO:0030837),0.345664851039174,0.5466727415540018,0,0,2.632017787659811,2.795954626288197,PFN1
GO_Biological_Process_2023,Regulation Of Cell Size (GO:0008361),0.345664851039174,0.5466727415540018,0,0,2.632017787659811,2.795954626288197,SLC9A3R1
GO_Biological_Process_2023,Regulation Of Actin Polymerization Or Depolymerization (GO:0008064),0.345664851039174,0.5466727415540018,0,0,2.632017787659811,2.795954626288197,PFN1
GO_Biological_Process_2023,Regulation Of B Cell Differentiation (GO:0045577),0.345664851039174,0.5466727415540018,0,0,2.632017787659811,2.795954626288197,SPI1
GO_Biological_Process_2023,Proteoglycan Metabolic Process (GO:0006029),0.345664851039174,0.5466727415540018,0,0,2.632017787659811,2.795954626288197,CANT1
GO_Biological_Process_2023,Protein Targeting To Lysosome (GO:0006622),0.345664851039174,0.5466727415540018,0,0,2.632017787659811,2.795954626288197,HGS
GO_Biological_Process_2023,Protein Mannosylation (GO:0035268),0.345664851039174,0.5466727415540018,0,0,2.632017787659811,2.795954626288197,POMT1
GO_Biological_Process_2023,Regulation Of Integrin Activation (GO:0033623),0.345664851039174,0.5466727415540018,0,0,2.632017787659811,2.795954626288197,PIEZO1
GO_Biological_Process_2023,T Cell Migration (GO:0072678),0.345664851039174,0.5466727415540018,0,0,2.632017787659811,2.795954626288197,ZAP70
GO_Biological_Process_2023,Negative Regulation Of NIK/NF-kappaB Signaling (GO:1901223),0.345664851039174,0.5466727415540018,0,0,2.632017787659811,2.795954626288197,SPI1
GO_Biological_Process_2023,Modulation By Host Of Viral Process (GO:0044788),0.345664851039174,0.5466727415540018,0,0,2.632017787659811,2.795954626288197,CFL1
GO_Biological_Process_2023,Microtubule Nucleation (GO:0007020),0.345664851039174,0.5466727415540018,0,0,2.632017787659811,2.795954626288197,TUBG2
GO_Biological_Process_2023,Maintenance Of Blood-Brain Barrier (GO:0035633),0.345664851039174,0.5466727415540018,0,0,2.632017787659811,2.795954626288197,TJP3
GO_Biological_Process_2023,Lysosomal Lumen Acidification (GO:0007042),0.345664851039174,0.5466727415540018,0,0,2.632017787659811,2.795954626288197,TCIRG1
GO_Biological_Process_2023,Iron Ion Transport (GO:0006826),0.345664851039174,0.5466727415540018,0,0,2.632017787659811,2.795954626288197,RAB11B
GO_Biological_Process_2023,acyl-CoA Metabolic Process (GO:0006637),0.345664851039174,0.5466727415540018,0,0,2.632017787659811,2.795954626288197,OGDH
Reactome_2022,Signal Transduction R-HSA-162582,0.15919271221508965,0.5512066964397919,0,0,1.2131297215309174,2.2292954396358984,YWHAE;VIPR1;PRKCSH;DGKA;ATP2A3;HSPB1;TCIRG1;LTBP3;IL2RG;GNAI2;CCND3;FLNA;STX5;PIP5K1C;SPTAN1;RALGDS;CTSD;GPSM3;PELP1;IL32;CENPT;IFT140;MYO9B;RHOF;DGKZ;DEF6;RHOB;ZAP70;FCER2;FMNL1;HGS;ABHD17A;COL6A2;ITGA5;PKN1;ESYT1;PTPN7;COL9A2;PFN1;TLN1
Reactome_2022,RAC3 GTPase Cycle R-HSA-9013423,0.16042708930479307,0.5512066964397919,0,0,2.312745098039216,4.23212859245053,IL32;ESYT1;PKN1
Reactome_2022,Diseases Of Mitotic Cell Cycle R-HSA-9675126,0.1607335557557256,0.5512066964397919,0,0,3.0794270833333335,5.6292149359662496,CCND3;ANAPC2
Reactome_2022,Transcription Of HIV Genome R-HSA-167172,0.16042708930479307,0.5512066964397919,0,0,2.312745098039216,4.23212859245053,ERCC2;TAF6;GTF2H4
Reactome_2022,Aberrant Regulation Of Mitotic Cell Cycle Due To RB1 Defects R-HSA-9687139,0.1607335557557256,0.5512066964397919,0,0,3.0794270833333335,5.6292149359662496,CCND3;ANAPC2
Reactome_2022,Sphingolipid Metabolism R-HSA-428157,0.1607335557557256,0.5512066964397919,0,0,3.0794270833333335,5.6292149359662496,CPTP;ESYT1
Reactome_2022,Glutathione Conjugation R-HSA-156590,0.1607335557557256,0.5512066964397919,0,0,3.0794270833333335,5.6292149359662496,GSTM2;GSTM1
Reactome_2022,Dual Incision In TC-NER R-HSA-6782135,0.16042708930479307,0.5512066964397919,0,0,2.312745098039216,4.23212859245053,POLD2;ERCC2;GTF2H4
GO_Biological_Process_2023,Positive Regulation Of Developmental Process (GO:0051094),0.35097670717368695,0.5545222851175133,0,0,1.3671624380285798,1.4314674962063108,SMARCB1;CFL1;CORO1B;ANAPC2
GO_Biological_Process_2023,Cytoskeleton Organization (GO:0007010),0.3535965813224709,0.5553525773781354,0,0,1.6761363636363635,1.7425090446532105,CFL1;SH3BGRL3
GO_Biological_Process_2023,Positive Regulation Of Phagocytosis (GO:0050766),0.3535965813224709,0.5553525773781354,0,0,1.6761363636363635,1.7425090446532105,MYO18A;IL2RG
GO_Biological_Process_2023,Regulation Of B Cell Proliferation (GO:0030888),0.3535965813224709,0.5553525773781354,0,0,1.6761363636363635,1.7425090446532105,SASH3;CD74
GO_Biological_Process_2023,Negative Regulation Of NF-kappaB Transcription Factor Activity (GO:0032088),0.3535965813224709,0.5553525773781354,0,0,1.6761363636363635,1.7425090446532105,SPI1;CCDC22
GO_Biological_Process_2023,Integrin-Mediated Signaling Pathway (GO:0007229),0.3535965813224709,0.5553525773781354,0,0,1.6761363636363635,1.7425090446532105,ZYX;ITGA5
GO_Biological_Process_2023,Regulation Of Phosphatidylinositol 3-Kinase Signaling (GO:0014066),0.3535965813224709,0.5553525773781354,0,0,1.6761363636363635,1.7425090446532105,SLC9A3R1;PIP5K1C
GO_Biological_Process_2023,Antigen Receptor-Mediated Signaling Pathway (GO:0050851),0.35542764439374996,0.557677891746012,0,0,1.4563467492260063,1.5064939850165926,ZAP70;FCHO1;CD3E
MSigDB_Hallmark_2020,PI3K/AKT/mTOR  Signaling,0.19973339971776122,0.5592535192097313,0,0,2.054466230936819,3.309276275177179,CFL1;PFN1;IL2RG
KEGG_2021_Human,Th17 cell differentiation,0.048281152078088335,0.564781236597335,0,0,2.7365728900255752,8.29376982621674,ZAP70;HLA-DMA;CD4;CD3E;IL2RG
KEGG_2021_Human,Spliceosome,0.05295273032981842,0.564781236597335,0,0,2.657820440429136,7.809621691771443,SF3B4;SF3A1;SF3A2;PCBP1;PRPF8
KEGG_2021_Human,Basal transcription factors,0.05400763511255567,0.564781236597335,0,0,3.973109243697479,11.596035241685165,ERCC2;TAF6;GTF2H4
KEGG_2021_Human,MAPK signaling pathway,0.05510060844852049,0.564781236597335,0,0,1.9568506584477445,5.672116595546469,MAP4K1;RPS6KA4;CSF1R;MAP4K2;FLNA;HSPB1;PTPN7;MAP3K14;CDC25B
GO_Biological_Process_2023,Positive Regulation Of Lipid Biosynthetic Process (GO:0046889),0.3794825982099301,0.5663759978911809,0,0,2.3025291828793772,2.231027679743536,MID1IP1
GO_Biological_Process_2023,Positive Regulation Of mRNA Processing (GO:0050685),0.3794825982099301,0.5663759978911809,0,0,2.3025291828793772,2.231027679743536,SF3B4
GO_Biological_Process_2023,Cholesterol Biosynthetic Process (GO:0006695),0.3794825982099301,0.5663759978911809,0,0,2.3025291828793772,2.231027679743536,DHCR24
GO_Biological_Process_2023,Renal Absorption (GO:0070293),0.3794825982099301,0.5663759978911809,0,0,2.3025291828793772,2.231027679743536,SLC9A3R1
GO_Biological_Process_2023,Monoubiquitinated Histone Deubiquitination (GO:0035521),0.3794825982099301,0.5663759978911809,0,0,2.3025291828793772,2.231027679743536,TAF6
GO_Biological_Process_2023,Natural Killer Cell Mediated Cytotoxicity (GO:0042267),0.3794825982099301,0.5663759978911809,0,0,2.3025291828793772,2.231027679743536,VAMP2
GO_Biological_Process_2023,Maturation Of LSU-rRNA (GO:0000470),0.3794825982099301,0.5663759978911809,0,0,2.3025291828793772,2.231027679743536,NOP2
GO_Biological_Process_2023,Intrinsic Apoptotic Signaling Pathway In Response To Endoplasmic Reticulum Stress (GO:0070059),0.3794825982099301,0.5663759978911809,0,0,2.3025291828793772,2.231027679743536,ATP2A3
GO_Biological_Process_2023,Vesicle Coating (GO:0006901),0.3794825982099301,0.5663759978911809,0,0,2.3025291828793772,2.231027679743536,TRAPPC12
GO_Biological_Process_2023,Extrinsic Apoptotic Signaling Pathway Via Death Domain Receptors (GO:0008625),0.3794825982099301,0.5663759978911809,0,0,2.3025291828793772,2.231027679743536,SPI1
GO_Biological_Process_2023,Ceramide Metabolic Process (GO:0006672),0.3794825982099301,0.5663759978911809,0,0,2.3025291828793772,2.231027679743536,PLA2G15
GO_Biological_Process_2023,Regulation Of Sodium Ion Transmembrane Transport (GO:1902305),0.3794825982099301,0.5663759978911809,0,0,2.3025291828793772,2.231027679743536,FXYD7
GO_Biological_Process_2023,Establishment Of Endothelial Barrier (GO:0061028),0.3794825982099301,0.5663759978911809,0,0,2.3025291828793772,2.231027679743536,TJP3
GO_Biological_Process_2023,Sterol Biosynthetic Process (GO:0016126),0.3794825982099301,0.5663759978911809,0,0,2.3025291828793772,2.231027679743536,DHCR24
GO_Biological_Process_2023,Protein Transmembrane Import Into Intracellular Organelle (GO:0044743),0.3794825982099301,0.5663759978911809,0,0,2.3025291828793772,2.231027679743536,PEX14
GO_Biological_Process_2023,Positive Regulation Of Stem Cell Population Maintenance (GO:1902459),0.3794825982099301,0.5663759978911809,0,0,2.3025291828793772,2.231027679743536,SMARCB1
GO_Biological_Process_2023,Positive Regulation Of Cell Population Proliferation (GO:0008284),0.36205420014731765,0.5663759978911809,0,0,1.1881239242685027,1.2070879910573045,CD74;CSF1R;VIPR1;CAPNS1;NOP2;HMOX1;TCIRG1;GNAI2;CDC25B
GO_Biological_Process_2023,DNA Metabolic Process (GO:0006259),0.36608050984449797,0.5663759978911809,0,0,1.2447833065810594,1.2508852312608563,SMARCB1;PARP4;TRIM28;POLD2;MCM5;GTF2H4
GO_Biological_Process_2023,COPII-coated Vesicle Budding (GO:0090114),0.3794825982099301,0.5663759978911809,0,0,2.3025291828793772,2.231027679743536,TRAPPC12
GO_Biological_Process_2023,"G Protein-Coupled Receptor Signaling Pathway, Coupled To Cyclic Nucleotide Second Messenger (GO:0007187)",0.3794825982099301,0.5663759978911809,0,0,2.3025291828793772,2.231027679743536,VIPR1
GO_Biological_Process_2023,Regulation Of Exosomal Secretion (GO:1903541),0.3794825982099301,0.5663759978911809,0,0,2.3025291828793772,2.231027679743536,HGS
GO_Biological_Process_2023,Regulation Of Extrinsic Apoptotic Signaling Pathway Via Death Domain Receptors (GO:1902041),0.3794825982099301,0.5663759978911809,0,0,2.3025291828793772,2.231027679743536,HMOX1
GO_Biological_Process_2023,Positive Regulation Of Exosomal Secretion (GO:1903543),0.3794825982099301,0.5663759978911809,0,0,2.3025291828793772,2.231027679743536,HGS
GO_Biological_Process_2023,Positive Regulation Of Cytokinesis (GO:0032467),0.3794825982099301,0.5663759978911809,0,0,2.3025291828793772,2.231027679743536,CDC25B
GO_Biological_Process_2023,Positive Regulation Of Filopodium Assembly (GO:0051491),0.3794825982099301,0.5663759978911809,0,0,2.3025291828793772,2.231027679743536,BCAS3
GO_Biological_Process_2023,Positive Regulation Of Fibroblast Proliferation (GO:0048146),0.3794825982099301,0.5663759978911809,0,0,2.3025291828793772,2.231027679743536,CD74
GO_Biological_Process_2023,Positive Regulation Of Antigen Receptor-Mediated Signaling Pathway (GO:0050857),0.3794825982099301,0.5663759978911809,0,0,2.3025291828793772,2.231027679743536,TESPA1
GO_Biological_Process_2023,Phospholipid Catabolic Process (GO:0009395),0.3794825982099301,0.5663759978911809,0,0,2.3025291828793772,2.231027679743536,PNPLA6
GO_Biological_Process_2023,Regulation Of Protein Modification Process (GO:0031399),0.3794825982099301,0.5663759978911809,0,0,2.3025291828793772,2.231027679743536,HSPB1
GO_Biological_Process_2023,Regulation Of Regulatory T Cell Differentiation (GO:0045589),0.3794825982099301,0.5663759978911809,0,0,2.3025291828793772,2.231027679743536,SOX12
GO_Biological_Process_2023,Positive Regulation Of Cold-Induced Thermogenesis (GO:0120162),0.3725427662051491,0.5663759978911809,0,0,1.6029211956521738,1.5827299012703397,CNOT3;UCP2
GO_Biological_Process_2023,Macromolecule Catabolic Process (GO:0009057),0.3725427662051491,0.5663759978911809,0,0,1.6029211956521738,1.5827299012703397,EXOSC10;CTRL
GO_Biological_Process_2023,Neurogenesis (GO:0022008),0.3794825982099301,0.5663759978911809,0,0,2.3025291828793772,2.231027679743536,BTBD2
GO_Biological_Process_2023,Organelle Fission (GO:0048285),0.3794825982099301,0.5663759978911809,0,0,2.3025291828793772,2.231027679743536,UCP2
GO_Biological_Process_2023,Megakaryocyte Differentiation (GO:0030219),0.3794825982099301,0.5663759978911809,0,0,2.3025291828793772,2.231027679743536,FLNA
GO_Biological_Process_2023,Monoubiquitinated Histone H2A Deubiquitination (GO:0035522),0.3794825982099301,0.5663759978911809,0,0,2.3025291828793772,2.231027679743536,TAF6
GO_Biological_Process_2023,Regulation Of Myotube Differentiation (GO:0010830),0.3794825982099301,0.5663759978911809,0,0,2.3025291828793772,2.231027679743536,PIEZO1
GO_Biological_Process_2023,Regulation Of Protein Autophosphorylation (GO:0031952),0.3794825982099301,0.5663759978911809,0,0,2.3025291828793772,2.231027679743536,TESK1
GO_Biological_Process_2023,Amyloid-Beta Metabolic Process (GO:0050435),0.3794825982099301,0.5663759978911809,0,0,2.3025291828793772,2.231027679743536,APEH
GO_Biological_Process_2023,Alpha-Beta T Cell Activation (GO:0046631),0.3794825982099301,0.5663759978911809,0,0,2.3025291828793772,2.231027679743536,CD3E
GO_Biological_Process_2023,Regulation Of Lysosomal Lumen pH (GO:0035751),0.3794825982099301,0.5663759978911809,0,0,2.3025291828793772,2.231027679743536,TCIRG1
GO_Biological_Process_2023,Regulation Of Lipid Biosynthetic Process (GO:0046890),0.3794825982099301,0.5663759978911809,0,0,2.3025291828793772,2.231027679743536,MID1IP1
GO_Biological_Process_2023,Regulation Of Autophagy (GO:0010506),0.37484933579979884,0.5663759978911809,0,0,1.3177727784026996,1.2930396394171213,CAPNS1;CPTP;HSPB1;ATP13A2
GO_Biological_Process_2023,Regulation Of Cell Migration (GO:0030334),0.3739394532367889,0.5663759978911809,0,0,1.2080649365156197,1.1883268279154124,CD74;CSF1R;CITED2;TRIP6;FLNA;CPNE3;RHOB
GO_Biological_Process_2023,Negative Regulation Of Catalytic Activity (GO:0043086),0.3794825982099301,0.5663759978911809,0,0,2.3025291828793772,2.231027679743536,OXA1L
GO_Biological_Process_2023,Negative Regulation Of T Cell Receptor Signaling Pathway (GO:0050860),0.3794825982099301,0.5663759978911809,0,0,2.3025291828793772,2.231027679743536,DGKZ
GO_Biological_Process_2023,Vascular Transport (GO:0010232),0.3725427662051491,0.5663759978911809,0,0,1.6029211956521738,1.5827299012703397,SLC9A3R1;ATP2A3
GO_Biological_Process_2023,Endoplasmic Reticulum To Golgi Vesicle-Mediated Transport (GO:0006888),0.3725427662051491,0.5663759978911809,0,0,1.6029211956521738,1.5827299012703397,TRAPPC12;STX5
GO_Biological_Process_2023,Protein Localization To Cell Periphery (GO:1990778),0.36975978009049787,0.5663759978911809,0,0,1.4187028657616894,1.4114699315185784,GAK;SLC9A3R1;FLNA
GO_Biological_Process_2023,Calcium Ion Transport (GO:0006816),0.3725427662051491,0.5663759978911809,0,0,1.6029211956521738,1.5827299012703397,ATP2A3;MICU1
GO_Biological_Process_2023,Regulation Of Release Of Sequestered Calcium Ion Into Cytosol (GO:0051279),0.3794825982099301,0.5663759978911809,0,0,2.3025291828793772,2.231027679743536,GSTM2
GO_Biological_Process_2023,Regulation Of Ruffle Assembly (GO:1900027),0.3794825982099301,0.5663759978911809,0,0,2.3025291828793772,2.231027679743536,PFN1
GO_Biological_Process_2023,Negative Regulation Of Cytokine Production (GO:0001818),0.3867643345836865,0.5767029581280648,0,0,1.2943776764746513,1.2295807753368138,RPS6KA4;SIGIRR;BANF1;LGALS9
GO_Biological_Process_2023,Monoatomic Ion Transport (GO:0006811),0.3912628345034546,0.5801483408154672,0,0,1.5358072916666667,1.441164294328596,PIEZO1;SLC4A2
GO_Biological_Process_2023,Protein Dephosphorylation (GO:0006470),0.3912628345034546,0.5801483408154672,0,0,1.5358072916666667,1.441164294328596,PTPN7;SBF1
GO_Biological_Process_2023,Regulation Of Small GTPase Mediated Signal Transduction (GO:0051056),0.3912628345034546,0.5801483408154672,0,0,1.5358072916666667,1.441164294328596,MYO9B;RHOF
GO_Biological_Process_2023,RNA Metabolic Process (GO:0016070),0.3912628345034546,0.5801483408154672,0,0,1.5358072916666667,1.441164294328596,EXOSC10;HNRNPUL1
GO_Biological_Process_2023,Transport Across Blood-Brain Barrier (GO:0150104),0.3912628345034546,0.5801483408154672,0,0,1.5358072916666667,1.441164294328596,SLC9A3R1;ATP2A3
GO_Biological_Process_2023,Regulation Of Macroautophagy (GO:0016241),0.3912628345034546,0.5801483408154672,0,0,1.5358072916666667,1.441164294328596,CAPNS1;ATP13A2
GO_Biological_Process_2023,Regulation Of Protein Export From Nucleus (GO:0046825),0.4115589781043856,0.5851566882610165,0,0,2.046260268050151,1.816675891103361,YWHAE
GO_Biological_Process_2023,Cellular Response To Radiation (GO:0071478),0.4115589781043856,0.5851566882610165,0,0,2.046260268050151,1.816675891103361,RHOB
GO_Biological_Process_2023,Regulation Of Sprouting Angiogenesis (GO:1903670),0.4115589781043856,0.5851566882610165,0,0,2.046260268050151,1.816675891103361,ITGA5
GO_Biological_Process_2023,Cellular Response To Oxidative Stress (GO:0034599),0.39823547140562016,0.5851566882610165,0,0,1.3489239598278335,1.2419702232333607,HMOX1;ATP13A2;PEX14
GO_Biological_Process_2023,Ventricular Septum Morphogenesis (GO:0060412),0.4115589781043856,0.5851566882610165,0,0,2.046260268050151,1.816675891103361,CITED2
GO_Biological_Process_2023,Regulation Of G2/M Transition Of Mitotic Cell Cycle (GO:0010389),0.4115589781043856,0.5851566882610165,0,0,2.046260268050151,1.816675891103361,CDC25B
GO_Biological_Process_2023,Triglyceride Metabolic Process (GO:0006641),0.4115589781043856,0.5851566882610165,0,0,2.046260268050151,1.816675891103361,PNPLA2
GO_Biological_Process_2023,Microtubule Bundle Formation (GO:0001578),0.4115589781043856,0.5851566882610165,0,0,2.046260268050151,1.816675891103361,MAP1S
GO_Biological_Process_2023,Negative Regulation Of DNA Biosynthetic Process (GO:2000279),0.4115589781043856,0.5851566882610165,0,0,2.046260268050151,1.816675891103361,EXOSC10
GO_Biological_Process_2023,Golgi To Plasma Membrane Protein Transport (GO:0043001),0.4115589781043856,0.5851566882610165,0,0,2.046260268050151,1.816675891103361,VAMP2
GO_Biological_Process_2023,Regulation Of Nitric-Oxide Synthase Activity (GO:0050999),0.4115589781043856,0.5851566882610165,0,0,2.046260268050151,1.816675891103361,FCER2
GO_Biological_Process_2023,Negative Regulation Of Protein Kinase Activity (GO:0006469),0.4097296887994917,0.5851566882610165,0,0,1.4740625,1.3152435161501075,TESK1;HSPB1
GO_Biological_Process_2023,Cellular Response To Growth Factor Stimulus (GO:0071363),0.39823547140562016,0.5851566882610165,0,0,1.3489239598278335,1.2419702232333607,HSPB1;CPNE3;CORO1B
GO_Biological_Process_2023,Regulation Of Neuron Projection Development (GO:0010975),0.39823547140562016,0.5851566882610165,0,0,1.3489239598278335,1.2419702232333607,GAK;LTK;CFL1
GO_Biological_Process_2023,Myeloid Cell Activation Involved In Immune Response (GO:0002275),0.4115589781043856,0.5851566882610165,0,0,2.046260268050151,1.816675891103361,SBNO2
GO_Biological_Process_2023,'De Novo' Post-Translational Protein Folding (GO:0051084),0.4115589781043856,0.5851566882610165,0,0,2.046260268050151,1.816675891103361,GAK
GO_Biological_Process_2023,Calcium Ion Homeostasis (GO:0055074),0.4097296887994917,0.5851566882610165,0,0,1.4740625,1.3152435161501075,ATP2A3;ATP13A2
GO_Biological_Process_2023,B Cell Mediated Immunity (GO:0019724),0.4115589781043856,0.5851566882610165,0,0,2.046260268050151,1.816675891103361,CD74
GO_Biological_Process_2023,Positive Regulation Of Leukocyte Migration (GO:0002687),0.4115589781043856,0.5851566882610165,0,0,2.046260268050151,1.816675891103361,ZNF580
GO_Biological_Process_2023,Positive Regulation Of Neutrophil Migration (GO:1902624),0.4115589781043856,0.5851566882610165,0,0,2.046260268050151,1.816675891103361,CD74
GO_Biological_Process_2023,Microtubule Polymerization (GO:0046785),0.4115589781043856,0.5851566882610165,0,0,2.046260268050151,1.816675891103361,TUBG2
GO_Biological_Process_2023,Monoatomic Anion Transport (GO:0006820),0.4115589781043856,0.5851566882610165,0,0,2.046260268050151,1.816675891103361,SLC4A2
GO_Biological_Process_2023,Heterotypic Cell-Cell Adhesion (GO:0034113),0.4115589781043856,0.5851566882610165,0,0,2.046260268050151,1.816675891103361,ITGA5
GO_Biological_Process_2023,Protein Methylation (GO:0006479),0.4115589781043856,0.5851566882610165,0,0,2.046260268050151,1.816675891103361,PRMT7
GO_Biological_Process_2023,Potassium Ion Homeostasis (GO:0055075),0.4115589781043856,0.5851566882610165,0,0,2.046260268050151,1.816675891103361,ATP1A1
GO_Biological_Process_2023,"Regulation Of DNA Damage Response, Signal Transduction By P53 Class Mediator (GO:0043516)",0.4115589781043856,0.5851566882610165,0,0,2.046260268050151,1.816675891103361,CD74
GO_Biological_Process_2023,Negative Regulation Of Oxidative Stress-Induced Cell Death (GO:1903202),0.4115589781043856,0.5851566882610165,0,0,2.046260268050151,1.816675891103361,HSPB1
GO_Biological_Process_2023,Negative Regulation Of Phosphate Metabolic Process (GO:0045936),0.4115589781043856,0.5851566882610165,0,0,2.046260268050151,1.816675891103361,TESK1
GO_Biological_Process_2023,Negative Regulation Of Protein Localization (GO:1903828),0.4115589781043856,0.5851566882610165,0,0,2.046260268050151,1.816675891103361,SPI1
GO_Biological_Process_2023,Negative Regulation Of Sequestering Of Calcium Ion (GO:0051283),0.4115589781043856,0.5851566882610165,0,0,2.046260268050151,1.816675891103361,FLNA
GO_Biological_Process_2023,Negative Regulation Of Viral Life Cycle (GO:1903901),0.4115589781043856,0.5851566882610165,0,0,2.046260268050151,1.816675891103361,LY6E
GO_Biological_Process_2023,Non-Canonical Wnt Signaling Pathway (GO:0035567),0.4115589781043856,0.5851566882610165,0,0,2.046260268050151,1.816675891103361,GPI
GO_Biological_Process_2023,Positive Regulation Of JUN Kinase Activity (GO:0043507),0.4115589781043856,0.5851566882610165,0,0,2.046260268050151,1.816675891103361,MAP4K2
GO_Biological_Process_2023,Positive Regulation Of RNA Splicing (GO:0033120),0.4115589781043856,0.5851566882610165,0,0,2.046260268050151,1.816675891103361,SF3B4
GO_Biological_Process_2023,Endodermal Cell Differentiation (GO:0035987),0.4115589781043856,0.5851566882610165,0,0,2.046260268050151,1.816675891103361,ITGA5
GO_Biological_Process_2023,Response To Retinoic Acid (GO:0032526),0.4115589781043856,0.5851566882610165,0,0,2.046260268050151,1.816675891103361,LTK
GO_Biological_Process_2023,Negative Regulation Of Autophagy (GO:0010507),0.4115589781043856,0.5851566882610165,0,0,2.046260268050151,1.816675891103361,CPTP
GO_Biological_Process_2023,Negative Regulation Of Organelle Assembly (GO:1902116),0.4115589781043856,0.5851566882610165,0,0,2.046260268050151,1.816675891103361,TESK1
GO_Biological_Process_2023,Negative Regulation Of Cellular Catabolic Process (GO:0031330),0.4115589781043856,0.5851566882610165,0,0,2.046260268050151,1.816675891103361,CPTP
GO_Biological_Process_2023,Glutamine Family Amino Acid Metabolic Process (GO:0009064),0.4115589781043856,0.5851566882610165,0,0,2.046260268050151,1.816675891103361,UCP2
GO_Biological_Process_2023,Substrate Adhesion-Dependent Cell Spreading (GO:0034446),0.4115589781043856,0.5851566882610165,0,0,2.046260268050151,1.816675891103361,MLF2
GO_Biological_Process_2023,Establishment Of Protein Localization To Plasma Membrane (GO:0061951),0.4115589781043856,0.5851566882610165,0,0,2.046260268050151,1.816675891103361,VAMP2
GO_Biological_Process_2023,Monoatomic Cation Transmembrane Transport (GO:0098655),0.39865117450599863,0.5851566882610165,0,0,1.271789302199294,1.1696245520221242,UCP2;ATP2A3;TCIRG1;ATP1A1
GO_Biological_Process_2023,Negative Regulation Of Apoptotic Process (GO:0043066),0.40699934719019176,0.5851566882610165,0,0,1.137811520052814,1.0228284948899702,CD74;LTK;CITED2;CFL1;MYO18A;FLNA;HSPB1;DHCR24;ITGA5
GO_Biological_Process_2023,Regulation Of Phosphorylation (GO:0042325),0.4097296887994917,0.5851566882610165,0,0,1.4740625,1.3152435161501075,TESK1;HSPB1
GO_Biological_Process_2023,DNA-templated DNA Replication (GO:0006261),0.4097296887994917,0.5851566882610165,0,0,1.4740625,1.3152435161501075,POLD2;MCM5
Reactome_2022,Regulation Of RUNX1 Expression And Activity R-HSA-8934593,0.19101955669166354,0.5874075569626274,0,0,6.1465629053177695,10.174894014539252,CCND3
Reactome_2022,Integration Of Provirus R-HSA-162592,0.19101955669166354,0.5874075569626274,0,0,6.1465629053177695,10.174894014539252,BANF1
Reactome_2022,Tyrosine Catabolism R-HSA-8963684,0.19101955669166354,0.5874075569626274,0,0,6.1465629053177695,10.174894014539252,HPD
Reactome_2022,CD209 (DC-SIGN) Signaling R-HSA-5621575,0.19101955669166354,0.5874075569626274,0,0,6.1465629053177695,10.174894014539252,PKN1
Reactome_2022,Chk1/Chk2(Cds1) Mediated Inactivation Of Cyclin B:Cdk1 Complex R-HSA-75035,0.19101955669166354,0.5874075569626274,0,0,6.1465629053177695,10.174894014539252,YWHAE
Reactome_2022,Nucleotide Catabolism R-HSA-8956319,0.17946664577181554,0.5874075569626274,0,0,2.8419471153846154,4.881799860744331,ENTPD6;UPP1
Reactome_2022,Hydrolysis Of LPC R-HSA-1483115,0.19101955669166354,0.5874075569626274,0,0,6.1465629053177695,10.174894014539252,PLA2G15
Reactome_2022,Mitochondrial Translation Termination R-HSA-5419276,0.18637262429947826,0.5874075569626274,0,0,2.1339366515837104,3.585029051809887,MRPL4;OXA1L;ERAL1
Reactome_2022,Formation Of HIV-1 Elongation Complex Containing HIV-1 Tat R-HSA-167200,0.17946664577181554,0.5874075569626274,0,0,2.8419471153846154,4.881799860744331,ERCC2;GTF2H4
Reactome_2022,p130Cas Linkage To MAPK Signaling For Integrins R-HSA-372708,0.19101955669166354,0.5874075569626274,0,0,6.1465629053177695,10.174894014539252,TLN1
Reactome_2022,Bicarbonate Transporters R-HSA-425381,0.19101955669166354,0.5874075569626274,0,0,6.1465629053177695,10.174894014539252,SLC4A2
Reactome_2022,Nef Mediated CD4 Down-regulation R-HSA-167590,0.19101955669166354,0.5874075569626274,0,0,6.1465629053177695,10.174894014539252,CD4
Reactome_2022,HIV Infection R-HSA-162906,0.18104433079902787,0.5874075569626274,0,0,1.6365546218487395,2.7968937068299558,CD4;ERCC2;BANF1;TAF6;VPS37B;GTF2H4
Reactome_2022,Intra-Golgi And Retrograde Golgi-to-ER Traffic R-HSA-6811442,0.17942966495965754,0.5874075569626274,0,0,1.8990510801534424,3.262516556650411,VPS51;ARFIP2;STX5;ARFGAP1
Reactome_2022,STAT3 Nuclear Events Downstream Of ALK Signaling R-HSA-9701898,0.19101955669166354,0.5874075569626274,0,0,6.1465629053177695,10.174894014539252,IL2RG
Reactome_2022,Interleukin-2 Signaling R-HSA-9020558,0.19101955669166354,0.5874075569626274,0,0,6.1465629053177695,10.174894014539252,IL2RG
Reactome_2022,Interleukin-21 Signaling R-HSA-9020958,0.19101955669166354,0.5874075569626274,0,0,6.1465629053177695,10.174894014539252,IL2RG
Reactome_2022,Membrane Binding And Targetting Of GAG Proteins R-HSA-174490,0.19101955669166354,0.5874075569626274,0,0,6.1465629053177695,10.174894014539252,VPS37B
Reactome_2022,p38MAPK Events R-HSA-171007,0.19101955669166354,0.5874075569626274,0,0,6.1465629053177695,10.174894014539252,RALGDS
Reactome_2022,Sema3A PAK Dependent Axon Repulsion R-HSA-399954,0.19101955669166354,0.5874075569626274,0,0,6.1465629053177695,10.174894014539252,PKN1
Reactome_2022,Fibronectin Matrix Formation R-HSA-1566977,0.19101955669166354,0.5874075569626274,0,0,6.1465629053177695,10.174894014539252,ITGA5
Reactome_2022,Activation Of RAC1 R-HSA-428540,0.19101955669166354,0.5874075569626274,0,0,6.1465629053177695,10.174894014539252,PKN1
Reactome_2022,Transcription-Coupled Nucleotide Excision Repair (TC-NER) R-HSA-6781827,0.19973339971776122,0.5893034991672684,0,0,2.054466230936819,3.309276275177179,POLD2;ERCC2;GTF2H4
Reactome_2022,Signaling By Interleukins R-HSA-449147,0.1967157923966911,0.5893034991672684,0,0,1.3823722507933034,2.2477307413014427,IL32;SIGIRR;CSF1R;FCER2;CD4;STXBP2;HMOX1;PTPN7;LGALS9;IL2RG;VAMP2
Reactome_2022,Mitochondrial Translation Elongation R-HSA-5389840,0.19973339971776122,0.5893034991672684,0,0,2.054466230936819,3.309276275177179,MRPL4;OXA1L;ERAL1
Reactome_2022,MAPK6/MAPK4 Signaling R-HSA-5687128,0.19973339971776122,0.5893034991672684,0,0,2.054466230936819,3.309276275177179,CCND3;HSPB1;PKN1
Reactome_2022,GPER1 Signaling R-HSA-9634597,0.19850707903572462,0.5893034991672684,0,0,2.638392857142857,4.266097926133039,ITGA5;GNAI2
Reactome_2022,Mitochondrial Translation Initiation R-HSA-5368286,0.19973339971776122,0.5893034991672684,0,0,2.054466230936819,3.309276275177179,MRPL4;OXA1L;ERAL1
Reactome_2022,Formation Of HIV Elongation Complex In Absence Of HIV Tat R-HSA-167152,0.19850707903572462,0.5893034991672684,0,0,2.638392857142857,4.266097926133039,ERCC2;GTF2H4
Reactome_2022,RNA Polymerase I Transcription Initiation R-HSA-73762,0.19850707903572462,0.5893034991672684,0,0,2.638392857142857,4.266097926133039,ERCC2;GTF2H4
Reactome_2022,Pyruvate Metabolism And Citric Acid (TCA) Cycle R-HSA-71406,0.19850707903572462,0.5893034991672684,0,0,2.638392857142857,4.266097926133039,CS;OGDH
Reactome_2022,Late Phase Of HIV Life Cycle R-HSA-162599,0.2006716231350434,0.5894166509123472,0,0,1.8056462454388322,2.9000221132402437,ERCC2;TAF6;VPS37B;GTF2H4
MSigDB_Hallmark_2020,IL-2/STAT5 Signaling,0.22538652017316763,0.591639615454565,0,0,1.4580330363937508,2.172379530682509,CCND3;RNH1;PRAF2;NOP2;CST7;RHOB;PLEC
GO_Biological_Process_2023,Cilium Organization (GO:0044782),0.42635521700341245,0.6056528127253832,0,0,1.2856361149110807,1.0959822088944624,SLC9A3R1;IFT140;FLNA
GO_Biological_Process_2023,Regulation Of Vesicle-Mediated Transport (GO:0060627),0.4279196072322153,0.6057118283865254,0,0,1.4170673076923077,1.2028349794574134,VAMP2;RAB11B
GO_Biological_Process_2023,Regulation Of Peptidyl-Tyrosine Phosphorylation (GO:0050730),0.4279196072322153,0.6057118283865254,0,0,1.4170673076923077,1.2028349794574134,CD74;ITGA5
GO_Biological_Process_2023,Aerobic Respiration (GO:0009060),0.4279196072322153,0.6057118283865254,0,0,1.4170673076923077,1.2028349794574134,OXA1L;NDUFV1
GO_Biological_Process_2023,Response To Reactive Oxygen Species (GO:0000302),0.4279196072322153,0.6057118283865254,0,0,1.4170673076923077,1.2028349794574134,HMOX1;PEX14
GO_Biological_Process_2023,Monoubiquitinated Protein Deubiquitination (GO:0035520),0.44198332728340883,0.6072499772952534,0,0,1.8412451361867703,1.5033455710742225,TAF6
GO_Biological_Process_2023,Intracellular Protein Transmembrane Transport (GO:0065002),0.44198332728340883,0.6072499772952534,0,0,1.8412451361867703,1.5033455710742225,PEX14
GO_Biological_Process_2023,Lamellipodium Assembly (GO:0030032),0.44198332728340883,0.6072499772952534,0,0,1.8412451361867703,1.5033455710742225,ARFIP2
GO_Biological_Process_2023,Mitotic Spindle Assembly (GO:0090307),0.44198332728340883,0.6072499772952534,0,0,1.8412451361867703,1.5033455710742225,FLNA
GO_Biological_Process_2023,Positive Regulation Of DNA Recombination (GO:0045911),0.44198332728340883,0.6072499772952534,0,0,1.8412451361867703,1.5033455710742225,ERCC2
GO_Biological_Process_2023,Negative Regulation Of Protein Kinase B Signaling (GO:0051898),0.44198332728340883,0.6072499772952534,0,0,1.8412451361867703,1.5033455710742225,SLC9A3R1
GO_Biological_Process_2023,Positive Regulation Of Cell Division (GO:0051781),0.44198332728340883,0.6072499772952534,0,0,1.8412451361867703,1.5033455710742225,CDC25B
GO_Biological_Process_2023,Regulation Of Cell-Cell Adhesion (GO:0022407),0.44198332728340883,0.6072499772952534,0,0,1.8412451361867703,1.5033455710742225,CITED2
GO_Biological_Process_2023,Intracellular pH Reduction (GO:0051452),0.44198332728340883,0.6072499772952534,0,0,1.8412451361867703,1.5033455710742225,TCIRG1
GO_Biological_Process_2023,Positive Regulation Of miRNA Metabolic Process (GO:2000630),0.44198332728340883,0.6072499772952534,0,0,1.8412451361867703,1.5033455710742225,SPI1
GO_Biological_Process_2023,Potassium Ion Import Across Plasma Membrane (GO:1990573),0.44198332728340883,0.6072499772952534,0,0,1.8412451361867703,1.5033455710742225,ATP1A1
GO_Biological_Process_2023,Positive Regulation Of miRNA Transcription (GO:1902895),0.44198332728340883,0.6072499772952534,0,0,1.8412451361867703,1.5033455710742225,SPI1
GO_Biological_Process_2023,Regulation Of Cation Channel Activity (GO:2001257),0.44198332728340883,0.6072499772952534,0,0,1.8412451361867703,1.5033455710742225,VAMP2
GO_Biological_Process_2023,Regulation Of DNA Biosynthetic Process (GO:2000278),0.44198332728340883,0.6072499772952534,0,0,1.8412451361867703,1.5033455710742225,PARP4
GO_Biological_Process_2023,Regulation Of Cell Migration Involved In Sprouting Angiogenesis (GO:0090049),0.44198332728340883,0.6072499772952534,0,0,1.8412451361867703,1.5033455710742225,HMOX1
GO_Biological_Process_2023,Proteoglycan Biosynthetic Process (GO:0030166),0.44198332728340883,0.6072499772952534,0,0,1.8412451361867703,1.5033455710742225,CANT1
GO_Biological_Process_2023,Release Of Sequestered Calcium Ion Into Cytosol (GO:0051209),0.44198332728340883,0.6072499772952534,0,0,1.8412451361867703,1.5033455710742225,FLNA
GO_Biological_Process_2023,Histone Deubiquitination (GO:0016578),0.44198332728340883,0.6072499772952534,0,0,1.8412451361867703,1.5033455710742225,TAF6
GO_Biological_Process_2023,Endoderm Formation (GO:0001706),0.44198332728340883,0.6072499772952534,0,0,1.8412451361867703,1.5033455710742225,ITGA5
GO_Biological_Process_2023,Vesicle Budding From Membrane (GO:0006900),0.44198332728340883,0.6072499772952534,0,0,1.8412451361867703,1.5033455710742225,MYO18A
GO_Biological_Process_2023,"Regulation Of Synaptic Transmission, Glutamatergic (GO:0051966)",0.44198332728340883,0.6072499772952534,0,0,1.8412451361867703,1.5033455710742225,DGKZ
GO_Biological_Process_2023,Regulation Of Transport (GO:0051049),0.44198332728340883,0.6072499772952534,0,0,1.8412451361867703,1.5033455710742225,VAMP2
GO_Biological_Process_2023,Regulation Of Protein Polymerization (GO:0032271),0.44198332728340883,0.6072499772952534,0,0,1.8412451361867703,1.5033455710742225,PFN1
GO_Biological_Process_2023,RNA Biosynthetic Process (GO:0032774),0.44198332728340883,0.6072499772952534,0,0,1.8412451361867703,1.5033455710742225,TAF6
GO_Biological_Process_2023,Regulation Of Fatty Acid Biosynthetic Process (GO:0042304),0.44198332728340883,0.6072499772952534,0,0,1.8412451361867703,1.5033455710742225,MID1IP1
GO_Biological_Process_2023,GPI Anchor Biosynthetic Process (GO:0006506),0.44198332728340883,0.6072499772952534,0,0,1.8412451361867703,1.5033455710742225,PIGT
GO_Biological_Process_2023,Regulation Of Epidermal Growth Factor Receptor Signaling Pathway (GO:0042058),0.44198332728340883,0.6072499772952534,0,0,1.8412451361867703,1.5033455710742225,RHBDF2
GO_Biological_Process_2023,Regulation Of Cysteine-Type Endopeptidase Activity (GO:2000116),0.44198332728340883,0.6072499772952534,0,0,1.8412451361867703,1.5033455710742225,CST3
GO_Biological_Process_2023,Ribonucleoprotein Complex Biogenesis (GO:0022613),0.44024617391653265,0.6072499772952534,0,0,1.2561497326203208,1.0305718990908996,EXOSC10;SDAD1;RRP9
GO_Biological_Process_2023,Chemical Synaptic Transmission (GO:0007268),0.44024617391653265,0.6072499772952534,0,0,1.2561497326203208,1.0305718990908996,GABBR1;SNPH;STXBP2
GO_Biological_Process_2023,Inorganic Cation Transmembrane Transport (GO:0098662),0.4340453397394387,0.6072499772952534,0,0,1.2084677939847683,1.00859481111608,UCP2;ATP2A3;TCIRG1;ATP1A1
GO_Biological_Process_2023,Positive Regulation Of Lamellipodium Organization (GO:1902745),0.44198332728340883,0.6072499772952534,0,0,1.8412451361867703,1.5033455710742225,CORO1B
GO_Biological_Process_2023,Actin Filament Polymerization (GO:0030041),0.44198332728340883,0.6072499772952534,0,0,1.8412451361867703,1.5033455710742225,CORO7
GO_Biological_Process_2023,Regulation Of Myeloid Cell Differentiation (GO:0045637),0.44198332728340883,0.6072499772952534,0,0,1.8412451361867703,1.5033455710742225,SPI1
GO_Biological_Process_2023,Plasma Membrane Bounded Cell Projection Assembly (GO:0120031),0.44572423512014114,0.6083077564455084,0,0,1.1887223774447548,0.9605528527963558,SLC9A3R1;IFT140;FLNA;ARFIP2
GO_Biological_Process_2023,Positive Regulation Of Metabolic Process (GO:0009893),0.4458119698400143,0.6083077564455084,0,0,1.3642939814814814,1.1021558184025457,CNOT3;UCP2
GO_Biological_Process_2023,Positive Regulation Of Protein Localization (GO:1903829),0.4458119698400143,0.6083077564455084,0,0,1.3642939814814814,1.1021558184025457,TESK1;TRAPPC12
GO_Biological_Process_2023,Cellular Response To Mechanical Stimulus (GO:0071260),0.4458119698400143,0.6083077564455084,0,0,1.3642939814814814,1.1021558184025457,PIEZO1;MAP3K14
GO_Biological_Process_2023,Response To Type II Interferon (GO:0034341),0.4458119698400143,0.6083077564455084,0,0,1.3642939814814814,1.1021558184025457,CD74;LGALS9
GO_Biological_Process_2023,Cellular Response To Transforming Growth Factor Beta Stimulus (GO:0071560),0.4458119698400143,0.6083077564455084,0,0,1.3642939814814814,1.1021558184025457,GPI;ZYX
GO_Biological_Process_2023,Phosphatidylinositol Biosynthetic Process (GO:0006661),0.4458119698400143,0.6083077564455084,0,0,1.3642939814814814,1.1021558184025457,PITPNM1;PIP5K1C
GO_Biological_Process_2023,RNA Splicing (GO:0008380),0.4458119698400143,0.6083077564455084,0,0,1.3642939814814814,1.1021558184025457,SF3B4;PRPF8
KEGG_2021_Human,Hypertrophic cardiomyopathy,0.06242104760213373,0.6093483218303531,0,0,3.707450980392157,10.283923131425356,TPM2;ATP2A3;ITGA5
KEGG_2021_Human,Cell cycle,0.06849157377111718,0.609889308726894,0,0,2.44643228624922,6.558993952692137,YWHAE;CCND3;MCM5;CDC25B;ANAPC2
KEGG_2021_Human,Gastric acid secretion,0.07140167516802662,0.609889308726894,0,0,3.475,9.172032969907267,SLC4A2;ATP1A1;GNAI2
KEGG_2021_Human,Drug metabolism,0.06612567130209251,0.609889308726894,0,0,2.856450635978195,7.758686181060709,GSTM2;GSTM1;UPP1;UCKL1
KEGG_2021_Human,Base excision repair,0.07512282590497271,0.6160071724207762,0,0,5.284598214285714,13.67987384182662,PARP4;POLD2
Reactome_2022,Mitochondrial Translation R-HSA-5368287,0.21331403913518052,0.6209808694824144,0,0,1.980672268907563,3.060118525771976,MRPL4;OXA1L;ERAL1
Reactome_2022,RNA Polymerase II Pre-transcription Events R-HSA-674695,0.21331403913518052,0.6209808694824144,0,0,1.980672268907563,3.060118525771976,ERCC2;TAF6;GTF2H4
GO_Biological_Process_2023,DNA Replication (GO:0006260),0.4633890035337604,0.6226991703124642,0,0,1.3152901785714286,1.0117059443495735,POLD2;MCM5
GO_Biological_Process_2023,Positive Regulation Of Cysteine-Type Endopeptidase Activity (GO:2001056),0.4633890035337604,0.6226991703124642,0,0,1.3152901785714286,1.0117059443495735,CIDEB;CTSD
GO_Biological_Process_2023,Positive Regulation Of Interleukin-1 Beta Production (GO:0032731),0.4633890035337604,0.6226991703124642,0,0,1.3152901785714286,1.0117059443495735,HSPB1;LGALS9
GO_Biological_Process_2023,Regulation Of Mitotic Metaphase/Anaphase Transition (GO:0030071),0.4708404160187898,0.6226991703124642,0,0,1.6735054828440044,1.2605446794169906,SMARCB1
GO_Biological_Process_2023,Vacuolar Acidification (GO:0007035),0.4708404160187898,0.6226991703124642,0,0,1.6735054828440044,1.2605446794169906,TCIRG1
GO_Biological_Process_2023,Positive Regulation Of Transcription By RNA Polymerase I (GO:0045943),0.4708404160187898,0.6226991703124642,0,0,1.6735054828440044,1.2605446794169906,SMARCB1
GO_Biological_Process_2023,Protein Sumoylation (GO:0016925),0.4708404160187898,0.6226991703124642,0,0,1.6735054828440044,1.2605446794169906,TRIM28
GO_Biological_Process_2023,Regulation Of Adaptive Immune Response (GO:0002819),0.4708404160187898,0.6226991703124642,0,0,1.6735054828440044,1.2605446794169906,SASH3
GO_Biological_Process_2023,Positive Regulation Of Synaptic Transmission (GO:0050806),0.4708404160187898,0.6226991703124642,0,0,1.6735054828440044,1.2605446794169906,VAMP2
GO_Biological_Process_2023,Positive Regulation Of Proteolysis Involved In Protein Catabolic Process (GO:1903052),0.4708404160187898,0.6226991703124642,0,0,1.6735054828440044,1.2605446794169906,CCDC22
GO_Biological_Process_2023,Phosphatidylinositol 3-Kinase Signaling (GO:0014065),0.4708404160187898,0.6226991703124642,0,0,1.6735054828440044,1.2605446794169906,LTK
GO_Biological_Process_2023,Positive Regulation Of Innate Immune Response (GO:0045089),0.4708404160187898,0.6226991703124642,0,0,1.6735054828440044,1.2605446794169906,SPI1
GO_Biological_Process_2023,Positive Regulation Of Cell Activation (GO:0050867),0.4708404160187898,0.6226991703124642,0,0,1.6735054828440044,1.2605446794169906,FLNA
GO_Biological_Process_2023,Positive Regulation Of Interleukin-12 Production (GO:0032735),0.4708404160187898,0.6226991703124642,0,0,1.6735054828440044,1.2605446794169906,LGALS9
GO_Biological_Process_2023,Negative Regulation Of Cell Cycle G1/S Phase Transition (GO:1902807),0.4708404160187898,0.6226991703124642,0,0,1.6735054828440044,1.2605446794169906,APBB1
GO_Biological_Process_2023,Lymphocyte Migration (GO:0072676),0.4708404160187898,0.6226991703124642,0,0,1.6735054828440044,1.2605446794169906,ZAP70
GO_Biological_Process_2023,Myeloid Cell Development (GO:0061515),0.4708404160187898,0.6226991703124642,0,0,1.6735054828440044,1.2605446794169906,FLNA
GO_Biological_Process_2023,mRNA Destabilization (GO:0061157),0.4708404160187898,0.6226991703124642,0,0,1.6735054828440044,1.2605446794169906,CNOT1
GO_Biological_Process_2023,Mononuclear Cell Differentiation (GO:1903131),0.4708404160187898,0.6226991703124642,0,0,1.6735054828440044,1.2605446794169906,CSF1R
GO_Biological_Process_2023,Ventricular Septum Development (GO:0003281),0.4708404160187898,0.6226991703124642,0,0,1.6735054828440044,1.2605446794169906,CITED2
GO_Biological_Process_2023,Peroxisome Organization (GO:0007031),0.4708404160187898,0.6226991703124642,0,0,1.6735054828440044,1.2605446794169906,PEX14
GO_Biological_Process_2023,Negative Regulation Of Protein Secretion (GO:0050709),0.4708404160187898,0.6226991703124642,0,0,1.6735054828440044,1.2605446794169906,RHBDF2
GO_Biological_Process_2023,Positive Regulation Of Actin Filament Polymerization (GO:0030838),0.4708404160187898,0.6226991703124642,0,0,1.6735054828440044,1.2605446794169906,PFN1
GO_Biological_Process_2023,Type I Interferon-Mediated Signaling Pathway (GO:0060337),0.4708404160187898,0.6226991703124642,0,0,1.6735054828440044,1.2605446794169906,TBKBP1
GO_Biological_Process_2023,Intracellular Steroid Hormone Receptor Signaling Pathway (GO:0030518),0.4708404160187898,0.6226991703124642,0,0,1.6735054828440044,1.2605446794169906,CALCOCO1
GO_Biological_Process_2023,Regulation Of Protein Tyrosine Kinase Activity (GO:0061097),0.4708404160187898,0.6226991703124642,0,0,1.6735054828440044,1.2605446794169906,CSF1R
GO_Biological_Process_2023,Cell Junction Organization (GO:0034330),0.4708404160187898,0.6226991703124642,0,0,1.6735054828440044,1.2605446794169906,TJP3
GO_Biological_Process_2023,Regulation Of Transcription By RNA Polymerase I (GO:0006356),0.4708404160187898,0.6226991703124642,0,0,1.6735054828440044,1.2605446794169906,FLNA
GO_Biological_Process_2023,Regulation Of Sodium Ion Transmembrane Transporter Activity (GO:2000649),0.4708404160187898,0.6226991703124642,0,0,1.6735054828440044,1.2605446794169906,FXYD7
GO_Biological_Process_2023,Sister Chromatid Segregation (GO:0000819),0.4708404160187898,0.6226991703124642,0,0,1.6735054828440044,1.2605446794169906,TUBG2
GO_Biological_Process_2023,Positive Regulation Of mRNA Catabolic Process (GO:0061014),0.4708404160187898,0.6226991703124642,0,0,1.6735054828440044,1.2605446794169906,CNOT1
GO_Biological_Process_2023,Regulation Of Signal Transduction By P53 Class Mediator (GO:1901796),0.4708404160187898,0.6226991703124642,0,0,1.6735054828440044,1.2605446794169906,NOP2
GO_Biological_Process_2023,Cardiac Conduction (GO:0061337),0.4708404160187898,0.6226991703124642,0,0,1.6735054828440044,1.2605446794169906,YWHAE
GO_Biological_Process_2023,Regulation Of Exocytosis (GO:0017157),0.4708404160187898,0.6226991703124642,0,0,1.6735054828440044,1.2605446794169906,VAMP2
GO_Biological_Process_2023,Regulation Of miRNA Transcription (GO:1902893),0.4708404160187898,0.6226991703124642,0,0,1.6735054828440044,1.2605446794169906,SPI1
GO_Biological_Process_2023,Positive Regulation Of Plasma Membrane Bounded Cell Projection Assembly (GO:0120034),0.4633890035337604,0.6226991703124642,0,0,1.3152901785714286,1.0117059443495735,BCAS3;PFN1
GO_Biological_Process_2023,Negative Regulation Of Intracellular Signal Transduction (GO:1902532),0.468853026169638,0.6226991703124642,0,0,1.1510826771653544,0.871905918261763,SLC9A3R1;SPI1;MGRN1;CCDC22
Reactome_2022,Immune System R-HSA-168256,0.22624889094286324,0.6257621755348733,0,0,1.1592479329482388,1.7227810724710946,CSF1R;CANT1;RAB5C;PRKCSH;DCTN1;MGRN1;STXBP2;DDX41;TCIRG1;IL2RG;CD3E;APEH;PLD3;CST3;HLA-DMA;HECTD3;FLNA;HMOX1;CEACAM21;CPNE3;LGALS9;SPTAN1;CTSD;IL32;CD74;MYO9B;RHOF;EEF2;SIGIRR;ZAP70;FCER2;CD4;UBA1;PKN1;PTPN7;MAP3K14;VAMP2;CD101;HLA-DRB1;ANAPC2
Reactome_2022,NoRC Negatively Regulates rRNA Expression R-HSA-427413,0.21777367591904842,0.6257621755348733,0,0,2.4619791666666666,3.7527922324192238,ERCC2;GTF2H4
Reactome_2022,Signaling To RAS R-HSA-167044,0.23279631260543945,0.6257621755348733,0,0,4.608949416342412,6.717965044159207,RALGDS
Reactome_2022,Serotonin Neurotransmitter Release Cycle R-HSA-181429,0.23279631260543945,0.6257621755348733,0,0,4.608949416342412,6.717965044159207,VAMP2
Reactome_2022,GRB2:SOS Provides Linkage To MAPK Signaling For Integrins R-HSA-354194,0.23279631260543945,0.6257621755348733,0,0,4.608949416342412,6.717965044159207,TLN1
Reactome_2022,Pre-NOTCH Processing In Golgi R-HSA-1912420,0.23279631260543945,0.6257621755348733,0,0,4.608949416342412,6.717965044159207,ATP2A3
Reactome_2022,Platelet Calcium Homeostasis R-HSA-418360,0.23279631260543945,0.6257621755348733,0,0,4.608949416342412,6.717965044159207,ATP2A3
Reactome_2022,"Synthesis Of IP2, IP, And Ins In Cytosol R-HSA-1855183",0.23279631260543945,0.6257621755348733,0,0,4.608949416342412,6.717965044159207,ISYNA1
Reactome_2022,Heme Degradation R-HSA-189483,0.23279631260543945,0.6257621755348733,0,0,4.608949416342412,6.717965044159207,HMOX1
Reactome_2022,Carnitine Metabolism R-HSA-200425,0.23279631260543945,0.6257621755348733,0,0,4.608949416342412,6.717965044159207,MID1IP1
Reactome_2022,Nef-mediated Downmodulation Of Cell Surface Receptors By Recruitment To Clathrin Adapters R-HSA-164938,0.23279631260543945,0.6257621755348733,0,0,4.608949416342412,6.717965044159207,CD4
Reactome_2022,RNA Polymerase I Promoter Clearance R-HSA-73854,0.2371927574583434,0.6257621755348733,0,0,2.3076171875,3.320389170447811,ERCC2;GTF2H4
Reactome_2022,RNA Polymerase I Transcription R-HSA-73864,0.2371927574583434,0.6257621755348733,0,0,2.3076171875,3.320389170447811,ERCC2;GTF2H4
Reactome_2022,Glycolysis R-HSA-70171,0.2371927574583434,0.6257621755348733,0,0,2.3076171875,3.320389170447811,MAP4K2;ENO2
Reactome_2022,Post-translational Protein Phosphorylation R-HSA-8957275,0.22708627702987655,0.6257621755348733,0,0,1.9119675456389453,2.8343489834496776,CST3;PRKCSH;PNPLA2
Reactome_2022,SARS-CoV-2 Targets Host Intracellular Signaling And Regulatory Pathways R-HSA-9755779,0.23279631260543945,0.6257621755348733,0,0,4.608949416342412,6.717965044159207,YWHAE
Reactome_2022,Type I Hemidesmosome Assembly R-HSA-446107,0.23279631260543945,0.6257621755348733,0,0,4.608949416342412,6.717965044159207,PLEC
Reactome_2022,Insulin Processing R-HSA-264876,0.23279631260543945,0.6257621755348733,0,0,4.608949416342412,6.717965044159207,VAMP2
Reactome_2022,Negative Epigenetic Regulation Of rRNA Expression R-HSA-5250941,0.2371927574583434,0.6257621755348733,0,0,2.3076171875,3.320389170447811,ERCC2;GTF2H4
Reactome_2022,Interleukin-2 Family Signaling R-HSA-451927,0.2371927574583434,0.6257621755348733,0,0,2.3076171875,3.320389170447811,LGALS9;IL2RG
Reactome_2022,RAF/MAP Kinase Cascade R-HSA-5673001,0.238721734058574,0.6257621755348733,0,0,1.4815873015873016,2.122309653842048,ABHD17A;PTPN7;IL2RG;TLN1;SPTAN1;RALGDS
Reactome_2022,"Cell Cycle, Mitotic R-HSA-69278",0.23884052501331043,0.6257621755348733,0,0,1.3352866094221396,1.9120759571843509,CENPT;YWHAE;CCND3;DCTN1;POLD2;BANF1;MCM5;TUBG2;ANAPC2;CDC25B
Reactome_2022,Signaling By PDGF R-HSA-186797,0.2371927574583434,0.6257621755348733,0,0,2.3076171875,3.320389170447811,COL6A2;COL9A2
Reactome_2022,Cholesterol Biosynthesis R-HSA-191273,0.23279631260543945,0.6257621755348733,0,0,4.608949416342412,6.717965044159207,DHCR24
Reactome_2022,Protein Methylation R-HSA-8876725,0.23279631260543945,0.6257621755348733,0,0,4.608949416342412,6.717965044159207,EEF2
Reactome_2022,Diseases Of Glycosylation R-HSA-3781865,0.24102262908522698,0.6289634344654329,0,0,1.847843137254902,2.6292303152379404,POMT1;ALG3;MOGS
Reactome_2022,InlB-mediated Entry Of Listeria Monocytogenes Into Host Cell R-HSA-8875360,0.27242359528129145,0.6304155472043094,0,0,3.6863813229571982,4.793759539410547,HGS
Reactome_2022,Interleukin-15 Signaling R-HSA-8983432,0.27242359528129145,0.6304155472043094,0,0,3.6863813229571982,4.793759539410547,IL2RG
Reactome_2022,Leading Strand Synthesis R-HSA-69109,0.27242359528129145,0.6304155472043094,0,0,3.6863813229571982,4.793759539410547,POLD2
Reactome_2022,Metabolism Of Angiotensinogen To Angiotensins R-HSA-2022377,0.27242359528129145,0.6304155472043094,0,0,3.6863813229571982,4.793759539410547,CTSD
Reactome_2022,Assembly Of HIV Virion R-HSA-175474,0.27242359528129145,0.6304155472043094,0,0,3.6863813229571982,4.793759539410547,VPS37B
Reactome_2022,Activation Of BAD And Translocation To Mitochondria R-HSA-111447,0.27242359528129145,0.6304155472043094,0,0,3.6863813229571982,4.793759539410547,YWHAE
Reactome_2022,Acetylcholine Neurotransmitter Release Cycle R-HSA-264642,0.27242359528129145,0.6304155472043094,0,0,3.6863813229571982,4.793759539410547,VAMP2
Reactome_2022,TP53 Regulates Transcription Of Cell Cycle Genes R-HSA-6791312,0.2566975924226088,0.6304155472043094,0,0,2.1714154411764706,2.952813554106131,CNOT1;CNOT3
Reactome_2022,Formation Of TC-NER Pre-Incision Complex R-HSA-6781823,0.2566975924226088,0.6304155472043094,0,0,2.1714154411764706,2.952813554106131,ERCC2;GTF2H4
Reactome_2022,Senescence-Associated Secretory Phenotype (SASP) R-HSA-2559582,0.2566975924226088,0.6304155472043094,0,0,2.1714154411764706,2.952813554106131,VENTX;ANAPC2
Reactome_2022,Cyclin A/B1/B2 Associated Events During G2/M Transition R-HSA-69273,0.27242359528129145,0.6304155472043094,0,0,3.6863813229571982,4.793759539410547,CDC25B
Reactome_2022,OAS Antiviral Response R-HSA-8983711,0.27242359528129145,0.6304155472043094,0,0,3.6863813229571982,4.793759539410547,FLNA
Reactome_2022,Metabolism Of Water-Soluble Vitamins And Cofactors R-HSA-196849,0.2692820692993936,0.6304155472043094,0,0,1.7316176470588236,2.271875190979538,PARP4;ACP5;NADSYN1
Reactome_2022,Adaptive Immune System R-HSA-1280218,0.26587013955093575,0.6304155472043094,0,0,1.2277696198401045,1.6264844724339538,CD74;DCTN1;MGRN1;CD3E;ZAP70;CD4;HLA-DMA;HECTD3;UBA1;PKN1;CTSD;MAP3K14;CD101;HLA-DRB1;ANAPC2
Reactome_2022,HCMV Infection R-HSA-9609646,0.2566975924226088,0.6304155472043094,0,0,2.1714154411764706,2.952813554106131,TRIM28;VPS37B
Reactome_2022,Global Genome Nucleotide Excision Repair (GG-NER) R-HSA-5696399,0.25509646529079927,0.6304155472043094,0,0,1.7878557874762808,2.442413945384119,POLD2;ERCC2;GTF2H4
Reactome_2022,Pyrimidine Catabolism R-HSA-73621,0.27242359528129145,0.6304155472043094,0,0,3.6863813229571982,4.793759539410547,UPP1
Reactome_2022,Regulation Of Innate Immune Responses To Cytosolic DNA R-HSA-3134975,0.27242359528129145,0.6304155472043094,0,0,3.6863813229571982,4.793759539410547,DDX41
Reactome_2022,Defensins R-HSA-1461973,0.27242359528129145,0.6304155472043094,0,0,3.6863813229571982,4.793759539410547,CD4
Reactome_2022,Regulation Of Gene Expression In Beta Cells R-HSA-210745,0.27242359528129145,0.6304155472043094,0,0,3.6863813229571982,4.793759539410547,MAP4K2
Reactome_2022,Defective TPR May Confer Susceptibility Towards Thyroid Papillary Carcinoma (TPC) R-HSA-5619107,0.27242359528129145,0.6304155472043094,0,0,3.6863813229571982,4.793759539410547,MAP4K2
Reactome_2022,Disease R-HSA-1643685,0.24841781384066075,0.6304155472043094,0,0,1.163809422712878,1.620771298607729,YWHAE;VIPR1;PRKCSH;DCTN1;POMT1;GNAI2;CCND3;TRIM28;CAPNS1;SV2A;MYO18A;HMOX1;BANF1;MAP4K2;PARP4;RHBDF2;ALG3;MYO9B;MOGS;VPS37B;EEF2;GTF2H4;CDC25B;CD4;HGS;ERCC2;FXYD7;TAF6;TLN1;VAMP2;ANAPC2
Reactome_2022,Peptide Hormone Metabolism R-HSA-2980736,0.2566975924226088,0.6304155472043094,0,0,2.1714154411764706,2.952813554106131,CTSD;VAMP2
Reactome_2022,MAPK1/MAPK3 Signaling R-HSA-5684996,0.2561530916860784,0.6304155472043094,0,0,1.4424860853432282,1.9646371968470815,ABHD17A;PTPN7;IL2RG;TLN1;SPTAN1;RALGDS
Reactome_2022,VEGFR2 Mediated Vascular Permeability R-HSA-5218920,0.27242359528129145,0.6304155472043094,0,0,3.6863813229571982,4.793759539410547,PKN1
Reactome_2022,GP1b-IX-V Activation Signaling R-HSA-430116,0.27242359528129145,0.6304155472043094,0,0,3.6863813229571982,4.793759539410547,FLNA
Reactome_2022,"GABA Synthesis, Release, Reuptake And Degradation R-HSA-888590",0.27242359528129145,0.6304155472043094,0,0,3.6863813229571982,4.793759539410547,VAMP2
Reactome_2022,Dopamine Neurotransmitter Release Cycle R-HSA-212676,0.27242359528129145,0.6304155472043094,0,0,3.6863813229571982,4.793759539410547,VAMP2
Reactome_2022,Norepinephrine Neurotransmitter Release Cycle R-HSA-181430,0.27242359528129145,0.6304155472043094,0,0,3.6863813229571982,4.793759539410547,VAMP2
Reactome_2022,Post-translational Modification: Synthesis Of GPI-anchored Proteins R-HSA-163125,0.27622788098875845,0.6304155472043094,0,0,2.0503472222222223,2.637831362750818,PIGT;LY6E
Reactome_2022,mRNA Splicing - Minor Pathway R-HSA-72165,0.27622788098875845,0.6304155472043094,0,0,2.0503472222222223,2.637831362750818,SF3B4;PRPF8
Reactome_2022,Molecules Associated With Elastic Fibres R-HSA-2129379,0.27242359528129145,0.6304155472043094,0,0,3.6863813229571982,4.793759539410547,LTBP3
Reactome_2022,Transcriptional Regulation Of White Adipocyte Differentiation R-HSA-381340,0.27622788098875845,0.6304155472043094,0,0,2.0503472222222223,2.637831362750818,CCND3;MED15
Reactome_2022,TP53 Regulates Transcription Of DNA Repair Genes R-HSA-6796648,0.27622788098875845,0.6304155472043094,0,0,2.0503472222222223,2.637831362750818,ERCC2;GTF2H4
Reactome_2022,Formation Of RNA Pol II Elongation Complex R-HSA-112382,0.27622788098875845,0.6304155472043094,0,0,2.0503472222222223,2.637831362750818,ERCC2;GTF2H4
Reactome_2022,Formation Of Incision Complex In GG-NER R-HSA-5696395,0.27622788098875845,0.6304155472043094,0,0,2.0503472222222223,2.637831362750818,ERCC2;GTF2H4
GO_Biological_Process_2023,Positive Regulation Of Interleukin-1 Production (GO:0032732),0.4806355452854668,0.6331052397011545,0,0,1.269665948275862,0.9302156760385115,HSPB1;LGALS9
GO_Biological_Process_2023,Peptidyl-Serine Phosphorylation (GO:0018105),0.4810963135126938,0.6331052397011545,0,0,1.1752190237797246,0.8598934137161508,MAP4K1;GPI;PKN1
GO_Biological_Process_2023,Negative Regulation Of Protein Metabolic Process (GO:0051248),0.4810963135126938,0.6331052397011545,0,0,1.1752190237797246,0.8598934137161508,CST3;CNOT1;FLNA
GO_Biological_Process_2023,Negative Regulation Of Developmental Process (GO:0051093),0.4806355452854668,0.6331052397011545,0,0,1.269665948275862,0.9302156760385115,CST3;SPI1
GO_Biological_Process_2023,Lymphocyte Differentiation (GO:0030098),0.4806355452854668,0.6331052397011545,0,0,1.269665948275862,0.9302156760385115,ZAP70;CD4
GO_Biological_Process_2023,Regulation Of Organelle Organization (GO:0033043),0.4806355452854668,0.6331052397011545,0,0,1.269665948275862,0.9302156760385115,STX5;ATP13A2
KEGG_2021_Human,Nucleotide excision repair,0.08092500073489273,0.6380625057943465,0,0,3.2698961937716264,8.221279184199979,POLD2;ERCC2;GTF2H4
Reactome_2022,ADP Signaling Thru P2Y Purinoceptor 12 R-HSA-392170,0.310011588927335,0.6412257598879567,0,0,3.071335927367056,3.5969815530508833,GNAI2
Reactome_2022,Late Endosomal Microautophagy R-HSA-9615710,0.310011588927335,0.6412257598879567,0,0,3.071335927367056,3.5969815530508833,VPS37B
Reactome_2022,Leishmania Infection R-HSA-9658195,0.303424036399575,0.6412257598879567,0,0,1.400167684752665,1.669873573294726,VIPR1;RHBDF2;HMOX1;MYO9B;GNAI2
Reactome_2022,Metabolism Of Nucleotides R-HSA-15869,0.28355468604332906,0.6412257598879567,0,0,1.6787878787878787,2.115860770270531,ENTPD6;UPP1;UCKL1
Reactome_2022,Regulation Of Insulin Secretion R-HSA-422356,0.31515291819823166,0.6412257598879567,0,0,1.84453125,2.1298752603270077,VAMP2;GNAI2
Reactome_2022,Protein Ubiquitination R-HSA-8852135,0.29572927296217033,0.6412257598879567,0,0,1.9420230263157894,2.3659877463362893,UBA1;PEX14
Reactome_2022,Unfolded Protein Response (UPR) R-HSA-381119,0.31515291819823166,0.6412257598879567,0,0,1.84453125,2.1298752603270077,TLN1;ARFGAP1
Reactome_2022,Integrin Cell Surface Interactions R-HSA-216083,0.31515291819823166,0.6412257598879567,0,0,1.84453125,2.1298752603270077,ITGA5;COL9A2
Reactome_2022,Cell Surface Interactions At Vascular Wall R-HSA-202733,0.3152285415021711,0.6412257598879567,0,0,1.4485101127064999,1.6722431818644967,CD74;DOK2;CEACAM21;ITGA5
Reactome_2022,rRNA Modification In Nucleus And Cytosol R-HSA-6790901,0.29572927296217033,0.6412257598879567,0,0,1.9420230263157894,2.3659877463362893,NOP2;RRP9
Reactome_2022,Glutamate Neurotransmitter Release Cycle R-HSA-210500,0.310011588927335,0.6412257598879567,0,0,3.071335927367056,3.5969815530508833,VAMP2
Reactome_2022,NLRP3 Inflammasome R-HSA-844456,0.310011588927335,0.6412257598879567,0,0,3.071335927367056,3.5969815530508833,HMOX1
Reactome_2022,Intra-Golgi Traffic R-HSA-6811438,0.310011588927335,0.6412257598879567,0,0,3.071335927367056,3.5969815530508833,STX5
Reactome_2022,MHC Class II Antigen Presentation R-HSA-2132295,0.28355468604332906,0.6412257598879567,0,0,1.6787878787878787,2.115860770270531,CD74;HLA-DMA;CTSD
Reactome_2022,Translocation Of SLC2A4 (GLUT4) To Plasma Membrane R-HSA-1445148,0.31515291819823166,0.6412257598879567,0,0,1.84453125,2.1298752603270077,YWHAE;VAMP2
Reactome_2022,Response Of Mtb To Phagocytosis R-HSA-9637690,0.310011588927335,0.6412257598879567,0,0,3.071335927367056,3.5969815530508833,HGS
Reactome_2022,G Alpha (S) Signaling Events R-HSA-418555,0.29789055800576303,0.6412257598879567,0,0,1.6290657439446368,1.9728460460774513,VIPR1;ITGA5;GNAI2
Reactome_2022,Vpr-mediated Nuclear Import Of PICs R-HSA-180910,0.310011588927335,0.6412257598879567,0,0,3.071335927367056,3.5969815530508833,BANF1
Reactome_2022,Role Of Nef In HIV-1 Replication And Disease Pathogenesis R-HSA-164952,0.310011588927335,0.6412257598879567,0,0,3.071335927367056,3.5969815530508833,CD4
Reactome_2022,Interactions Of Vpr With Host Cellular Proteins R-HSA-176033,0.310011588927335,0.6412257598879567,0,0,3.071335927367056,3.5969815530508833,BANF1
Reactome_2022,"FOXO-mediated Transcription Of Oxidative Stress, Metabolic And Neuronal Genes R-HSA-9615017",0.310011588927335,0.6412257598879567,0,0,3.071335927367056,3.5969815530508833,MAP4K2
Reactome_2022,G Beta:Gamma Signaling Thru CDC42 R-HSA-8964616,0.310011588927335,0.6412257598879567,0,0,3.071335927367056,3.5969815530508833,PKN1
Reactome_2022,EPHB-mediated Forward Signaling R-HSA-3928662,0.310011588927335,0.6412257598879567,0,0,3.071335927367056,3.5969815530508833,PKN1
Reactome_2022,Regulation Of IGF Transport And Uptake By IGFBPs R-HSA-381426,0.31226695246648956,0.6412257598879567,0,0,1.5821848739495799,1.8414999752824486,CST3;PRKCSH;PNPLA2
Reactome_2022,Signaling By Hippo R-HSA-2028269,0.310011588927335,0.6412257598879567,0,0,3.071335927367056,3.5969815530508833,YWHAE
Reactome_2022,Negative Regulation Of MET Activity R-HSA-6807004,0.310011588927335,0.6412257598879567,0,0,3.071335927367056,3.5969815530508833,HGS
Reactome_2022,RUNX1 Interacts With Co-Factors Whose Precise Effect On RUNX1 Targets Is Not Known R-HSA-8939243,0.310011588927335,0.6412257598879567,0,0,3.071335927367056,3.5969815530508833,SMARCB1
Reactome_2022,Class I Peroxisomal Membrane Protein Import R-HSA-9603798,0.310011588927335,0.6412257598879567,0,0,3.071335927367056,3.5969815530508833,PEX14
Reactome_2022,Conversion From APC/C:Cdc20 To APC/C:Cdh1 In Late Anaphase R-HSA-176407,0.310011588927335,0.6412257598879567,0,0,3.071335927367056,3.5969815530508833,ANAPC2
Reactome_2022,Removal Of Flap Intermediate R-HSA-69166,0.310011588927335,0.6412257598879567,0,0,3.071335927367056,3.5969815530508833,POLD2
Reactome_2022,Aberrant Regulation Of Mitotic Exit In Cancer Due To RB1 Defects R-HSA-9687136,0.310011588927335,0.6412257598879567,0,0,3.071335927367056,3.5969815530508833,ANAPC2
Reactome_2022,Phenylalanine And Tyrosine Metabolism R-HSA-8963691,0.310011588927335,0.6412257598879567,0,0,3.071335927367056,3.5969815530508833,HPD
Reactome_2022,Polymerase Switching On C-strand Of Telomere R-HSA-174411,0.310011588927335,0.6412257598879567,0,0,3.071335927367056,3.5969815530508833,POLD2
Reactome_2022,Calnexin/calreticulin Cycle R-HSA-901042,0.310011588927335,0.6412257598879567,0,0,3.071335927367056,3.5969815530508833,PRKCSH
Reactome_2022,Phosphorylation Of APC/C R-HSA-176412,0.310011588927335,0.6412257598879567,0,0,3.071335927367056,3.5969815530508833,ANAPC2
GO_Biological_Process_2023,Regulation Of Cytoskeleton Organization (GO:0051493),0.4975388218478237,0.6413051728229079,0,0,1.2270833333333333,0.856604409022099,TESK1;SLC4A2
GO_Biological_Process_2023,ERK1 And ERK2 Cascade (GO:0070371),0.49821068108680966,0.6413051728229079,0,0,1.5337224383916992,1.0685938654815745,LGALS9
GO_Biological_Process_2023,Positive Regulation Of Cysteine-Type Endopeptidase Activity Involved In Apoptotic Process (GO:0043280),0.4944032490244867,0.6413051728229079,0,0,1.1504901960784313,0.810409667371081,ATP2A3;LGALS9;CTSD
GO_Biological_Process_2023,Nucleobase-Containing Compound Catabolic Process (GO:0034655),0.49821068108680966,0.6413051728229079,0,0,1.5337224383916992,1.0685938654815745,EXOSC10
GO_Biological_Process_2023,Negative Regulation Of Small Molecule Metabolic Process (GO:0062014),0.49821068108680966,0.6413051728229079,0,0,1.5337224383916992,1.0685938654815745,BCKDK
GO_Biological_Process_2023,Dephosphorylation (GO:0016311),0.4975388218478237,0.6413051728229079,0,0,1.2270833333333333,0.856604409022099,PTPN7;SBF1
GO_Biological_Process_2023,Dendritic Cell Differentiation (GO:0097028),0.49821068108680966,0.6413051728229079,0,0,1.5337224383916992,1.0685938654815745,LGALS9
GO_Biological_Process_2023,Substantia Nigra Development (GO:0021762),0.49821068108680966,0.6413051728229079,0,0,1.5337224383916992,1.0685938654815745,YWHAE
GO_Biological_Process_2023,Histone H3 Acetylation (GO:0043966),0.49821068108680966,0.6413051728229079,0,0,1.5337224383916992,1.0685938654815745,TAF6
GO_Biological_Process_2023,Membrane Fusion (GO:0061025),0.49821068108680966,0.6413051728229079,0,0,1.5337224383916992,1.0685938654815745,VAMP2
GO_Biological_Process_2023,Modulation By Host Of Symbiont Process (GO:0051851),0.49821068108680966,0.6413051728229079,0,0,1.5337224383916992,1.0685938654815745,SMARCB1
GO_Biological_Process_2023,Negative Regulation Of Antigen Receptor-Mediated Signaling Pathway (GO:0050858),0.49821068108680966,0.6413051728229079,0,0,1.5337224383916992,1.0685938654815745,DGKZ
GO_Biological_Process_2023,Negative Regulation Of Immune System Process (GO:0002683),0.49821068108680966,0.6413051728229079,0,0,1.5337224383916992,1.0685938654815745,HMOX1
GO_Biological_Process_2023,NIK/NF-kappaB Signaling (GO:0038061),0.49821068108680966,0.6413051728229079,0,0,1.5337224383916992,1.0685938654815745,MAP3K14
GO_Biological_Process_2023,Regulation Of Glucose Metabolic Process (GO:0010906),0.49821068108680966,0.6413051728229079,0,0,1.5337224383916992,1.0685938654815745,BCKDK
GO_Biological_Process_2023,RNA Modification (GO:0009451),0.49821068108680966,0.6413051728229079,0,0,1.5337224383916992,1.0685938654815745,MEPCE
GO_Biological_Process_2023,Amino Acid Transmembrane Transport (GO:0003333),0.49821068108680966,0.6413051728229079,0,0,1.5337224383916992,1.0685938654815745,SFXN3
GO_Biological_Process_2023,Regulation Of Natural Killer Cell Mediated Cytotoxicity (GO:0042269),0.49821068108680966,0.6413051728229079,0,0,1.5337224383916992,1.0685938654815745,LGALS9
GO_Biological_Process_2023,Regulation Of Platelet Activation (GO:0010543),0.49821068108680966,0.6413051728229079,0,0,1.5337224383916992,1.0685938654815745,FLNA
GO_Biological_Process_2023,Regulation Of Sodium Ion Transport (GO:0002028),0.49821068108680966,0.6413051728229079,0,0,1.5337224383916992,1.0685938654815745,ATP1A1
GO_Biological_Process_2023,Cellular Response To Ketone (GO:1901655),0.49821068108680966,0.6413051728229079,0,0,1.5337224383916992,1.0685938654815745,MAP4K1
GO_Biological_Process_2023,Cellular Response To Type I Interferon (GO:0071357),0.49821068108680966,0.6413051728229079,0,0,1.5337224383916992,1.0685938654815745,TBKBP1
GO_Biological_Process_2023,Protein Autoubiquitination (GO:0051865),0.49821068108680966,0.6413051728229079,0,0,1.5337224383916992,1.0685938654815745,RNF208
GO_Biological_Process_2023,Regulation Of Cellular Catabolic Process (GO:0031329),0.49821068108680966,0.6413051728229079,0,0,1.5337224383916992,1.0685938654815745,HSPB1
GO_Biological_Process_2023,Positive Regulation Of Interleukin-10 Production (GO:0032733),0.49821068108680966,0.6413051728229079,0,0,1.5337224383916992,1.0685938654815745,LGALS9
GO_Biological_Process_2023,Positive Regulation Of Transcription Elongation By RNA Polymerase II (GO:0032968),0.49821068108680966,0.6413051728229079,0,0,1.5337224383916992,1.0685938654815745,MED15
GO_Biological_Process_2023,Organophosphate Biosynthetic Process (GO:0090407),0.49821068108680966,0.6413051728229079,0,0,1.5337224383916992,1.0685938654815745,PPIP5K1
Reactome_2022,Integrin Signaling R-HSA-354192,0.345664851039174,0.6524797620480085,0,0,2.632017787659811,2.795954626288197,TLN1
Reactome_2022,HSF1 Activation R-HSA-3371511,0.345664851039174,0.6524797620480085,0,0,2.632017787659811,2.795954626288197,YWHAE
Reactome_2022,Initiation Of Nuclear Envelope (NE) Reformation R-HSA-2995383,0.345664851039174,0.6524797620480085,0,0,2.632017787659811,2.795954626288197,BANF1
Reactome_2022,Mismatch Repair (MMR) Directed By MSH2:MSH6 (MutSalpha) R-HSA-5358565,0.345664851039174,0.6524797620480085,0,0,2.632017787659811,2.795954626288197,POLD2
Reactome_2022,Mismatch Repair (MMR) Directed By MSH2:MSH3 (MutSbeta) R-HSA-5358606,0.345664851039174,0.6524797620480085,0,0,2.632017787659811,2.795954626288197,POLD2
Reactome_2022,Mismatch Repair R-HSA-5358508,0.345664851039174,0.6524797620480085,0,0,2.632017787659811,2.795954626288197,POLD2
Reactome_2022,Processive Synthesis On Lagging Strand R-HSA-69183,0.345664851039174,0.6524797620480085,0,0,2.632017787659811,2.795954626288197,POLD2
Reactome_2022,Aberrant Regulation Of Mitotic G1/S Transition In Cancer Due To RB1 Defects R-HSA-9659787,0.345664851039174,0.6524797620480085,0,0,2.632017787659811,2.795954626288197,CCND3
Reactome_2022,"Adrenaline,noradrenaline Inhibits Insulin Secretion R-HSA-400042",0.345664851039174,0.6524797620480085,0,0,2.632017787659811,2.795954626288197,GNAI2
Reactome_2022,Synthesis Of PA R-HSA-1483166,0.345664851039174,0.6524797620480085,0,0,2.632017787659811,2.795954626288197,PRKCSH
Reactome_2022,HDMs Demethylate Histones R-HSA-3214842,0.345664851039174,0.6524797620480085,0,0,2.632017787659811,2.795954626288197,KDM5C
Reactome_2022,Advanced Glycosylation Endproduct Receptor Signaling R-HSA-879415,0.345664851039174,0.6524797620480085,0,0,2.632017787659811,2.795954626288197,PRKCSH
Reactome_2022,FOXO-mediated Transcription R-HSA-9614085,0.33445504742911525,0.6524797620480085,0,0,1.7563244047619047,1.9236192146499675,MAP4K2;CITED2
Reactome_2022,Regulation Of Actin Dynamics For Phagocytic Cup Formation R-HSA-2029482,0.33445504742911525,0.6524797620480085,0,0,1.7563244047619047,1.9236192146499675,MYO9B;PKN1
Reactome_2022,Listeria Monocytogenes Entry Into Host Cells R-HSA-8876384,0.345664851039174,0.6524797620480085,0,0,2.632017787659811,2.795954626288197,HGS
Reactome_2022,Apoptotic Cleavage Of Cellular Proteins R-HSA-111465,0.33445504742911525,0.6524797620480085,0,0,1.7563244047619047,1.9236192146499675,SPTAN1;PLEC
Reactome_2022,Azathioprine ADME R-HSA-9748787,0.345664851039174,0.6524797620480085,0,0,2.632017787659811,2.795954626288197,GSTM1
Reactome_2022,Nephrin Family Interactions R-HSA-373753,0.345664851039174,0.6524797620480085,0,0,2.632017787659811,2.795954626288197,SPTAN1
Reactome_2022,Signaling By Cytosolic FGFR1 Fusion Mutants R-HSA-1839117,0.345664851039174,0.6524797620480085,0,0,2.632017787659811,2.795954626288197,MYO18A
Reactome_2022,Netrin-1 Signaling R-HSA-373752,0.345664851039174,0.6524797620480085,0,0,2.632017787659811,2.795954626288197,PKN1
Reactome_2022,Removal Of Flap Intermediate From C-strand R-HSA-174437,0.345664851039174,0.6524797620480085,0,0,2.632017787659811,2.795954626288197,POLD2
Reactome_2022,RAS Processing R-HSA-9648002,0.345664851039174,0.6524797620480085,0,0,2.632017787659811,2.795954626288197,ABHD17A
Reactome_2022,Signaling By FLT3 Fusion Proteins R-HSA-9703465,0.345664851039174,0.6524797620480085,0,0,2.632017787659811,2.795954626288197,MYO18A
Reactome_2022,Signaling By ALK R-HSA-201556,0.345664851039174,0.6524797620480085,0,0,2.632017787659811,2.795954626288197,IL2RG
Reactome_2022,Tie2 Signaling R-HSA-210993,0.345664851039174,0.6524797620480085,0,0,2.632017787659811,2.795954626288197,DOK2
Reactome_2022,Recruitment Of NuMA To Mitotic Centrosomes R-HSA-380320,0.3535965813224709,0.6542535614864928,0,0,1.6761363636363635,1.7425090446532105,YWHAE;TUBG2
Reactome_2022,Centrosome Maturation R-HSA-380287,0.3535965813224709,0.6542535614864928,0,0,1.6761363636363635,1.7425090446532105,YWHAE;TUBG2
Reactome_2022,Iron Uptake And Transport R-HSA-917937,0.3535965813224709,0.6542535614864928,0,0,1.6761363636363635,1.7425090446532105,HMOX1;TCIRG1
Reactome_2022,Generic Transcription Pathway R-HSA-212436,0.34974560033167956,0.6542535614864928,0,0,1.130593220338983,1.187743854008793,YWHAE;CSF1R;MAP4K2;SPI1;SMARCB1;CITED2;NOP2;GTF2H4;MED15;CCND3;TRIM28;CNOT1;CNOT3;ERCC2;TAF6;ITGA5;ANAPC2;VENTX
Reactome_2022,S Phase R-HSA-69242,0.35097670717368695,0.6542535614864928,0,0,1.3671624380285798,1.4314674962063108,POLD2;MCM5;CDC25B;ANAPC2
Reactome_2022,Neutrophil Degranulation R-HSA-6798695,0.3487892837986423,0.6542535614864928,0,0,1.1686777920410782,1.2309534883892033,CST3;CANT1;RAB5C;PRKCSH;CEACAM21;CPNE3;TCIRG1;RHOF;APEH;EEF2;SPTAN1;CTSD
Reactome_2022,Cardiac Conduction R-HSA-5576891,0.3535965813224709,0.6542535614864928,0,0,1.6761363636363635,1.7425090446532105,ATP2A3;FXYD7
Reactome_2022,Anti-inflammatory Response Favoring Leishmania Infection R-HSA-9662851,0.35542764439374996,0.6557890340222711,0,0,1.4563467492260063,1.5064939850165926,VIPR1;RHBDF2;GNAI2
GO_Biological_Process_2023,Protein Monoubiquitination (GO:0006513),0.5241704461902242,0.6582124545293188,0,0,1.4154444777012871,0.9142898967190918,MGRN1
GO_Biological_Process_2023,Regulation Of Heart Contraction (GO:0008016),0.5241704461902242,0.6582124545293188,0,0,1.4154444777012871,0.9142898967190918,ATP2A3
GO_Biological_Process_2023,Regulation Of Neutrophil Chemotaxis (GO:0090022),0.5241704461902242,0.6582124545293188,0,0,1.4154444777012871,0.9142898967190918,CD74
GO_Biological_Process_2023,Cell Junction Assembly (GO:0034329),0.5241704461902242,0.6582124545293188,0,0,1.4154444777012871,0.9142898967190918,TLN1
GO_Biological_Process_2023,Cellular Response To Alcohol (GO:0097306),0.5241704461902242,0.6582124545293188,0,0,1.4154444777012871,0.9142898967190918,MAP4K1
GO_Biological_Process_2023,Chromosome Organization (GO:0051276),0.5241704461902242,0.6582124545293188,0,0,1.4154444777012871,0.9142898967190918,CENPT
GO_Biological_Process_2023,Cytoplasmic Microtubule Organization (GO:0031122),0.5241704461902242,0.6582124545293188,0,0,1.4154444777012871,0.9142898967190918,CLIP2
GO_Biological_Process_2023,Response To Unfolded Protein (GO:0006986),0.5241704461902242,0.6582124545293188,0,0,1.4154444777012871,0.9142898967190918,HSPB1
GO_Biological_Process_2023,Endoplasmic Reticulum Organization (GO:0007029),0.5241704461902242,0.6582124545293188,0,0,1.4154444777012871,0.9142898967190918,GAK
GO_Biological_Process_2023,Skin Development (GO:0043588),0.5241704461902242,0.6582124545293188,0,0,1.4154444777012871,0.9142898967190918,DHCR24
GO_Biological_Process_2023,Epidermal Cell Differentiation (GO:0009913),0.5241704461902242,0.6582124545293188,0,0,1.4154444777012871,0.9142898967190918,ERCC2
GO_Biological_Process_2023,Epithelial To Mesenchymal Transition (GO:0001837),0.5241704461902242,0.6582124545293188,0,0,1.4154444777012871,0.9142898967190918,TRIM28
GO_Biological_Process_2023,Negative Regulation Of T Cell Proliferation (GO:0042130),0.5241704461902242,0.6582124545293188,0,0,1.4154444777012871,0.9142898967190918,LGALS9
GO_Biological_Process_2023,Negative Regulation Of Secretion By Cell (GO:1903531),0.5241704461902242,0.6582124545293188,0,0,1.4154444777012871,0.9142898967190918,RHBDF2
GO_Biological_Process_2023,Negative Regulation Of Smooth Muscle Cell Proliferation (GO:0048662),0.5241704461902242,0.6582124545293188,0,0,1.4154444777012871,0.9142898967190918,HMOX1
GO_Biological_Process_2023,Negative Regulation Of Transferase Activity (GO:0051348),0.5241704461902242,0.6582124545293188,0,0,1.4154444777012871,0.9142898967190918,BANF1
GO_Biological_Process_2023,Positive Regulation Of Cell-Matrix Adhesion (GO:0001954),0.5241704461902242,0.6582124545293188,0,0,1.4154444777012871,0.9142898967190918,CD3E
GO_Biological_Process_2023,Adenylate Cyclase-Modulating G Protein-Coupled Receptor Signaling Pathway (GO:0007188),0.5140882452587232,0.6582124545293188,0,0,1.1872479838709677,0.7899477280066468,VIPR1;GNAI2
GO_Biological_Process_2023,Positive Regulation Of Stress-Activated MAPK Cascade (GO:0032874),0.5140882452587232,0.6582124545293188,0,0,1.1872479838709677,0.7899477280066468,MAP4K2;SPI1
GO_Biological_Process_2023,Regulation Of Filopodium Assembly (GO:0051489),0.5241704461902242,0.6582124545293188,0,0,1.4154444777012871,0.9142898967190918,BCAS3
GO_Biological_Process_2023,Regulation Of Erythrocyte Differentiation (GO:0045646),0.5241704461902242,0.6582124545293188,0,0,1.4154444777012871,0.9142898967190918,SPI1
GO_Biological_Process_2023,Regulation Of Embryonic Development (GO:0045995),0.5241704461902242,0.6582124545293188,0,0,1.4154444777012871,0.9142898967190918,CFL1
GO_Biological_Process_2023,Regulation Of Cytokine Production (GO:0001817),0.5204975123981113,0.6582124545293188,0,0,1.104,0.7208790678929432,RPS6KA4;LGALS9;PLD3
GO_Biological_Process_2023,Positive Regulation Of DNA-templated Transcription (GO:0045893),0.5201687408028505,0.6582124545293188,0,0,1.0100370038938737,0.6601622245067074,CD74;BCAS3;CALCOCO1;SPI1;SMARCB1;CITED2;FHOD1;STXBP2;SOX12;RPS6KA4;CD4;SBNO2;TRIM28;PCBP1;TAF6;APBB1;HLA-DRB1;PELP1;VENTX
GO_Biological_Process_2023,Negative Regulation Of Nucleic Acid-Templated Transcription (GO:1903507),0.5141663669318975,0.6582124545293188,0,0,1.0514739229024943,0.699449280452656,SBNO2;KDM5C;SPI1;TRIM28;CITED2;PEX14
GO_Biological_Process_2023,Protein Complex Oligomerization (GO:0051259),0.5140882452587232,0.6582124545293188,0,0,1.1872479838709677,0.7899477280066468,OXA1L;MICU1
GO_Biological_Process_2023,Regulation Of G Protein-Coupled Receptor Signaling Pathway (GO:0008277),0.5241704461902242,0.6582124545293188,0,0,1.4154444777012871,0.9142898967190918,MGRN1
GO_Biological_Process_2023,Regulation Of JUN Kinase Activity (GO:0043506),0.5241704461902242,0.6582124545293188,0,0,1.4154444777012871,0.9142898967190918,MAP4K2
GO_Biological_Process_2023,Positive Regulation Of Cellular Response To Transforming Growth Factor Beta Stimulus (GO:1903846),0.5241704461902242,0.6582124545293188,0,0,1.4154444777012871,0.9142898967190918,CITED2
GO_Biological_Process_2023,Positive Regulation Of Interleukin-2 Production (GO:0032743),0.5241704461902242,0.6582124545293188,0,0,1.4154444777012871,0.9142898967190918,CD4
GO_Biological_Process_2023,Positive Regulation Of Transforming Growth Factor Beta Receptor Signaling Pathway (GO:0030511),0.5241704461902242,0.6582124545293188,0,0,1.4154444777012871,0.9142898967190918,CITED2
Reactome_2022,Inactivation Of APC/C Via Direct Inhibition Of APC/C Complex R-HSA-141430,0.3794825982099301,0.6628296048733445,0,0,2.3025291828793772,2.231027679743536,ANAPC2
Reactome_2022,Infection With Mycobacterium Tuberculosis R-HSA-9635486,0.3794825982099301,0.6628296048733445,0,0,2.3025291828793772,2.231027679743536,HGS
Reactome_2022,TNF Receptor Superfamily (TNFSF) Members Mediating Non-Canonical NF-kB Pathway R-HSA-5676594,0.3794825982099301,0.6628296048733445,0,0,2.3025291828793772,2.231027679743536,MAP3K14
Reactome_2022,EGFR Downregulation R-HSA-182971,0.3794825982099301,0.6628296048733445,0,0,2.3025291828793772,2.231027679743536,HGS
Reactome_2022,Signal Amplification R-HSA-392518,0.3794825982099301,0.6628296048733445,0,0,2.3025291828793772,2.231027679743536,GNAI2
Reactome_2022,Glucagon-type Ligand Receptors R-HSA-420092,0.3794825982099301,0.6628296048733445,0,0,2.3025291828793772,2.231027679743536,VIPR1
Reactome_2022,Regulation Of Beta-Cell Development R-HSA-186712,0.3794825982099301,0.6628296048733445,0,0,2.3025291828793772,2.231027679743536,MAP4K2
Reactome_2022,Insulin Receptor Recycling R-HSA-77387,0.3794825982099301,0.6628296048733445,0,0,2.3025291828793772,2.231027679743536,TCIRG1
Reactome_2022,Inflammasomes R-HSA-622312,0.3794825982099301,0.6628296048733445,0,0,2.3025291828793772,2.231027679743536,HMOX1
Reactome_2022,CD28 Dependent PI3K/Akt Signaling R-HSA-389357,0.3794825982099301,0.6628296048733445,0,0,2.3025291828793772,2.231027679743536,MAP3K14
Reactome_2022,Sema4D Induced Cell Migration And Growth-Cone Collapse R-HSA-416572,0.3794825982099301,0.6628296048733445,0,0,2.3025291828793772,2.231027679743536,RHOB
Reactome_2022,Recycling Pathway Of L1 R-HSA-437239,0.3794825982099301,0.6628296048733445,0,0,2.3025291828793772,2.231027679743536,RPS6KA4
Reactome_2022,Sema4D In Semaphorin Signaling R-HSA-400685,0.3794825982099301,0.6628296048733445,0,0,2.3025291828793772,2.231027679743536,RHOB
Reactome_2022,Sensory Processing Of Sound By Outer Hair Cells Of Cochlea R-HSA-9662361,0.3794825982099301,0.6628296048733445,0,0,2.3025291828793772,2.231027679743536,SPTAN1
Reactome_2022,Biosynthesis Of N-glycan Precursor (Dolichol LLO) And Transfer To Protein R-HSA-446193,0.3725427662051491,0.6628296048733445,0,0,1.6029211956521738,1.5827299012703397,ALG3;RENBP
Reactome_2022,ER To Golgi Anterograde Transport R-HSA-199977,0.36975978009049787,0.6628296048733445,0,0,1.4187028657616894,1.4114699315185784,STX5;SPTAN1;ARFGAP1
Reactome_2022,Signaling To ERKs R-HSA-187687,0.3794825982099301,0.6628296048733445,0,0,2.3025291828793772,2.231027679743536,RALGDS
Reactome_2022,FOXO-mediated Transcription Of Cell Death Genes R-HSA-9614657,0.3794825982099301,0.6628296048733445,0,0,2.3025291828793772,2.231027679743536,CITED2
Reactome_2022,Fatty acyl-CoA Biosynthesis R-HSA-75105,0.3794825982099301,0.6628296048733445,0,0,2.3025291828793772,2.231027679743536,SLC25A1
Reactome_2022,FCERI Mediated MAPK Activation R-HSA-2871796,0.3794825982099301,0.6628296048733445,0,0,2.3025291828793772,2.231027679743536,PKN1
GO_Biological_Process_2023,Regulation Of Protein Binding (GO:0043393),0.5302752226967039,0.6643054167798865,0,0,1.14990234375,0.729451037846524,PRMT7;PEX14
GO_Biological_Process_2023,Mitotic Sister Chromatid Segregation (GO:0000070),0.5302752226967039,0.6643054167798865,0,0,1.14990234375,0.729451037846524,FLNA;TUBG2
GO_Biological_Process_2023,Neuron Projection Morphogenesis (GO:0048812),0.5302752226967039,0.6643054167798865,0,0,1.14990234375,0.729451037846524,MAP1S;APBB1
Reactome_2022,Nucleotide Excision Repair R-HSA-5696398,0.38403453530405673,0.6672218053691171,0,0,1.3829411764705883,1.3235062296817504,POLD2;ERCC2;GTF2H4
Reactome_2022,Interleukin-4 And Interleukin-13 Signaling R-HSA-6785807,0.38403453530405673,0.6672218053691171,0,0,1.3829411764705883,1.3235062296817504,FCER2;HMOX1;IL2RG
GO_Biological_Process_2023,Organic Substance Transport (GO:0071702),0.533269360506287,0.6675307258579879,0,0,1.0821222606689735,0.680361230933442,SCAMP4;ATP2A3;VAMP2
GO_Biological_Process_2023,Positive Regulation Of Cell Migration (GO:0030335),0.535894038929639,0.6702888490071193,0,0,1.051068616422947,0.655676390361748,CSF1R;TRIP6;CPNE3;PFN1
GO_Biological_Process_2023,Protein Targeting To Membrane (GO:0006612),0.5487921317177805,0.6706054389884707,0,0,1.3140633685380767,0.7884847228327077,VPS37B
GO_Biological_Process_2023,Positive Regulation Of Double-Strand Break Repair (GO:2000781),0.5487921317177805,0.6706054389884707,0,0,1.3140633685380767,0.7884847228327077,SMARCB1
GO_Biological_Process_2023,Regulation Of Calcium Ion Transport (GO:0051924),0.5487921317177805,0.6706054389884707,0,0,1.3140633685380767,0.7884847228327077,CD4
GO_Biological_Process_2023,Phospholipid Metabolic Process (GO:0006644),0.5487921317177805,0.6706054389884707,0,0,1.3140633685380767,0.7884847228327077,PLA2G15
GO_Biological_Process_2023,ERBB Signaling Pathway (GO:0038127),0.5487921317177805,0.6706054389884707,0,0,1.3140633685380767,0.7884847228327077,CPNE3
GO_Biological_Process_2023,Chromatin Remodeling (GO:0006338),0.5458486315246057,0.6706054389884707,0,0,1.0610859728506787,0.6423958504157702,KDM5C;SMARCB1;PCGF1
GO_Biological_Process_2023,Regulation Of Cellular Metabolic Process (GO:0031323),0.5487921317177805,0.6706054389884707,0,0,1.3140633685380767,0.7884847228327077,CIDEB
GO_Biological_Process_2023,Positive Regulation Of Interleukin-6 Production (GO:0032755),0.546092980393038,0.6706054389884707,0,0,1.1148200757575757,0.6744282686790433,CD74;LGALS9
GO_Biological_Process_2023,Regulation Of GTPase Activity (GO:0043087),0.5458486315246057,0.6706054389884707,0,0,1.0610859728506787,0.6423958504157702,BCAS3;RALGDS;TBC1D10B
GO_Biological_Process_2023,Negative Regulation Of Protein-Containing Complex Assembly (GO:0031333),0.5487921317177805,0.6706054389884707,0,0,1.3140633685380767,0.7884847228327077,CPTP
GO_Biological_Process_2023,Negative Regulation Of Neuron Projection Development (GO:0010977),0.5487921317177805,0.6706054389884707,0,0,1.3140633685380767,0.7884847228327077,GAK
GO_Biological_Process_2023,Negative Regulation Of Cellular Metabolic Process (GO:0031324),0.5487921317177805,0.6706054389884707,0,0,1.3140633685380767,0.7884847228327077,BCKDK
GO_Biological_Process_2023,Negative Regulation Of ERK1 And ERK2 Cascade (GO:0070373),0.5487921317177805,0.6706054389884707,0,0,1.3140633685380767,0.7884847228327077,SLC9A3R1
GO_Biological_Process_2023,Mesenchymal Cell Differentiation (GO:0048762),0.5487921317177805,0.6706054389884707,0,0,1.3140633685380767,0.7884847228327077,TRIM28
GO_Biological_Process_2023,Intracellular Glucose Homeostasis (GO:0001678),0.5487921317177805,0.6706054389884707,0,0,1.3140633685380767,0.7884847228327077,UCP2
GO_Biological_Process_2023,Interferon-Mediated Signaling Pathway (GO:0140888),0.5487921317177805,0.6706054389884707,0,0,1.3140633685380767,0.7884847228327077,TBKBP1
GO_Biological_Process_2023,Histone Acetylation (GO:0016573),0.5487921317177805,0.6706054389884707,0,0,1.3140633685380767,0.7884847228327077,TAF6
GO_Biological_Process_2023,Glycoprotein Metabolic Process (GO:0009100),0.5487921317177805,0.6706054389884707,0,0,1.3140633685380767,0.7884847228327077,PRKCSH
GO_Biological_Process_2023,Endothelial Cell Migration (GO:0043542),0.5487921317177805,0.6706054389884707,0,0,1.3140633685380767,0.7884847228327077,CORO1B
GO_Biological_Process_2023,Dicarboxylic Acid Metabolic Process (GO:0043648),0.5487921317177805,0.6706054389884707,0,0,1.3140633685380767,0.7884847228327077,OGDH
GO_Biological_Process_2023,Cellular Response To Ionizing Radiation (GO:0071479),0.5487921317177805,0.6706054389884707,0,0,1.3140633685380767,0.7884847228327077,RHOB
GO_Biological_Process_2023,Regulation Of Small Molecule Metabolic Process (GO:0062012),0.5487921317177805,0.6706054389884707,0,0,1.3140633685380767,0.7884847228327077,BCKDK
GO_Biological_Process_2023,Cell Cycle G1/S Phase Transition (GO:0044843),0.5487921317177805,0.6706054389884707,0,0,1.3140633685380767,0.7884847228327077,CCND3
GO_Biological_Process_2023,Regulation Of Neuron Differentiation (GO:0045664),0.5487921317177805,0.6706054389884707,0,0,1.3140633685380767,0.7884847228327077,LTK
GO_Biological_Process_2023,Regulation Of Epithelial Cell Migration (GO:0010632),0.5487921317177805,0.6706054389884707,0,0,1.3140633685380767,0.7884847228327077,PFN1
GO_Biological_Process_2023,Positive Regulation Of ATP-dependent Activity (GO:0032781),0.5487921317177805,0.6706054389884707,0,0,1.3140633685380767,0.7884847228327077,PFN1
GO_Biological_Process_2023,Phosphatidylcholine Metabolic Process (GO:0046470),0.5487921317177805,0.6706054389884707,0,0,1.3140633685380767,0.7884847228327077,PLA2G15
GO_Biological_Process_2023,Negative Regulation Of Tumor Necrosis Factor Production (GO:0032720),0.5487921317177805,0.6706054389884707,0,0,1.3140633685380767,0.7884847228327077,LGALS9
GO_Biological_Process_2023,Positive Regulation Of Smooth Muscle Cell Proliferation (GO:0048661),0.5487921317177805,0.6706054389884707,0,0,1.3140633685380767,0.7884847228327077,HMOX1
GO_Biological_Process_2023,One-Carbon Compound Transport (GO:0019755),0.5487921317177805,0.6706054389884707,0,0,1.3140633685380767,0.7884847228327077,SLC4A2
GO_Biological_Process_2023,Regulation Of Nucleic Acid-Templated Transcription (GO:1903506),0.5494021051674666,0.6708355712367147,0,0,1.012013979903888,0.6061201425632186,RPS6KA4;GPI;SPI1;PCGF1;APBB1;MLF2
GO_Biological_Process_2023,Endocytosis (GO:0006897),0.5582294350099823,0.6805693724910972,0,0,1.0408435072142064,0.6067963885918468,GAK;PIP5K1C;PDLIM7
GO_Biological_Process_2023,Response To Cytokine (GO:0034097),0.5582294350099823,0.6805693724910972,0,0,1.0408435072142064,0.6067963885918468,CSF1R;CD74;LGALS9
Reactome_2022,Processive Synthesis On C-strand Of Telomere R-HSA-174414,0.4115589781043856,0.6807351784302337,0,0,2.046260268050151,1.816675891103361,POLD2
Reactome_2022,PCNA-Dependent Long Patch Base Excision Repair R-HSA-5651801,0.4115589781043856,0.6807351784302337,0,0,2.046260268050151,1.816675891103361,POLD2
Reactome_2022,Activation Of ATR In Response To Replication Stress R-HSA-176187,0.4115589781043856,0.6807351784302337,0,0,2.046260268050151,1.816675891103361,MCM5
Reactome_2022,RHO GTPases Activate CIT R-HSA-5625900,0.4115589781043856,0.6807351784302337,0,0,2.046260268050151,1.816675891103361,RHOB
Reactome_2022,Apoptotic Execution Phase R-HSA-75153,0.4097296887994917,0.6807351784302337,0,0,1.4740625,1.3152435161501075,SPTAN1;PLEC
Reactome_2022,Assembly Of Pre-Replicative Complex R-HSA-68867,0.4097296887994917,0.6807351784302337,0,0,1.4740625,1.3152435161501075,MCM5;ANAPC2
Reactome_2022,VEGFA-VEGFR2 Pathway R-HSA-4420097,0.4097296887994917,0.6807351784302337,0,0,1.4740625,1.3152435161501075,HSPB1;PKN1
Reactome_2022,Lagging Strand Synthesis R-HSA-69186,0.4115589781043856,0.6807351784302337,0,0,2.046260268050151,1.816675891103361,POLD2
Reactome_2022,APC/C:Cdc20 Mediated Degradation Of Cyclin B R-HSA-174048,0.4115589781043856,0.6807351784302337,0,0,2.046260268050151,1.816675891103361,ANAPC2
Reactome_2022,Paracetamol ADME R-HSA-9753281,0.4115589781043856,0.6807351784302337,0,0,2.046260268050151,1.816675891103361,GSTM1
Reactome_2022,G-protein Beta:Gamma Signaling R-HSA-397795,0.4115589781043856,0.6807351784302337,0,0,2.046260268050151,1.816675891103361,PKN1
Reactome_2022,Deposition Of New CENPA-containing Nucleosomes At Centromere R-HSA-606279,0.4115589781043856,0.6807351784302337,0,0,2.046260268050151,1.816675891103361,CENPT
Reactome_2022,Signaling By NOTCH2 R-HSA-1980145,0.4115589781043856,0.6807351784302337,0,0,2.046260268050151,1.816675891103361,FCER2
Reactome_2022,Signaling By Non-Receptor Tyrosine Kinases R-HSA-9006927,0.4115589781043856,0.6807351784302337,0,0,2.046260268050151,1.816675891103361,PELP1
Reactome_2022,Formation Of Cornified Envelope R-HSA-6809371,0.4115589781043856,0.6807351784302337,0,0,2.046260268050151,1.816675891103361,CAPNS1
Reactome_2022,Synthesis Of DNA R-HSA-69239,0.39823547140562016,0.6807351784302337,0,0,1.3489239598278335,1.2419702232333607,POLD2;MCM5;ANAPC2
Reactome_2022,Interleukin-7 Signaling R-HSA-1266695,0.4115589781043856,0.6807351784302337,0,0,2.046260268050151,1.816675891103361,IL2RG
Reactome_2022,Metabolism Of Porphyrins R-HSA-189445,0.4115589781043856,0.6807351784302337,0,0,2.046260268050151,1.816675891103361,HMOX1
Reactome_2022,EPH-Ephrin Signaling R-HSA-2682334,0.4097296887994917,0.6807351784302337,0,0,1.4740625,1.3152435161501075,EPHB6;PKN1
Reactome_2022,Post-translational Protein Modification R-HSA-597592,0.41300720522199397,0.6814098725954812,0,0,1.0777372173359139,0.95303250269905,RAB5C;PIGT;PRKCSH;DCTN1;POMT1;ALG3;MOGS;EEF2;RENBP;ARFGAP1;PEX14;CST3;TRIM28;HGS;STX5;UBA1;CCDC22;SPTAN1;PNPLA2;LY6E
GO_Biological_Process_2023,Transmembrane Receptor Protein Serine/Threonine Kinase Signaling Pathway (GO:0007178),0.561536400023413,0.6840768854802833,0,0,1.0818014705882353,0.6242845652155491,GPI;ZYX
GO_Biological_Process_2023,Regulation Of Cytokine Production Involved In Inflammatory Response (GO:1900015),0.5721444533954856,0.6885641644116623,0,0,1.2261997405966278,0.6846655204585311,PLD3
GO_Biological_Process_2023,Regulation Of Type I Interferon Production (GO:0032479),0.5721444533954856,0.6885641644116623,0,0,1.2261997405966278,0.6846655204585311,BANF1
GO_Biological_Process_2023,Positive Regulation Of Release Of Cytochrome C From Mitochondria (GO:0090200),0.5721444533954856,0.6885641644116623,0,0,1.2261997405966278,0.6846655204585311,CIDEB
GO_Biological_Process_2023,Anterograde Axonal Transport (GO:0008089),0.5721444533954856,0.6885641644116623,0,0,1.2261997405966278,0.6846655204585311,HSPB1
GO_Biological_Process_2023,Regulation Of Double-Strand Break Repair (GO:2000779),0.5721444533954856,0.6885641644116623,0,0,1.2261997405966278,0.6846655204585311,SMARCB1
GO_Biological_Process_2023,Regulation Of Activated T Cell Proliferation (GO:0046006),0.5721444533954856,0.6885641644116623,0,0,1.2261997405966278,0.6846655204585311,LGALS9
GO_Biological_Process_2023,Unsaturated Fatty Acid Metabolic Process (GO:0033559),0.5721444533954856,0.6885641644116623,0,0,1.2261997405966278,0.6846655204585311,GSTM2
GO_Biological_Process_2023,tRNA Modification (GO:0006400),0.5721444533954856,0.6885641644116623,0,0,1.2261997405966278,0.6846655204585311,URM1
GO_Biological_Process_2023,Calcium Ion Transmembrane Import Into Cytosol (GO:0097553),0.5721444533954856,0.6885641644116623,0,0,1.2261997405966278,0.6846655204585311,FLNA
GO_Biological_Process_2023,Zymogen Activation (GO:0031638),0.5721444533954856,0.6885641644116623,0,0,1.2261997405966278,0.6846655204585311,CIDEB
GO_Biological_Process_2023,Regulation Of Cytokinesis (GO:0032465),0.5721444533954856,0.6885641644116623,0,0,1.2261997405966278,0.6846655204585311,CDC25B
GO_Biological_Process_2023,mRNA Transcription By RNA Polymerase II (GO:0042789),0.5721444533954856,0.6885641644116623,0,0,1.2261997405966278,0.6846655204585311,TAF6
GO_Biological_Process_2023,Negative Regulation Of Tumor Necrosis Factor Superfamily Cytokine Production (GO:1903556),0.5721444533954856,0.6885641644116623,0,0,1.2261997405966278,0.6846655204585311,LGALS9
GO_Biological_Process_2023,Negative Regulation Of Type I Interferon Production (GO:0032480),0.5721444533954856,0.6885641644116623,0,0,1.2261997405966278,0.6846655204585311,BANF1
GO_Biological_Process_2023,mRNA Transcription (GO:0009299),0.5721444533954856,0.6885641644116623,0,0,1.2261997405966278,0.6846655204585311,TAF6
GO_Biological_Process_2023,DNA Duplex Unwinding (GO:0032508),0.5721444533954856,0.6885641644116623,0,0,1.2261997405966278,0.6846655204585311,MCM5
GO_Biological_Process_2023,Mitochondrial Translation (GO:0032543),0.5766018668627894,0.6934040590919863,0,0,1.050669642857143,0.5785021264157311,MRPL4;MRPL2
Reactome_2022,M Phase R-HSA-68886,0.42235483746930336,0.6950814536241048,0,0,1.1646616541353383,1.0038329104151458,CENPT;YWHAE;DCTN1;BANF1;TUBG2;ANAPC2
Reactome_2022,DNA Replication R-HSA-69306,0.42635521700341245,0.6959112484870981,0,0,1.2856361149110807,1.0959822088944624,POLD2;MCM5;ANAPC2
Reactome_2022,Gap-filling DNA Repair Synthesis And Ligation In GG-NER R-HSA-5696397,0.44198332728340883,0.6959112484870981,0,0,1.8412451361867703,1.5033455710742225,POLD2
Reactome_2022,GPVI-mediated Activation Cascade R-HSA-114604,0.44198332728340883,0.6959112484870981,0,0,1.8412451361867703,1.5033455710742225,RHOB
Reactome_2022,tRNA Modification In Nucleus And Cytosol R-HSA-6782315,0.44198332728340883,0.6959112484870981,0,0,1.8412451361867703,1.5033455710742225,URM1
Reactome_2022,Signaling By High-Kinase Activity BRAF Mutants R-HSA-6802948,0.44198332728340883,0.6959112484870981,0,0,1.8412451361867703,1.5033455710742225,TLN1
Reactome_2022,HCMV Late Events R-HSA-9610379,0.44198332728340883,0.6959112484870981,0,0,1.8412451361867703,1.5033455710742225,VPS37B
Reactome_2022,Interaction Between L1 And Ankyrins R-HSA-445095,0.44198332728340883,0.6959112484870981,0,0,1.8412451361867703,1.5033455710742225,SPTAN1
Reactome_2022,Transferrin Endocytosis And Recycling R-HSA-917977,0.44198332728340883,0.6959112484870981,0,0,1.8412451361867703,1.5033455710742225,TCIRG1
Reactome_2022,Signaling By RAF1 Mutants R-HSA-9656223,0.44198332728340883,0.6959112484870981,0,0,1.8412451361867703,1.5033455710742225,TLN1
Reactome_2022,Resolution Of AP Sites Via Multiple-Nucleotide Patch Replacement Pathway R-HSA-110373,0.44198332728340883,0.6959112484870981,0,0,1.8412451361867703,1.5033455710742225,POLD2
Reactome_2022,Budding And Maturation Of HIV Virion R-HSA-162588,0.44198332728340883,0.6959112484870981,0,0,1.8412451361867703,1.5033455710742225,VPS37B
Reactome_2022,Pre-NOTCH Expression And Processing R-HSA-1912422,0.44198332728340883,0.6959112484870981,0,0,1.8412451361867703,1.5033455710742225,ATP2A3
Reactome_2022,Platelet Aggregation (Plug Formation) R-HSA-76009,0.44198332728340883,0.6959112484870981,0,0,1.8412451361867703,1.5033455710742225,TLN1
Reactome_2022,Activation Of Pre-Replicative Complex R-HSA-68962,0.44198332728340883,0.6959112484870981,0,0,1.8412451361867703,1.5033455710742225,MCM5
Reactome_2022,Activation Of BH3-only Proteins R-HSA-114452,0.44198332728340883,0.6959112484870981,0,0,1.8412451361867703,1.5033455710742225,YWHAE
Reactome_2022,APC-Cdc20 Mediated Degradation Of Nek2A R-HSA-179409,0.44198332728340883,0.6959112484870981,0,0,1.8412451361867703,1.5033455710742225,ANAPC2
Reactome_2022,Epigenetic Regulation Of Gene Expression R-HSA-212165,0.4279196072322153,0.6959112484870981,0,0,1.4170673076923077,1.2028349794574134,ERCC2;GTF2H4
Reactome_2022,Cytokine Signaling In Immune System R-HSA-1280215,0.42712359356386675,0.6959112484870981,0,0,1.085824493731919,0.9236912014268612,IL32;CSF1R;STXBP2;IL2RG;SIGIRR;FCER2;CD4;FLNA;HMOX1;PTPN7;LGALS9;MAP3K14;VAMP2;HLA-DRB1
Reactome_2022,Signaling By VEGF R-HSA-194138,0.4458119698400143,0.6969136998692348,0,0,1.3642939814814814,1.1021558184025457,HSPB1;PKN1
Reactome_2022,Citric Acid (TCA) Cycle And Respiratory Electron Transport R-HSA-1428517,0.44572423512014114,0.6969136998692348,0,0,1.1887223774447548,0.9605528527963558,CS;UCP2;OGDH;NDUFV1
Reactome_2022,Integration Of Energy Metabolism R-HSA-163685,0.4458119698400143,0.6969136998692348,0,0,1.3642939814814814,1.1021558184025457,VAMP2;GNAI2
GO_Biological_Process_2023,Positive Regulation Of Nucleic Acid-Templated Transcription (GO:1903508),0.5821368987106471,0.6992900760594907,0,0,0.9729271523178809,0.5264018833270396,CD74;CALCOCO1;CD4;TRIM28;CITED2;TAF6;APBB1;HLA-DRB1
GO_Biological_Process_2023,Positive Regulation Of Cell Motility (GO:2000147),0.5823754561777656,0.6992900760594907,0,0,1.0025668449197862,0.5420276643859014,CSF1R;TRIP6;CPNE3
GO_Biological_Process_2023,Positive Regulation Of Cytokine Production (GO:0001819),0.5834599889849185,0.7000639837669723,0,0,0.9753476611883691,0.5254972280049626,CD74;CSF1R;CD4;ZNF580;HMOX1;LGALS9
GO_Biological_Process_2023,Positive Regulation Of Tyrosine Phosphorylation Of STAT Protein (GO:0042531),0.5942926112694574,0.7040373320122881,0,0,1.1493190661478598,0.5980866430298197,CSF1R
GO_Biological_Process_2023,DNA Repair (GO:0006281),0.5883906643480137,0.7040373320122881,0,0,0.9799475065616798,0.5197290327775035,PARP4;TRIM28;ERCC2;GTF2H4
GO_Biological_Process_2023,Apoptotic Process (GO:0006915),0.5942942406615355,0.7040373320122881,0,0,0.9667152069898065,0.5030599628127947,ERCC2;CIDEB;DHCR24;DDX41;RHOB
GO_Biological_Process_2023,Regulation Of Smooth Muscle Cell Proliferation (GO:0048660),0.5942926112694574,0.7040373320122881,0,0,1.1493190661478598,0.5980866430298197,HMOX1
GO_Biological_Process_2023,Mitotic Nuclear Division (GO:0140014),0.5942926112694574,0.7040373320122881,0,0,1.1493190661478598,0.5980866430298197,TUBG2
GO_Biological_Process_2023,Regulation Of Interleukin-10 Production (GO:0032653),0.5942926112694574,0.7040373320122881,0,0,1.1493190661478598,0.5980866430298197,LGALS9
GO_Biological_Process_2023,Regulation Of Hydrolase Activity (GO:0051336),0.5942926112694574,0.7040373320122881,0,0,1.1493190661478598,0.5980866430298197,TBC1D10B
GO_Biological_Process_2023,Positive Regulation Of Tumor Necrosis Factor Production (GO:0032760),0.5912871297755907,0.7040373320122881,0,0,1.0212673611111112,0.53662855260573,HSPB1;LGALS9
GO_Biological_Process_2023,Intrinsic Apoptotic Signaling Pathway (GO:0097193),0.5912871297755907,0.7040373320122881,0,0,1.0212673611111112,0.53662855260573,ATP2A3;CIDEB
GO_Biological_Process_2023,Organelle Assembly (GO:0070925),0.5883906643480137,0.7040373320122881,0,0,0.9799475065616798,0.5197290327775035,HGS;IFT140;FLNA;VPS37B
GO_Biological_Process_2023,Regulation Of Tyrosine Phosphorylation Of STAT Protein (GO:0042509),0.5942926112694574,0.7040373320122881,0,0,1.1493190661478598,0.5980866430298197,CSF1R
GO_Biological_Process_2023,Negative Regulation Of Cellular Response To Growth Factor Stimulus (GO:0090288),0.5942926112694574,0.7040373320122881,0,0,1.1493190661478598,0.5980866430298197,HGS
GO_Biological_Process_2023,Fatty Acid Catabolic Process (GO:0009062),0.5942926112694574,0.7040373320122881,0,0,1.1493190661478598,0.5980866430298197,PLA2G15
GO_Biological_Process_2023,Negative Regulation Of Cell Projection Organization (GO:0031345),0.5942926112694574,0.7040373320122881,0,0,1.1493190661478598,0.5980866430298197,GAK
GO_Biological_Process_2023,Positive Regulation Of Mononuclear Cell Migration (GO:0071677),0.5942926112694574,0.7040373320122881,0,0,1.1493190661478598,0.5980866430298197,LGALS9
GO_Biological_Process_2023,Negative Regulation Of Mitotic Cell Cycle (GO:0045930),0.5942926112694574,0.7040373320122881,0,0,1.1493190661478598,0.5980866430298197,SLC9A3R1
GO_Biological_Process_2023,Negative Regulation Of Kinase Activity (GO:0033673),0.5942926112694574,0.7040373320122881,0,0,1.1493190661478598,0.5980866430298197,HSPB1
KEGG_2021_Human,Choline metabolism in cancer,0.11228328112052274,0.7044349843710769,0,0,2.3179133858267718,5.068651445739296,DGKA;PIP5K1C;DGKZ;RALGDS
KEGG_2021_Human,Rap1 signaling pathway,0.11339685114266115,0.7044349843710769,0,0,2.0628019323671496,4.490434430029481,CSF1R;PFN1;TLN1;RALGDS;GNAI2
KEGG_2021_Human,Endocytosis,0.1060438658376254,0.7044349843710769,0,0,1.8347455249424836,4.116989963530682,RAB5C;HGS;PIP5K1C;VPS37B;IL2RG;ARFGAP1;RAB11B
KEGG_2021_Human,Citrate cycle (TCA cycle),0.10731538476110718,0.7044349843710769,0,0,4.108506944444445,9.170118718711697,CS;OGDH
KEGG_2021_Human,Dilated cardiomyopathy,0.10149280619987343,0.7044349843710769,0,0,2.9244582043343654,6.690480019390152,TPM2;ATP2A3;ITGA5
KEGG_2021_Human,Yersinia infection,0.09937503792881572,0.7044349843710769,0,0,2.1596654104237523,4.986352821971652,ZAP70;CD4;PIP5K1C;ITGA5;PKN1
KEGG_2021_Human,Adrenergic signaling in cardiomyocytes,0.0955929948127615,0.7044349843710769,0,0,2.473490813648294,5.806904900628449,TPM2;ATP2A3;ATP1A1;GNAI2
KEGG_2021_Human,Tuberculosis,0.11688795109285,0.7047655874715956,0,0,1.8898305084745763,4.056595808331224,CD74;HLA-DMA;RAB5C;LSP1;TCIRG1;CTSD
GO_Biological_Process_2023,Cellular Response To Lipid (GO:0071396),0.5984692265868701,0.708455758556332,0,0,0.9668462494819726,0.49635969469954067,MAP4K1;SBNO2;LTK;ATP1A1
GO_Biological_Process_2023,Cytokine-Mediated Signaling Pathway (GO:0019221),0.6032494122518137,0.7130533543035926,0,0,0.9564393939393939,0.48340794911752877,RPS6KA4;CSF1R;CD4;SPI1;IL2RG
GO_Biological_Process_2023,Translation (GO:0006412),0.6032494122518137,0.7130533543035926,0,0,0.9564393939393939,0.48340794911752877,MRPL4;MRPL2;GTPBP2;APEH;EEF2
GO_Biological_Process_2023,Regulation Of Cysteine-Type Endopeptidase Activity Involved In Apoptotic Process (GO:0043281),0.6055911707403934,0.7152899425745849,0,0,0.9934543918918919,0.49826720555398524,DHCR24;CTSD
Reactome_2022,Paradoxical Activation Of RAF Signaling By Kinase Inactive BRAF R-HSA-6802955,0.4708404160187898,0.7155463398893441,0,0,1.6735054828440044,1.2605446794169906,TLN1
Reactome_2022,Signaling By Receptor Tyrosine Kinases R-HSA-9006934,0.4597222240287487,0.7155463398893441,0,0,1.0920296296296297,0.8486520794701556,HGS;COL6A2;HSPB1;PKN1;COL9A2;TCIRG1;IL2RG;RALGDS
Reactome_2022,Mitotic Spindle Checkpoint R-HSA-69618,0.4633890035337604,0.7155463398893441,0,0,1.3152901785714286,1.0117059443495735,CENPT;ANAPC2
Reactome_2022,Chromatin Modifying Enzymes R-HSA-3247509,0.4676278239649467,0.7155463398893441,0,0,1.2010230179028134,0.9128766349096139,KDM5C;SMARCB1;PRMT7
Reactome_2022,Activation Of GABAB Receptors R-HSA-991365,0.4708404160187898,0.7155463398893441,0,0,1.6735054828440044,1.2605446794169906,GNAI2
Reactome_2022,Signaling By FGFR1 In Disease R-HSA-5655302,0.4708404160187898,0.7155463398893441,0,0,1.6735054828440044,1.2605446794169906,MYO18A
Reactome_2022,Resolution Of Abasic Sites (AP Sites) R-HSA-73933,0.4708404160187898,0.7155463398893441,0,0,1.6735054828440044,1.2605446794169906,POLD2
Reactome_2022,Recruitment And ATM-mediated Phosphorylation Of Repair And Signal Proteins At DNA Double Strand Breaks R-HSA-5693565,0.4708404160187898,0.7155463398893441,0,0,1.6735054828440044,1.2605446794169906,APBB1
Reactome_2022,Striated Muscle Contraction R-HSA-390522,0.4708404160187898,0.7155463398893441,0,0,1.6735054828440044,1.2605446794169906,TPM2
Reactome_2022,ROS And RNS Production In Phagocytes R-HSA-1222556,0.4708404160187898,0.7155463398893441,0,0,1.6735054828440044,1.2605446794169906,TCIRG1
Reactome_2022,Synthesis Of Active Ubiquitin: Roles Of E1 And E2 Enzymes R-HSA-8866652,0.4708404160187898,0.7155463398893441,0,0,1.6735054828440044,1.2605446794169906,UBA1
Reactome_2022,FGFR1 Mutant Receptor Activation R-HSA-1839124,0.4708404160187898,0.7155463398893441,0,0,1.6735054828440044,1.2605446794169906,MYO18A
Reactome_2022,Innate Immune System R-HSA-168249,0.47314694325485995,0.7173871477591048,0,0,1.0384660906616168,0.7771353475782976,CANT1;RAB5C;PRKCSH;MYO9B;DDX41;TCIRG1;RHOF;APEH;EEF2;PLD3;CST3;SIGIRR;CD4;HMOX1;CEACAM21;CPNE3;PKN1;SPTAN1;CTSD;MAP3K14
GO_Biological_Process_2023,Regulation Of Fibroblast Proliferation (GO:0048145),0.6152984688720707,0.7192798412751393,0,0,1.0814831769283588,0.5252199403894727,CD74
GO_Biological_Process_2023,Regulation Of mRNA Catabolic Process (GO:0061013),0.6152984688720707,0.7192798412751393,0,0,1.0814831769283588,0.5252199403894727,CNOT1
GO_Biological_Process_2023,Cell Chemotaxis (GO:0060326),0.6152984688720707,0.7192798412751393,0,0,1.0814831769283588,0.5252199403894727,CORO1B
GO_Biological_Process_2023,Regulation Of Stress-Activated MAPK Cascade (GO:0032872),0.6152984688720707,0.7192798412751393,0,0,1.0814831769283588,0.5252199403894727,LGALS9
GO_Biological_Process_2023,Regulation Of Ubiquitin-Dependent Protein Catabolic Process (GO:2000058),0.6152984688720707,0.7192798412751393,0,0,1.0814831769283588,0.5252199403894727,CCDC22
GO_Biological_Process_2023,Regulation Of Telomere Maintenance Via Telomerase (GO:0032210),0.6152984688720707,0.7192798412751393,0,0,1.0814831769283588,0.5252199403894727,EXOSC10
GO_Biological_Process_2023,Negative Regulation Of Cysteine-Type Endopeptidase Activity Involved In Apoptotic Process (GO:0043154),0.6152984688720707,0.7192798412751393,0,0,1.0814831769283588,0.5252199403894727,DHCR24
GO_Biological_Process_2023,Actin Cytoskeleton Reorganization (GO:0031532),0.6152984688720707,0.7192798412751393,0,0,1.0814831769283588,0.5252199403894727,FLNA
GO_Biological_Process_2023,Autophagy Of Mitochondrion (GO:0000422),0.6152984688720707,0.7192798412751393,0,0,1.0814831769283588,0.5252199403894727,ARFIP2
GO_Biological_Process_2023,Positive Regulation Of Intrinsic Apoptotic Signaling Pathway (GO:2001244),0.6152984688720707,0.7192798412751393,0,0,1.0814831769283588,0.5252199403894727,SLC9A3R1
GO_Biological_Process_2023,"Positive Regulation Of DNA-templated Transcription, Elongation (GO:0032786)",0.6152984688720707,0.7192798412751393,0,0,1.0814831769283588,0.5252199403894727,MED15
GO_Biological_Process_2023,Negative Regulation Of Intrinsic Apoptotic Signaling Pathway (GO:2001243),0.6152984688720707,0.7192798412751393,0,0,1.0814831769283588,0.5252199403894727,HSPB1
GO_Biological_Process_2023,Regulation Of Blood Vessel Endothelial Cell Migration (GO:0043535),0.6152984688720707,0.7192798412751393,0,0,1.0814831769283588,0.5252199403894727,HSPB1
GO_Biological_Process_2023,Negative Regulation Of I-kappaB kinase/NF-kappaB Signaling (GO:0043124),0.6152984688720707,0.7192798412751393,0,0,1.0814831769283588,0.5252199403894727,CCDC22
GO_Biological_Process_2023,Positive Regulation Of Tumor Necrosis Factor Superfamily Cytokine Production (GO:1903557),0.6195140847053959,0.7226150357524084,0,0,0.9671052631578947,0.46306918985335865,HSPB1;LGALS9
GO_Biological_Process_2023,Neuron Differentiation (GO:0030182),0.6195140847053959,0.7226150357524084,0,0,0.9671052631578947,0.46306918985335865,SNPH;ERCC2
GO_Biological_Process_2023,Negative Regulation Of Response To External Stimulus (GO:0032102),0.6195140847053959,0.7226150357524084,0,0,0.9671052631578947,0.46306918985335865,SIGIRR;BANF1
Reactome_2022,Signaling By EGFR R-HSA-177929,0.49821068108680966,0.7251733246930229,0,0,1.5337224383916992,1.0685938654815745,HGS
Reactome_2022,FLT3 Signaling In Disease R-HSA-9682385,0.49821068108680966,0.7251733246930229,0,0,1.5337224383916992,1.0685938654815745,MYO18A
Reactome_2022,G Alpha (Z) Signaling Events R-HSA-418597,0.49821068108680966,0.7251733246930229,0,0,1.5337224383916992,1.0685938654815745,GNAI2
Reactome_2022,"Gamma Carboxylation, Hypusine Formation And Arylsulfatase Activation R-HSA-163841",0.49821068108680966,0.7251733246930229,0,0,1.5337224383916992,1.0685938654815745,EEF2
Reactome_2022,Telomere C-strand (Lagging Strand) Synthesis R-HSA-174417,0.49821068108680966,0.7251733246930229,0,0,1.5337224383916992,1.0685938654815745,POLD2
Reactome_2022,Interleukin Receptor SHC Signaling R-HSA-912526,0.49821068108680966,0.7251733246930229,0,0,1.5337224383916992,1.0685938654815745,IL2RG
Reactome_2022,DNA Double Strand Break Response R-HSA-5693606,0.49821068108680966,0.7251733246930229,0,0,1.5337224383916992,1.0685938654815745,APBB1
Reactome_2022,Recognition Of DNA Damage By PCNA-containing Replication Complex R-HSA-110314,0.49821068108680966,0.7251733246930229,0,0,1.5337224383916992,1.0685938654815745,POLD2
Reactome_2022,Cell Recruitment (Pro-Inflammatory Response) R-HSA-9664424,0.49821068108680966,0.7251733246930229,0,0,1.5337224383916992,1.0685938654815745,HMOX1
Reactome_2022,Cargo Concentration In ER R-HSA-5694530,0.49821068108680966,0.7251733246930229,0,0,1.5337224383916992,1.0685938654815745,STX5
Reactome_2022,Switching Of Origins To A Post-Replicative State R-HSA-69052,0.4975388218478237,0.7251733246930229,0,0,1.2270833333333333,0.856604409022099,MCM5;ANAPC2
Reactome_2022,ADORA2B Mediated Anti-Inflammatory Cytokine Production R-HSA-9660821,0.4975388218478237,0.7251733246930229,0,0,1.2270833333333333,0.856604409022099,VIPR1;GNAI2
Reactome_2022,Base Excision Repair R-HSA-73884,0.49821068108680966,0.7251733246930229,0,0,1.5337224383916992,1.0685938654815745,POLD2
Reactome_2022,GPCR Downstream Signaling R-HSA-388396,0.4834071162564316,0.7251733246930229,0,0,1.0675942028985508,0.7760300513265088,VIPR1;DGKA;ITGA5;PKN1;DGKZ;GPSM3;GNAI2;RHOB
Reactome_2022,Intraflagellar Transport R-HSA-5620924,0.49821068108680966,0.7251733246930229,0,0,1.5337224383916992,1.0685938654815745,IFT140
Reactome_2022,Neurotransmitter Release Cycle R-HSA-112310,0.49821068108680966,0.7251733246930229,0,0,1.5337224383916992,1.0685938654815745,VAMP2
Reactome_2022,MAP2K And MAPK Activation R-HSA-5674135,0.49821068108680966,0.7251733246930229,0,0,1.5337224383916992,1.0685938654815745,TLN1
Reactome_2022,SUMOylation Of Transcription Cofactors R-HSA-3899300,0.49821068108680966,0.7251733246930229,0,0,1.5337224383916992,1.0685938654815745,TRIM28
GO_Biological_Process_2023,Protein Stabilization (GO:0050821),0.6280985262981548,0.7320913958537467,0,0,0.9337986041874377,0.4342707314651862,GPI;FLNA;PFN1
GO_Biological_Process_2023,RNA Methylation (GO:0001510),0.6352207231790961,0.7323450511434361,0,0,1.0211846087332468,0.46339595483037704,MEPCE
GO_Biological_Process_2023,Regulation Of Cold-Induced Thermogenesis (GO:0120161),0.6330569681958289,0.7323450511434361,0,0,0.9421073717948718,0.43072665147399447,CNOT3;UCP2
GO_Biological_Process_2023,Mitochondrial Gene Expression (GO:0140053),0.6330569681958289,0.7323450511434361,0,0,0.9421073717948718,0.43072665147399447,MRPL4;MRPL2
GO_Biological_Process_2023,Cellular Response To Virus (GO:0098586),0.6352207231790961,0.7323450511434361,0,0,1.0211846087332468,0.46339595483037704,LGALS9
GO_Biological_Process_2023,Regulation Of Interleukin-12 Production (GO:0032655),0.6352207231790961,0.7323450511434361,0,0,1.0211846087332468,0.46339595483037704,LGALS9
GO_Biological_Process_2023,Regulation Of Intrinsic Apoptotic Signaling Pathway (GO:2001242),0.6352207231790961,0.7323450511434361,0,0,1.0211846087332468,0.46339595483037704,SLC9A3R1
GO_Biological_Process_2023,Regulation Of Telomerase Activity (GO:0051972),0.6352207231790961,0.7323450511434361,0,0,1.0211846087332468,0.46339595483037704,PARP4
GO_Biological_Process_2023,Positive Regulation Of Leukocyte Mediated Cytotoxicity (GO:0001912),0.6352207231790961,0.7323450511434361,0,0,1.0211846087332468,0.46339595483037704,SPI1
GO_Biological_Process_2023,Positive Regulation Of Cell Death (GO:0010942),0.6352207231790961,0.7323450511434361,0,0,1.0211846087332468,0.46339595483037704,CIDEB
GO_Biological_Process_2023,External Encapsulating Structure Organization (GO:0045229),0.6352207231790961,0.7323450511434361,0,0,1.0211846087332468,0.46339595483037704,COL9A2
GO_Biological_Process_2023,Extracellular Structure Organization (GO:0043062),0.6352207231790961,0.7323450511434361,0,0,1.0211846087332468,0.46339595483037704,COL9A2
GO_Biological_Process_2023,Spindle Assembly (GO:0051225),0.6352207231790961,0.7323450511434361,0,0,1.0211846087332468,0.46339595483037704,FLNA
GO_Biological_Process_2023,Selective Autophagy (GO:0061912),0.6352207231790961,0.7323450511434361,0,0,1.0211846087332468,0.46339595483037704,ARFIP2
GO_Biological_Process_2023,Negative Regulation Of Canonical Wnt Signaling Pathway (GO:0090090),0.6352207231790961,0.7323450511434361,0,0,1.0211846087332468,0.46339595483037704,SLC9A3R1
GO_Biological_Process_2023,Positive Regulation Of Mitotic Cell Cycle Phase Transition (GO:1901992),0.6352207231790961,0.7323450511434361,0,0,1.0211846087332468,0.46339595483037704,CDC25B
Reactome_2022,Transport To Golgi And Subsequent Modification R-HSA-948021,0.5075396916401586,0.7354834027086369,0,0,1.1267707082833134,0.7641537657033592,STX5;SPTAN1;ARFGAP1
Reactome_2022,Transcriptional Regulation By RUNX1 R-HSA-8878171,0.5075396916401586,0.7354834027086369,0,0,1.1267707082833134,0.7641537657033592,CCND3;SMARCB1;SPI1
GO_Biological_Process_2023,Regulation Of Programmed Cell Death (GO:0043067),0.6389784486925167,0.736143889840546,0,0,0.9180392156862746,0.41117558264249804,CIDEB;CD3E;PEPD
Reactome_2022,Cell Cycle R-HSA-1640170,0.5219478014271163,0.7431420828021578,0,0,1.021953405017921,0.6644615271357425,CENPT;YWHAE;CCND3;DCTN1;POLD2;BANF1;MCM5;TUBG2;ANAPC2;CDC25B
Reactome_2022,DNA Replication Pre-Initiation R-HSA-69002,0.5140882452587232,0.7431420828021578,0,0,1.1872479838709677,0.7899477280066468,MCM5;ANAPC2
Reactome_2022,RHOJ GTPase Cycle R-HSA-9013409,0.5241704461902242,0.7431420828021578,0,0,1.4154444777012871,0.9142898967190918,PKN1
Reactome_2022,ECM Proteoglycans R-HSA-3000178,0.5241704461902242,0.7431420828021578,0,0,1.4154444777012871,0.9142898967190918,COL9A2
Reactome_2022,HCMV Early Events R-HSA-9609690,0.5241704461902242,0.7431420828021578,0,0,1.4154444777012871,0.9142898967190918,TRIM28
Reactome_2022,Transcriptional Regulation Of Granulopoiesis R-HSA-9616222,0.5241704461902242,0.7431420828021578,0,0,1.4154444777012871,0.9142898967190918,SPI1
Reactome_2022,Nuclear Envelope Breakdown R-HSA-2980766,0.5241704461902242,0.7431420828021578,0,0,1.4154444777012871,0.9142898967190918,BANF1
Reactome_2022,E3 Ubiquitin Ligases Ubiquitinate Target Proteins R-HSA-8866654,0.5241704461902242,0.7431420828021578,0,0,1.4154444777012871,0.9142898967190918,PEX14
Reactome_2022,Diseases Associated With O-glycosylation Of Proteins R-HSA-3906995,0.5241704461902242,0.7431420828021578,0,0,1.4154444777012871,0.9142898967190918,POMT1
Reactome_2022,Metabolism Of Vitamins And Cofactors R-HSA-196854,0.5204975123981113,0.7431420828021578,0,0,1.104,0.7208790678929432,PARP4;ACP5;NADSYN1
GO_Biological_Process_2023,Negative Regulation Of Protein Phosphorylation (GO:0001933),0.6462218164119761,0.7433038355948715,0,0,0.918359375,0.40096715054662047,TESK1;HSPB1
GO_Biological_Process_2023,Positive Regulation Of Protein Kinase Activity (GO:0045860),0.6462218164119761,0.7433038355948715,0,0,0.918359375,0.40096715054662047,CSF1R;CD4
GO_Biological_Process_2023,Positive Regulation Of Programmed Cell Death (GO:0043068),0.6465949141818367,0.7433038355948715,0,0,0.9061922815203655,0.39513180448150365,FCER2;APBB1;CTSD;RHOB
GO_Biological_Process_2023,Regulation Of Protein Metabolic Process (GO:0051246),0.6541150663955714,0.7460194054733721,0,0,0.9672332582428834,0.4105634360766168,HGS
GO_Biological_Process_2023,Autophagosome Organization (GO:1905037),0.6541150663955714,0.7460194054733721,0,0,0.9672332582428834,0.4105634360766168,ATP13A2
GO_Biological_Process_2023,Regulation Of Transcription Elongation By RNA Polymerase II (GO:0034243),0.6541150663955714,0.7460194054733721,0,0,0.9672332582428834,0.4105634360766168,MED15
GO_Biological_Process_2023,Regulation Of Proteolysis (GO:0030162),0.6541150663955714,0.7460194054733721,0,0,0.9672332582428834,0.4105634360766168,CST3
GO_Biological_Process_2023,Cellular Response To Type II Interferon (GO:0071346),0.6541150663955714,0.7460194054733721,0,0,0.9672332582428834,0.4105634360766168,LGALS9
GO_Biological_Process_2023,Cholesterol Metabolic Process (GO:0008203),0.6541150663955714,0.7460194054733721,0,0,0.9672332582428834,0.4105634360766168,DHCR24
GO_Biological_Process_2023,Nucleosome Organization (GO:0034728),0.6541150663955714,0.7460194054733721,0,0,0.9672332582428834,0.4105634360766168,SMARCB1
GO_Biological_Process_2023,Negative Regulation Of Innate Immune Response (GO:0045824),0.6541150663955714,0.7460194054733721,0,0,0.9672332582428834,0.4105634360766168,BANF1
GO_Biological_Process_2023,Regulation Of Actin Filament Polymerization (GO:0030833),0.6541150663955714,0.7460194054733721,0,0,0.9672332582428834,0.4105634360766168,PFN1
GO_Biological_Process_2023,Regulation Of Ras Protein Signal Transduction (GO:0046578),0.6541150663955714,0.7460194054733721,0,0,0.9672332582428834,0.4105634360766168,MYO9B
GO_Biological_Process_2023,Negative Regulation Of Cytokine-Mediated Signaling Pathway (GO:0001960),0.6541150663955714,0.7460194054733721,0,0,0.9672332582428834,0.4105634360766168,SIGIRR
Reactome_2022,RNA Polymerase II Transcription R-HSA-73857,0.5276981561105245,0.7465276290548457,0,0,1.0060030395136779,0.6430681607243971,YWHAE;CSF1R;MAP4K2;SPI1;SMARCB1;CITED2;NOP2;GTF2H4;MED15;CCND3;TRIM28;CNOT1;CNOT3;ERCC2;TAF6;ITGA5;ANAPC2;VENTX
Reactome_2022,Phase II - Conjugation Of Compounds R-HSA-156580,0.5302752226967039,0.7485566182464246,0,0,1.14990234375,0.729451037846524,GSTM2;GSTM1
Reactome_2022,Mitotic G2-G2/M Phases R-HSA-453274,0.533269360506287,0.7495524273210687,0,0,1.0821222606689735,0.680361230933442,YWHAE;TUBG2;CDC25B
Reactome_2022,G2/M Transition R-HSA-69275,0.533269360506287,0.7495524273210687,0,0,1.0821222606689735,0.680361230933442,YWHAE;TUBG2;CDC25B
KEGG_2021_Human,Apoptosis,0.12831322731660982,0.7499916424283622,0,0,1.9741821545706837,4.05355054248384,PARP4;CTSW;MAP3K14;CTSD;SPTAN1
KEGG_2021_Human,PI3K-Akt signaling pathway,0.13170584940205385,0.7499916424283622,0,0,1.6540444444444444,3.3530528575358516,YWHAE;CSF1R;CCND3;COL6A2;ITGA5;PKN1;COL9A2;IL2RG
GO_Biological_Process_2023,Cellular Respiration (GO:0045333),0.6590114285537735,0.7510653172127892,0,0,0.8957698170731707,0.37354891492183084,OXA1L;NDUFV1
KEGG_2021_Human,Ubiquinone and other terpenoid-quinone biosynthesis,0.1469772153748029,0.7532582287958649,0,0,9.221789883268482,17.68257647062626,HPD
KEGG_2021_Human,Phagosome,0.14407495057040373,0.7532582287958649,0,0,1.8927966443494393,3.6671451500014354,HLA-DMA;RAB5C;HGS;TCIRG1;ITGA5
KEGG_2021_Human,Metabolism of xenobiotics by cytochrome P450,0.142397081604014,0.7532582287958649,0,0,3.360085227272727,6.5492623220750845,GSTM2;GSTM1
KEGG_2021_Human,SNARE interactions in vesicular transport,0.142397081604014,0.7532582287958649,0,0,3.360085227272727,6.5492623220750845,STX5;VAMP2
GO_Biological_Process_2023,Intrinsic Apoptotic Signaling Pathway In Response To DNA Damage (GO:0008630),0.6720343388826592,0.7566925924715575,0,0,0.9186770428015564,0.365124369182484,CIDEB
GO_Biological_Process_2023,Autophagosome Assembly (GO:0000045),0.6720343388826592,0.7566925924715575,0,0,0.9186770428015564,0.365124369182484,ARFIP2
GO_Biological_Process_2023,Regulation Of Interleukin-2 Production (GO:0032663),0.6720343388826592,0.7566925924715575,0,0,0.9186770428015564,0.365124369182484,CD4
GO_Biological_Process_2023,Regulation Of Cyclin-Dependent Protein Kinase Activity (GO:1904029),0.6720343388826592,0.7566925924715575,0,0,0.9186770428015564,0.365124369182484,CCND3
GO_Biological_Process_2023,Regulation Of Interleukin-6 Production (GO:0032675),0.6714293196855833,0.7566925924715575,0,0,0.8742559523809523,0.34825682139109887,CD74;LGALS9
GO_Biological_Process_2023,Peptidyl-Threonine Phosphorylation (GO:0018107),0.6720343388826592,0.7566925924715575,0,0,0.9186770428015564,0.365124369182484,GPI
GO_Biological_Process_2023,Macromolecule Modification (GO:0043412),0.6720343388826592,0.7566925924715575,0,0,0.9186770428015564,0.365124369182484,PARP4
GO_Biological_Process_2023,Protein Tetramerization (GO:0051262),0.6720343388826592,0.7566925924715575,0,0,0.9186770428015564,0.365124369182484,OXA1L
GO_Biological_Process_2023,Positive Regulation Of Response To Stimulus (GO:0048584),0.6720343388826592,0.7566925924715575,0,0,0.9186770428015564,0.365124369182484,TRIM28
GO_Biological_Process_2023,Negative Regulation Of Endopeptidase Activity (GO:0010951),0.6720343388826592,0.7566925924715575,0,0,0.9186770428015564,0.365124369182484,CST3
GO_Biological_Process_2023,"Mitochondrial Electron Transport, NADH To Ubiquinone (GO:0006120)",0.6720343388826592,0.7566925924715575,0,0,0.9186770428015564,0.365124369182484,NDUFV1
GO_Biological_Process_2023,Positive Regulation Of Neuron Projection Development (GO:0010976),0.6720343388826592,0.7566925924715575,0,0,0.9186770428015564,0.365124369182484,LTK
GO_Biological_Process_2023,Neuron Projection Guidance (GO:0097485),0.6720343388826592,0.7566925924715575,0,0,0.9186770428015564,0.365124369182484,EPHB6
GO_Biological_Process_2023,DNA-templated Transcription (GO:0006351),0.6702732055380246,0.7566925924715575,0,0,0.8737628384687208,0.3495661941554923,ERCC2;TAF6;GTF2H4
GO_Biological_Process_2023,Regulation Of Cellular Localization (GO:0060341),0.6720343388826592,0.7566925924715575,0,0,0.9186770428015564,0.365124369182484,TESK1
GO_Biological_Process_2023,Regulation Of Translation (GO:0006417),0.6702732055380246,0.7566925924715575,0,0,0.8737628384687208,0.3495661941554923,CNOT1;HSPB1;EEF2
GO_Biological_Process_2023,Modulation Of Chemical Synaptic Transmission (GO:0050804),0.6720343388826592,0.7566925924715575,0,0,0.9186770428015564,0.365124369182484,DGKZ
Reactome_2022,EPH-ephrin Mediated Repulsion Of Cells R-HSA-3928665,0.5487921317177805,0.7583519963610681,0,0,1.3140633685380767,0.7884847228327077,EPHB6
Reactome_2022,Signaling By MET R-HSA-6806834,0.5487921317177805,0.7583519963610681,0,0,1.3140633685380767,0.7884847228327077,HGS
Reactome_2022,G-protein Mediated Events R-HSA-112040,0.5487921317177805,0.7583519963610681,0,0,1.3140633685380767,0.7884847228327077,GNAI2
Reactome_2022,GABA Receptor Activation R-HSA-977443,0.5487921317177805,0.7583519963610681,0,0,1.3140633685380767,0.7884847228327077,GNAI2
Reactome_2022,Termination Of Translesion DNA Synthesis R-HSA-5656169,0.5487921317177805,0.7583519963610681,0,0,1.3140633685380767,0.7884847228327077,POLD2
Reactome_2022,"Interleukin-3, Interleukin-5 And GM-CSF Signaling R-HSA-512988",0.5487921317177805,0.7583519963610681,0,0,1.3140633685380767,0.7884847228327077,IL2RG
Reactome_2022,Regulation Of Cholesterol Biosynthesis By SREBP (SREBF) R-HSA-1655829,0.5487921317177805,0.7583519963610681,0,0,1.3140633685380767,0.7884847228327077,SCAP
Reactome_2022,Amino Acids Regulate mTORC1 R-HSA-9639288,0.5487921317177805,0.7583519963610681,0,0,1.3140633685380767,0.7884847228327077,TCIRG1
Reactome_2022,Downstream TCR Signaling R-HSA-202424,0.561536400023413,0.7694693347601161,0,0,1.0818014705882353,0.6242845652155491,CD4;CD3E
Reactome_2022,Chromosome Maintenance R-HSA-73886,0.561536400023413,0.7694693347601161,0,0,1.0818014705882353,0.6242845652155491,CENPT;POLD2
Reactome_2022,Mitotic Prometaphase R-HSA-68877,0.5582294350099823,0.7694693347601161,0,0,1.0408435072142064,0.6067963885918468,YWHAE;CENPT;TUBG2
Reactome_2022,Host Interactions Of HIV Factors R-HSA-162909,0.561536400023413,0.7694693347601161,0,0,1.0818014705882353,0.6242845652155491,CD4;BANF1
GO_Biological_Process_2023,Positive Regulation Of Ubiquitin-Dependent Protein Catabolic Process (GO:2000060),0.6890286747696693,0.7698347061506629,0,0,0.874745228830832,0.3258184467947221,CCDC22
GO_Biological_Process_2023,Positive Regulation Of Organelle Assembly (GO:1902117),0.6890286747696693,0.7698347061506629,0,0,0.874745228830832,0.3258184467947221,CNOT1
GO_Biological_Process_2023,Positive Regulation Of Mitochondrion Organization (GO:0010822),0.6890286747696693,0.7698347061506629,0,0,0.874745228830832,0.3258184467947221,CIDEB
GO_Biological_Process_2023,Negative Regulation Of Extrinsic Apoptotic Signaling Pathway (GO:2001237),0.6890286747696693,0.7698347061506629,0,0,0.874745228830832,0.3258184467947221,HMOX1
GO_Biological_Process_2023,Regulation Of Wnt Signaling Pathway (GO:0030111),0.6890286747696693,0.7698347061506629,0,0,0.874745228830832,0.3258184467947221,GPI
GO_Biological_Process_2023,Regulation Of Rho Protein Signal Transduction (GO:0035023),0.6890286747696693,0.7698347061506629,0,0,0.874745228830832,0.3258184467947221,MYO9B
GO_Biological_Process_2023,Regulation Of Translational Initiation (GO:0006446),0.6890286747696693,0.7698347061506629,0,0,0.874745228830832,0.3258184467947221,HSPB1
GO_Biological_Process_2023,G1/S Transition Of Mitotic Cell Cycle (GO:0000082),0.6890286747696693,0.7698347061506629,0,0,0.874745228830832,0.3258184467947221,CCND3
GO_Biological_Process_2023,Skeletal System Development (GO:0001501),0.6890286747696693,0.7698347061506629,0,0,0.874745228830832,0.3258184467947221,COL9A2
GO_Biological_Process_2023,Regulation Of Endopeptidase Activity (GO:0052548),0.6890286747696693,0.7698347061506629,0,0,0.874745228830832,0.3258184467947221,ATP13A2
GO_Biological_Process_2023,Mitochondrial Transport (GO:0006839),0.6890286747696693,0.7698347061506629,0,0,0.874745228830832,0.3258184467947221,OXA1L
GO_Biological_Process_2023,Central Nervous System Development (GO:0007417),0.6900119385364125,0.7703922766396016,0,0,0.8465158371040724,0.31409663638928115,PITPNM1;MAP1S;SOX12
KEGG_2021_Human,T cell receptor signaling pathway,0.1691098402908902,0.7725537158894538,0,0,1.9494405304600082,3.4645590305405545,ZAP70;CD4;CD3E;MAP3K14
KEGG_2021_Human,Glycolysis / Gluconeogenesis,0.17946664577181554,0.7725537158894538,0,0,2.8419471153846154,4.881799860744331,GPI;ENO2
KEGG_2021_Human,Ferroptosis,0.17946664577181554,0.7725537158894538,0,0,2.8419471153846154,4.881799860744331,PCBP1;HMOX1
KEGG_2021_Human,Arrhythmogenic right ventricular cardiomyopathy,0.19850707903572462,0.7725537158894538,0,0,2.638392857142857,4.266097926133039,ATP2A3;ITGA5
KEGG_2021_Human,Pertussis,0.19973339971776122,0.7725537158894538,0,0,2.054466230936819,3.309276275177179,CFL1;ITGA5;GNAI2
KEGG_2021_Human,Epstein-Barr virus infection,0.16570699813868356,0.7725537158894538,0,0,1.6868686868686869,3.0322040233950767,FCER2;HLA-DMA;CCND3;PSMD1;CD3E;MAP3K14
KEGG_2021_Human,Cardiac muscle contraction,0.19973339971776122,0.7725537158894538,0,0,2.054466230936819,3.309276275177179,TPM2;ATP2A3;ATP1A1
KEGG_2021_Human,Hepatocellular carcinoma,0.18995502274848425,0.7725537158894538,0,0,1.8511811023622047,3.074752494037066,GSTM2;SMARCB1;GSTM1;HMOX1
KEGG_2021_Human,Intestinal immune network for IgA production,0.19850707903572462,0.7725537158894538,0,0,2.638392857142857,4.266097926133039,HLA-DMA;MAP3K14
KEGG_2021_Human,Riboflavin metabolism,0.19101955669166354,0.7725537158894538,0,0,6.1465629053177695,10.174894014539252,ACP5
KEGG_2021_Human,Sulfur relay system,0.19101955669166354,0.7725537158894538,0,0,6.1465629053177695,10.174894014539252,URM1
KEGG_2021_Human,DNA replication,0.19850707903572462,0.7725537158894538,0,0,2.638392857142857,4.266097926133039,POLD2;MCM5
KEGG_2021_Human,Progesterone-mediated oocyte maturation,0.16042708930479307,0.7725537158894538,0,0,2.312745098039216,4.23212859245053,CDC25B;ANAPC2;GNAI2
GO_Biological_Process_2023,Regulation Of Gene Expression (GO:0010468),0.6938805429889467,0.7741682636012722,0,0,0.8939585005158776,0.3267020164117742,GPI;CD74;CALCOCO1;SPI1;ZNF580;CITED2;CD3E;MLF2;RPS6KA4;HGS;PCGF1;ATP13A2;LGALS9;APBB1
GO_Biological_Process_2023,Cilium Assembly (GO:0060271),0.6951671023767639,0.7745174088805542,0,0,0.8341619318181818,0.3033038036197469,IFT140;FLNA
GO_Biological_Process_2023,Positive Regulation Of Cellular Catabolic Process (GO:0031331),0.6951671023767639,0.7745174088805542,0,0,0.8341619318181818,0.3033038036197469,CNOT1;PNPLA2
Reactome_2022,Transcriptional Regulation By TP53 R-HSA-3700989,0.5665895705542753,0.7747727948080382,0,0,0.9933504933504933,0.5643423804500363,YWHAE;CNOT1;CNOT3;ERCC2;TAF6;GTF2H4
Reactome_2022,Translesion Synthesis By Y Family DNA Polymerases Bypasses Lesions On DNA Template R-HSA-110313,0.5721444533954856,0.7758894761367351,0,0,1.2261997405966278,0.6846655204585311,POLD2
Reactome_2022,Negative Regulation Of MAPK Pathway R-HSA-5675221,0.5721444533954856,0.7758894761367351,0,0,1.2261997405966278,0.6846655204585311,PTPN7
Reactome_2022,RHOQ GTPase Cycle R-HSA-9013406,0.5721444533954856,0.7758894761367351,0,0,1.2261997405966278,0.6846655204585311,PKN1
Reactome_2022,RAB Geranylgeranylation R-HSA-8873719,0.5721444533954856,0.7758894761367351,0,0,1.2261997405966278,0.6846655204585311,RAB5C
KEGG_2021_Human,Ras signaling pathway,0.20506056155074961,0.7784706503315495,0,0,1.6537267080745341,2.6202471524165727,CSF1R;ZAP70;RASSF1;RAB5C;RALGDS
GO_Biological_Process_2023,Negative Regulation Of Binding (GO:0051100),0.7051456401156114,0.7807144839415017,0,0,0.8348072161301733,0.2916406654553819,PEX14
GO_Biological_Process_2023,"Regulation Of mRNA Splicing, Via Spliceosome (GO:0048024)",0.7051456401156114,0.7807144839415017,0,0,0.8348072161301733,0.2916406654553819,SF3B4
GO_Biological_Process_2023,Long-Chain Fatty Acid Metabolic Process (GO:0001676),0.7051456401156114,0.7807144839415017,0,0,0.8348072161301733,0.2916406654553819,GSTM2
GO_Biological_Process_2023,Negative Regulation Of Protein Serine/Threonine Kinase Activity (GO:0071901),0.7051456401156114,0.7807144839415017,0,0,0.8348072161301733,0.2916406654553819,TESK1
GO_Biological_Process_2023,Peptidyl-Threonine Modification (GO:0018210),0.7051456401156114,0.7807144839415017,0,0,0.8348072161301733,0.2916406654553819,GPI
GO_Biological_Process_2023,Cellular Response To Calcium Ion (GO:0071277),0.7051456401156114,0.7807144839415017,0,0,0.8348072161301733,0.2916406654553819,CPNE3
GO_Biological_Process_2023,Cellular Response To Organic Substance (GO:0071310),0.7051456401156114,0.7807144839415017,0,0,0.8348072161301733,0.2916406654553819,CSF1R
GO_Biological_Process_2023,Steroid Metabolic Process (GO:0008202),0.7051456401156114,0.7807144839415017,0,0,0.8348072161301733,0.2916406654553819,DHCR24
GO_Biological_Process_2023,DNA-templated Transcription Initiation (GO:0006352),0.7051456401156114,0.7807144839415017,0,0,0.8348072161301733,0.2916406654553819,TAF6
GO_Biological_Process_2023,Positive Regulation Of Protein Serine/Threonine Kinase Activity (GO:0071902),0.7064969093183825,0.7811234070365161,0,0,0.8154513888888889,0.28331753693033074,CSF1R;CCND3
GO_Biological_Process_2023,Cellular Response To Metal Ion (GO:0071248),0.7064969093183825,0.7811234070365161,0,0,0.8154513888888889,0.28331753693033074,CPNE3;ATP13A2
KEGG_2021_Human,PD-L1 expression and PD-1 checkpoint pathway in cancer,0.21331403913518052,0.7833631062922205,0,0,1.980672268907563,3.060118525771976,ZAP70;CD4;CD3E
KEGG_2021_Human,Phospholipase D signaling pathway,0.22262111135661136,0.7833631062922205,0,0,1.7209302325581395,2.585325961681289,DGKA;PIP5K1C;DGKZ;RALGDS
KEGG_2021_Human,Mannose type O-glycan biosynthesis,0.23279631260543945,0.7833631062922205,0,0,4.608949416342412,6.717965044159207,POMT1
KEGG_2021_Human,Human papillomavirus infection,0.2330982901650022,0.7833631062922205,0,0,1.4415227976980964,2.0992825409377516,SLC9A3R1;CCND3;COL6A2;ITGA5;COL9A2;TCIRG1;TUBG2
KEGG_2021_Human,MicroRNAs in cancer,0.22262111135661136,0.7833631062922205,0,0,1.7209302325581395,2.585325961681289,RASSF1;HMOX1;ITGA5;CDC25B
KEGG_2021_Human,N-Glycan biosynthesis,0.21777367591904842,0.7833631062922205,0,0,2.4619791666666666,3.7527922324192238,ALG3;MOGS
KEGG_2021_Human,Protein export,0.23279631260543945,0.7833631062922205,0,0,4.608949416342412,6.717965044159207,OXA1L
KEGG_2021_Human,Inositol phosphate metabolism,0.2371927574583434,0.7842663754671032,0,0,2.3076171875,3.320389170447811,ISYNA1;PIP5K1C
MSigDB_Hallmark_2020,Hypoxia,0.34477599300224676,0.7871836051795776,0,0,1.3190287972896668,1.4045814911177976,SLC25A1;GPI;CITED2;HMOX1;ENO2
MSigDB_Hallmark_2020,Cholesterol Homeostasis,0.3725427662051491,0.7871836051795776,0,0,1.6029211956521738,1.5827299012703397,GSTM2;STX5
MSigDB_Hallmark_2020,UV Response Up,0.35097670717368695,0.7871836051795776,0,0,1.3671624380285798,1.4314674962063108,CCND3;HMOX1;ENO2;RHOB
MSigDB_Hallmark_2020,DNA Repair,0.37484933579979884,0.7871836051795776,0,0,1.3177727784026996,1.2930396394171213,CANT1;ERCC2;TAF6;VPS37B
Reactome_2022,Keratinization R-HSA-6805567,0.5942926112694574,0.7911822365477533,0,0,1.1493190661478598,0.5980866430298197,CAPNS1
Reactome_2022,Cyclin D Associated Events In G1 R-HSA-69231,0.5942926112694574,0.7911822365477533,0,0,1.1493190661478598,0.5980866430298197,CCND3
Reactome_2022,Vpu Mediated Degradation Of CD4 R-HSA-180534,0.5942926112694574,0.7911822365477533,0,0,1.1493190661478598,0.5980866430298197,CD4
Reactome_2022,Cell Cycle Checkpoints R-HSA-69620,0.5883906643480137,0.7911822365477533,0,0,0.9799475065616798,0.5197290327775035,CENPT;YWHAE;MCM5;ANAPC2
Reactome_2022,Extra-nuclear Estrogen Signaling R-HSA-9009391,0.5942926112694574,0.7911822365477533,0,0,1.1493190661478598,0.5980866430298197,GNAI2
Reactome_2022,Signaling By GPCR R-HSA-372790,0.589379434894378,0.7911822365477533,0,0,0.9663157894736842,0.5108767606412514,VIPR1;DGKA;ITGA5;PKN1;DGKZ;GPSM3;GNAI2;RHOB
Reactome_2022,AUF1 (hnRNP D0) Binds And Destabilizes mRNA R-HSA-450408,0.5942926112694574,0.7911822365477533,0,0,1.1493190661478598,0.5980866430298197,HSPB1
Reactome_2022,Heme Signaling R-HSA-9707616,0.5942926112694574,0.7911822365477533,0,0,1.1493190661478598,0.5980866430298197,HMOX1
Reactome_2022,Mitochondrial Protein Import R-HSA-1268020,0.5942926112694574,0.7911822365477533,0,0,1.1493190661478598,0.5980866430298197,CS
GO_Biological_Process_2023,Receptor Internalization (GO:0031623),0.7204303638474401,0.7921248851978417,0,0,0.7983420740991372,0.2617815696700813,HGS
GO_Biological_Process_2023,Response To Ionizing Radiation (GO:0010212),0.7204303638474401,0.7921248851978417,0,0,0.7983420740991372,0.2617815696700813,RHOB
GO_Biological_Process_2023,Sodium Ion Transmembrane Transport (GO:0035725),0.7204303638474401,0.7921248851978417,0,0,0.7983420740991372,0.2617815696700813,ATP1A1
GO_Biological_Process_2023,Myeloid Cell Differentiation (GO:0030099),0.7204303638474401,0.7921248851978417,0,0,0.7983420740991372,0.2617815696700813,SPI1
GO_Biological_Process_2023,Regulation Of Release Of Cytochrome C From Mitochondria (GO:0090199),0.7204303638474401,0.7921248851978417,0,0,0.7983420740991372,0.2617815696700813,CIDEB
GO_Biological_Process_2023,Regulation Of Endothelial Cell Proliferation (GO:0001936),0.7204303638474401,0.7921248851978417,0,0,0.7983420740991372,0.2617815696700813,ZNF580
GO_Biological_Process_2023,Positive Regulation Of Protein Polymerization (GO:0032273),0.7204303638474401,0.7921248851978417,0,0,0.7983420740991372,0.2617815696700813,PFN1
GO_Biological_Process_2023,Protein O-linked Glycosylation (GO:0006493),0.7204303638474401,0.7921248851978417,0,0,0.7983420740991372,0.2617815696700813,POMT1
GO_Biological_Process_2023,Nervous System Development (GO:0007399),0.7232154263145673,0.7946379442448043,0,0,0.8139982502187226,0.2637746185376661,DCTN1;MAP1S;BTBD2;LRCH4
KEGG_2021_Human,Mineral absorption,0.2566975924226088,0.7973182794944668,0,0,2.1714154411764706,2.952813554106131,HMOX1;ATP1A1
KEGG_2021_Human,Amino sugar and nucleotide sugar metabolism,0.2566975924226088,0.7973182794944668,0,0,2.1714154411764706,2.952813554106131,GPI;RENBP
KEGG_2021_Human,Rheumatoid arthritis,0.25509646529079927,0.7973182794944668,0,0,1.7878557874762808,2.442413945384119,HLA-DMA;ACP5;TCIRG1
KEGG_2021_Human,Regulation of lipolysis in adipocytes,0.2566975924226088,0.7973182794944668,0,0,2.1714154411764706,2.952813554106131,GNAI2;PNPLA2
GO_Biological_Process_2023,Positive Regulation Of Macromolecule Biosynthetic Process (GO:0010557),0.7281064642236594,0.7978081161018197,0,0,0.7804188829787234,0.24763315446157094,FCER2;EEF2
GO_Biological_Process_2023,Peptidyl-Serine Modification (GO:0018209),0.7281064642236594,0.7978081161018197,0,0,0.7804188829787234,0.24763315446157094,MAP4K1;PKN1
GO_Biological_Process_2023,Regulation Of Cell Differentiation (GO:0045595),0.7281064642236594,0.7978081161018197,0,0,0.7804188829787234,0.24763315446157094,LTK;SMARCB1
GO_Biological_Process_2023,Positive Regulation Of Hydrolase Activity (GO:0051345),0.7281064642236594,0.7978081161018197,0,0,0.7804188829787234,0.24763315446157094,BCAS3;RALGDS
GO_Biological_Process_2023,Inorganic Cation Import Across Plasma Membrane (GO:0098659),0.7349256623063473,0.7992253784889942,0,0,0.7649156939040207,0.2355832672307745,ATP1A1
GO_Biological_Process_2023,Regulation Of T Cell Proliferation (GO:0042129),0.7349256623063473,0.7992253784889942,0,0,0.7649156939040207,0.2355832672307745,CD3E
GO_Biological_Process_2023,Monocarboxylic Acid Transport (GO:0015718),0.7349256623063473,0.7992253784889942,0,0,0.7649156939040207,0.2355832672307745,SLC9A3R1
GO_Biological_Process_2023,Negative Regulation Of DNA-templated Transcription (GO:0045892),0.7338905670347595,0.7992253784889942,0,0,0.8541131880437591,0.26425865107429014,SBNO2;KDM5C;SPI1;TRIM28;CNOT1;CITED2;FLNA;PCGF1;APBB1;SOX12;PEX14
GO_Biological_Process_2023,Sulfur Compound Biosynthetic Process (GO:0044272),0.7349256623063473,0.7992253784889942,0,0,0.7649156939040207,0.2355832672307745,GSTM1
GO_Biological_Process_2023,Neutrophil Chemotaxis (GO:0030593),0.7349256623063473,0.7992253784889942,0,0,0.7649156939040207,0.2355832672307745,PIP5K1C
GO_Biological_Process_2023,Positive Regulation Of T Cell Proliferation (GO:0042102),0.7349256623063473,0.7992253784889942,0,0,0.7649156939040207,0.2355832672307745,CD3E
GO_Biological_Process_2023,Negative Regulation Of Phosphorylation (GO:0042326),0.7349256623063473,0.7992253784889942,0,0,0.7649156939040207,0.2355832672307745,TESK1
GO_Biological_Process_2023,Negative Regulation Of Viral Genome Replication (GO:0045071),0.7349256623063473,0.7992253784889942,0,0,0.7649156939040207,0.2355832672307745,BANF1
GO_Biological_Process_2023,Positive Regulation Of Protein Catabolic Process (GO:0045732),0.7349256623063473,0.7992253784889942,0,0,0.7649156939040207,0.2355832672307745,STX5
GO_Biological_Process_2023,Proton Motive Force-Driven Mitochondrial ATP Synthesis (GO:0042776),0.7349256623063473,0.7992253784889942,0,0,0.7649156939040207,0.2355832672307745,NDUFV1
GO_Biological_Process_2023,Transcription By RNA Polymerase II (GO:0006366),0.7354589683821561,0.7992590291639414,0,0,0.7852100840336135,0.24126406491421323,ERCC2;TAF6;GTF2H4
GO_Biological_Process_2023,Regulation Of Cell Population Proliferation (GO:0042127),0.7393018001735082,0.8028868014171,0,0,0.8449074074074074,0.2552034809720019,SLC9A3R1;CSF1R;VIPR1;LTK;CAPNS1;HGS;NOP2;TCIRG1;GNAI2;CDC25B
GO_Biological_Process_2023,Regulation Of Phagocytosis (GO:0050764),0.7486721571375595,0.8059116387049101,0,0,0.7341634241245136,0.21250661223820544,IL2RG
GO_Biological_Process_2023,Regulation Of Cell Cycle Process (GO:0010564),0.7486721571375595,0.8059116387049101,0,0,0.7341634241245136,0.21250661223820544,SMARCB1
GO_Biological_Process_2023,Proteolysis Involved In Protein Catabolic Process (GO:0051603),0.7486721571375595,0.8059116387049101,0,0,0.7341634241245136,0.21250661223820544,CTSW
GO_Biological_Process_2023,Positive Regulation Of Cell Projection Organization (GO:0031346),0.7486721571375595,0.8059116387049101,0,0,0.7341634241245136,0.21250661223820544,LTK
GO_Biological_Process_2023,Phagocytosis (GO:0006909),0.7486721571375595,0.8059116387049101,0,0,0.7341634241245136,0.21250661223820544,PIP5K1C
GO_Biological_Process_2023,Proton Motive Force-Driven ATP Synthesis (GO:0015986),0.7486721571375595,0.8059116387049101,0,0,0.7341634241245136,0.21250661223820544,NDUFV1
GO_Biological_Process_2023,Negative Regulation Of Neuron Death (GO:1901215),0.7486721571375595,0.8059116387049101,0,0,0.7341634241245136,0.21250661223820544,ATP13A2
GO_Biological_Process_2023,Response To Insulin (GO:0032868),0.7486721571375595,0.8059116387049101,0,0,0.7341634241245136,0.21250661223820544,VAMP2
GO_Biological_Process_2023,Positive Regulation Of NF-kappaB Transcription Factor Activity (GO:0051092),0.748357520188714,0.8059116387049101,0,0,0.7482461734693877,0.21689744577774678,RPS6KA4;LGALS9
GO_Biological_Process_2023,Axon Guidance (GO:0007411),0.7486721571375595,0.8059116387049101,0,0,0.7341634241245136,0.21250661223820544,EPHB6
GO_Biological_Process_2023,Regulation Of Innate Immune Response (GO:0045088),0.7486721571375595,0.8059116387049101,0,0,0.7341634241245136,0.21250661223820544,BANF1
GO_Biological_Process_2023,Regulation Of Cyclin-Dependent Protein Serine/Threonine Kinase Activity (GO:0000079),0.7486721571375595,0.8059116387049101,0,0,0.7341634241245136,0.21250661223820544,CCND3
GO_Biological_Process_2023,Peptidyl-Lysine Modification (GO:0018205),0.7486721571375595,0.8059116387049101,0,0,0.7341634241245136,0.21250661223820544,TRIM28
KEGG_2021_Human,Osteoclast differentiation,0.27984125044870695,0.8079923428448581,0,0,1.54002624671916,1.9612739369492231,CSF1R;SPI1;ACP5;MAP3K14
KEGG_2021_Human,Insulin secretion,0.27622788098875845,0.8079923428448581,0,0,2.0503472222222223,2.637831362750818,ATP1A1;VAMP2
KEGG_2021_Human,Phenylalanine metabolism,0.27242359528129145,0.8079923428448581,0,0,3.6863813229571982,4.793759539410547,HPD
KEGG_2021_Human,Human immunodeficiency virus 1 infection,0.2729515561623367,0.8079923428448581,0,0,1.4677834243051635,1.9058594587808466,CD4;AP1G2;CFL1;CD3E;GNAI2
KEGG_2021_Human,Antigen processing and presentation,0.2692820692993936,0.8079923428448581,0,0,1.7316176470588236,2.271875190979538,CD74;HLA-DMA;CD4
Reactome_2022,Signaling By BRAF And RAF1 Fusions R-HSA-6802952,0.6152984688720707,0.8109064328193287,0,0,1.0814831769283588,0.5252199403894727,TLN1
Reactome_2022,AURKA Activation By TPX2 R-HSA-8854518,0.6152984688720707,0.8109064328193287,0,0,1.0814831769283588,0.5252199403894727,YWHAE
Reactome_2022,Loss Of Nlp From Mitotic Centrosomes R-HSA-380259,0.6152984688720707,0.8109064328193287,0,0,1.0814831769283588,0.5252199403894727,YWHAE
Reactome_2022,TGF-beta Receptor Signaling Activates SMADs R-HSA-2173789,0.6152984688720707,0.8109064328193287,0,0,1.0814831769283588,0.5252199403894727,LTBP3
Reactome_2022,Peroxisomal Protein Import R-HSA-9033241,0.6152984688720707,0.8109064328193287,0,0,1.0814831769283588,0.5252199403894727,PEX14
Reactome_2022,Metabolism Of Steroids R-HSA-8957322,0.6195140847053959,0.8148227419317958,0,0,0.9671052631578947,0.46306918985335865,SCAP;DHCR24
GO_Biological_Process_2023,Cellular Response To Peptide Hormone Stimulus (GO:0071375),0.7617083875123706,0.8149818725838478,0,0,0.7057767135588148,0.192106415337697,VAMP2
GO_Biological_Process_2023,Negative Regulation Of Inflammatory Response (GO:0050728),0.7617083875123706,0.8149818725838478,0,0,0.7057767135588148,0.192106415337697,RHBDF2
GO_Biological_Process_2023,Positive Regulation Of JNK Cascade (GO:0046330),0.7617083875123706,0.8149818725838478,0,0,0.7057767135588148,0.192106415337697,MAP4K2
GO_Biological_Process_2023,Positive Regulation Of Apoptotic Signaling Pathway (GO:2001235),0.7617083875123706,0.8149818725838478,0,0,0.7057767135588148,0.192106415337697,SLC9A3R1
GO_Biological_Process_2023,Positive Regulation Of Cell Adhesion (GO:0045785),0.7617083875123706,0.8149818725838478,0,0,0.7057767135588148,0.192106415337697,CITED2
GO_Biological_Process_2023,Positive Regulation Of Multicellular Organismal Process (GO:0051240),0.760141293200027,0.8149818725838478,0,0,0.7703273932863656,0.21126302009459727,SMARCB1;CNOT3;UCP2;CFL1
GO_Biological_Process_2023,Cellular Response To Interleukin-1 (GO:0071347),0.7617083875123706,0.8149818725838478,0,0,0.7057767135588148,0.192106415337697,RPS6KA4
GO_Biological_Process_2023,Ubiquitin-Dependent Protein Catabolic Process (GO:0006511),0.760141293200027,0.8149818725838478,0,0,0.7703273932863656,0.21126302009459727,HECTD3;PSMD1;UBA1;VPS37B
GO_Biological_Process_2023,Granulocyte Chemotaxis (GO:0071621),0.7617083875123706,0.8149818725838478,0,0,0.7057767135588148,0.192106415337697,PIP5K1C
Reactome_2022,Platelet Homeostasis R-HSA-418346,0.6352207231790961,0.8158226934947215,0,0,1.0211846087332468,0.46339595483037704,ATP2A3
Reactome_2022,Sensory Perception R-HSA-9709957,0.6330569681958289,0.8158226934947215,0,0,0.9421073717948718,0.43072665147399447,SPTAN1;VAMP2
Reactome_2022,"Nucleotide-binding Domain, Leucine Rich Repeat Containing NLR Signaling Pathways R-HSA-168643",0.6352207231790961,0.8158226934947215,0,0,1.0211846087332468,0.46339595483037704,HMOX1
Reactome_2022,DNA Double-Strand Break Repair R-HSA-5693532,0.6330569681958289,0.8158226934947215,0,0,0.9421073717948718,0.43072665147399447,POLD2;APBB1
Reactome_2022,G Alpha (12/13) Signaling Events R-HSA-416482,0.6352207231790961,0.8158226934947215,0,0,1.0211846087332468,0.46339595483037704,RHOB
Reactome_2022,Mitotic Prophase R-HSA-68875,0.6352207231790961,0.8158226934947215,0,0,1.0211846087332468,0.46339595483037704,BANF1
Reactome_2022,Nuclear Envelope (NE) Reassembly R-HSA-2995410,0.6352207231790961,0.8158226934947215,0,0,1.0211846087332468,0.46339595483037704,BANF1
Reactome_2022,RHOD GTPase Cycle R-HSA-9013405,0.6352207231790961,0.8158226934947215,0,0,1.0211846087332468,0.46339595483037704,ESYT1
Reactome_2022,Class B/2 (Secretin Family Receptors) R-HSA-373080,0.6352207231790961,0.8158226934947215,0,0,1.0211846087332468,0.46339595483037704,VIPR1
Reactome_2022,DNA Damage Bypass R-HSA-73893,0.6352207231790961,0.8158226934947215,0,0,1.0211846087332468,0.46339595483037704,POLD2
Reactome_2022,Synthesis Of PIPs At Plasma Membrane R-HSA-1660499,0.6352207231790961,0.8158226934947215,0,0,1.0211846087332468,0.46339595483037704,PIP5K1C
Reactome_2022,SARS-CoV-2 Infection R-HSA-9694516,0.6278071462839243,0.8158226934947215,0,0,0.929532542609389,0.4327180821532343,YWHAE;PARP4;PRKCSH;MOGS
GO_Biological_Process_2023,Cellular Response To Cytokine Stimulus (GO:0071345),0.7632304619163716,0.8160616027613893,0,0,0.7812236073105638,0.21108290493964063,CSF1R;CD4;SBNO2;LGALS9;IL2RG
GO_Biological_Process_2023,Mitochondrion Organization (GO:0007005),0.7673036472715029,0.8194146818770671,0,0,0.7185968137254902,0.1903366541366029,OXA1L;UCP2
GO_Biological_Process_2023,Positive Regulation Of DNA-binding Transcription Factor Activity (GO:0051091),0.7679115591946619,0.8194146818770671,0,0,0.7421303656597774,0.19598231370099406,RPS6KA4;SMARCB1;LGALS9
GO_Biological_Process_2023,Defense Response To Virus (GO:0051607),0.7679115591946619,0.8194146818770671,0,0,0.7421303656597774,0.19598231370099406,TRIM28;TBKBP1;MAP3K14
GO_Biological_Process_2023,Negative Regulation Of Amide Metabolic Process (GO:0034249),0.7740709163747626,0.8199379680108171,0,0,0.6794927222942787,0.1740125050752785,CNOT1
GO_Biological_Process_2023,Mitochondrial Respiratory Chain Complex I Assembly (GO:0032981),0.7740709163747626,0.8199379680108171,0,0,0.6794927222942787,0.1740125050752785,OXA1L
GO_Biological_Process_2023,Cellular Response To Decreased Oxygen Levels (GO:0036294),0.7740709163747626,0.8199379680108171,0,0,0.6794927222942787,0.1740125050752785,HMOX1
GO_Biological_Process_2023,Cellular Response To Hypoxia (GO:0071456),0.7740709163747626,0.8199379680108171,0,0,0.6794927222942787,0.1740125050752785,HMOX1
GO_Biological_Process_2023,Positive Regulation Of Epithelial Cell Proliferation (GO:0050679),0.7740709163747626,0.8199379680108171,0,0,0.6794927222942787,0.1740125050752785,ZNF580
GO_Biological_Process_2023,Potassium Ion Transmembrane Transport (GO:0071805),0.7740709163747626,0.8199379680108171,0,0,0.6794927222942787,0.1740125050752785,ATP1A1
GO_Biological_Process_2023,Negative Regulation Of Translation (GO:0017148),0.7740709163747626,0.8199379680108171,0,0,0.6794927222942787,0.1740125050752785,CNOT1
GO_Biological_Process_2023,Neutrophil Migration (GO:1990266),0.7740709163747626,0.8199379680108171,0,0,0.6794927222942787,0.1740125050752785,PIP5K1C
GO_Biological_Process_2023,NADH Dehydrogenase Complex Assembly (GO:0010257),0.7740709163747626,0.8199379680108171,0,0,0.6794927222942787,0.1740125050752785,OXA1L
GO_Biological_Process_2023,Oxidative Phosphorylation (GO:0006119),0.7740709163747626,0.8199379680108171,0,0,0.6794927222942787,0.1740125050752785,NDUFV1
GO_Biological_Process_2023,Organonitrogen Compound Biosynthetic Process (GO:1901566),0.7740709163747626,0.8199379680108171,0,0,0.6794927222942787,0.1740125050752785,GSTM1
GO_Biological_Process_2023,Regulation Of Tumor Necrosis Factor Production (GO:0032680),0.776304953016307,0.8217572722880535,0,0,0.7046274038461539,0.17841860297146234,HSPB1;LGALS9
Reactome_2022,Cellular Senescence R-HSA-2559583,0.6462218164119761,0.8267095502926647,0,0,0.918359375,0.40096715054662047,ANAPC2;VENTX
Reactome_2022,C-type Lectin Receptors (CLRs) R-HSA-5621481,0.6462218164119761,0.8267095502926647,0,0,0.918359375,0.40096715054662047,PKN1;MAP3K14
Reactome_2022,rRNA Processing R-HSA-72312,0.6557522268829764,0.8275871071451821,0,0,0.8949491069713846,0.3776437011091868,EXOSC10;NOP2;RRP9;PELP1
Reactome_2022,HDR Thru Homologous Recombination (HRR) R-HSA-5685942,0.6541150663955714,0.8275871071451821,0,0,0.9672332582428834,0.4105634360766168,POLD2
Reactome_2022,COPI-dependent Golgi-to-ER Retrograde Traffic R-HSA-6811434,0.6541150663955714,0.8275871071451821,0,0,0.9672332582428834,0.4105634360766168,ARFGAP1
Reactome_2022,FCGR3A-mediated Phagocytosis R-HSA-9664422,0.6541150663955714,0.8275871071451821,0,0,0.9672332582428834,0.4105634360766168,MYO9B
Reactome_2022,O-linked Glycosylation R-HSA-5173105,0.6541150663955714,0.8275871071451821,0,0,0.9672332582428834,0.4105634360766168,POMT1
Reactome_2022,Extension Of Telomeres R-HSA-180786,0.6541150663955714,0.8275871071451821,0,0,0.9672332582428834,0.4105634360766168,POLD2
Reactome_2022,rRNA Processing In Nucleus And Cytosol R-HSA-8868773,0.6557522268829764,0.8275871071451821,0,0,0.8949491069713846,0.3776437011091868,EXOSC10;NOP2;RRP9;PELP1
GO_Biological_Process_2023,Non-Membrane-Bounded Organelle Assembly (GO:0140694),0.7857944315410981,0.8306969704863036,0,0,0.6550861589772096,0.157915107634832,CENPT
GO_Biological_Process_2023,Positive Regulation Of Amide Metabolic Process (GO:0034250),0.7857944315410981,0.8306969704863036,0,0,0.6550861589772096,0.157915107634832,EEF2
Reactome_2022,Signaling By FGFR In Disease R-HSA-1226099,0.6720343388826592,0.8336789620608746,0,0,0.9186770428015564,0.365124369182484,MYO18A
Reactome_2022,Drug ADME R-HSA-9748784,0.6720343388826592,0.8336789620608746,0,0,0.9186770428015564,0.365124369182484,GSTM1
Reactome_2022,G2/M DNA Damage Checkpoint R-HSA-69473,0.6720343388826592,0.8336789620608746,0,0,0.9186770428015564,0.365124369182484,YWHAE
Reactome_2022,Cytosolic Sensors Of Pathogen-Associated DNA R-HSA-1834949,0.6720343388826592,0.8336789620608746,0,0,0.9186770428015564,0.365124369182484,DDX41
Reactome_2022,Gene Expression (Transcription) R-HSA-74160,0.6686203109548723,0.8336789620608746,0,0,0.9184357541899442,0.3697061431224858,YWHAE;CSF1R;MAP4K2;SPI1;SMARCB1;CITED2;NOP2;GTF2H4;MED15;CCND3;TRIM28;CNOT1;CNOT3;ERCC2;TAF6;ITGA5;ANAPC2;VENTX
Reactome_2022,Diseases Of Metabolism R-HSA-5668914,0.6702732055380246,0.8336789620608746,0,0,0.8737628384687208,0.3495661941554923,POMT1;ALG3;MOGS
Reactome_2022,G2/M Checkpoints R-HSA-69481,0.6714293196855833,0.8336789620608746,0,0,0.8742559523809523,0.34825682139109887,YWHAE;MCM5
Reactome_2022,Dectin-1 Mediated Noncanonical NF-kB Signaling R-HSA-5607761,0.6720343388826592,0.8336789620608746,0,0,0.9186770428015564,0.365124369182484,MAP3K14
Reactome_2022,NIK To Noncanonical NF-kB Signaling R-HSA-5676590,0.6720343388826592,0.8336789620608746,0,0,0.9186770428015564,0.365124369182484,MAP3K14
Reactome_2022,SLC Transporter Disorders R-HSA-5619102,0.6890286747696693,0.8338705161279524,0,0,0.874745228830832,0.3258184467947221,MAP4K2
Reactome_2022,Cellular Response To Hypoxia R-HSA-1234174,0.6890286747696693,0.8338705161279524,0,0,0.874745228830832,0.3258184467947221,CITED2
Reactome_2022,Regulation Of HSF1-mediated Heat Shock Response R-HSA-3371453,0.6890286747696693,0.8338705161279524,0,0,0.874745228830832,0.3258184467947221,YWHAE
Reactome_2022,COPII-mediated Vesicle Transport R-HSA-204005,0.6890286747696693,0.8338705161279524,0,0,0.874745228830832,0.3258184467947221,STX5
Reactome_2022,Autodegradation Of Cdh1 By Cdh1:APC/C R-HSA-174084,0.6890286747696693,0.8338705161279524,0,0,0.874745228830832,0.3258184467947221,ANAPC2
Reactome_2022,Anchoring Of Basal Body To Plasma Membrane R-HSA-5620912,0.6890286747696693,0.8338705161279524,0,0,0.874745228830832,0.3258184467947221,YWHAE
Reactome_2022,RUNX1 Regulates Transcription Of Genes Involved In Differentiation Of HSCs R-HSA-8939236,0.6890286747696693,0.8338705161279524,0,0,0.874745228830832,0.3258184467947221,SPI1
Reactome_2022,Signaling By Insulin Receptor R-HSA-74752,0.6890286747696693,0.8338705161279524,0,0,0.874745228830832,0.3258184467947221,TCIRG1
Reactome_2022,Mitotic Metaphase And Anaphase R-HSA-2555396,0.6900119385364125,0.8338705161279524,0,0,0.8465158371040724,0.31409663638928115,CENPT;BANF1;ANAPC2
Reactome_2022,Antigen Processing: Ubiquitination And Proteasome Degradation R-HSA-983168,0.6822637032361701,0.8338705161279524,0,0,0.8628068550254747,0.3298847396829929,HECTD3;MGRN1;UBA1;ANAPC2
Reactome_2022,Synthesis Of Substrates In N-glycan Biosythesis R-HSA-446219,0.6890286747696693,0.8338705161279524,0,0,0.874745228830832,0.3258184467947221,RENBP
Reactome_2022,Mitotic Anaphase R-HSA-68882,0.6802549365803494,0.8338705161279524,0,0,0.8599264705882353,0.3313190441552381,CENPT;BANF1;ANAPC2
Reactome_2022,Metabolism Of Proteins R-HSA-392499,0.6801382290669512,0.8338705161279524,0,0,0.9218435529317054,0.35533310003749746,RAB5C;PIGT;PRKCSH;DCTN1;POMT1;APEH;CST3;MRPL4;TRIM28;STX5;SPTAN1;CTSD;ALG3;MOGS;ERAL1;EEF2;RENBP;ARFGAP1;PEX14;OXA1L;HGS;UBA1;CCDC22;VAMP2;PNPLA2;LY6E
Reactome_2022,Organelle Biogenesis And Maintenance R-HSA-1852241,0.6802549365803494,0.8338705161279524,0,0,0.8599264705882353,0.3313190441552381,YWHAE;DCTN1;IFT140
GO_Biological_Process_2023,Positive Regulation Of Protein Metabolic Process (GO:0051247),0.7934003536594081,0.8352350062868293,0,0,0.6782407407407407,0.15696344043758426,STX5;EEF2
GO_Biological_Process_2023,Fatty Acid Metabolic Process (GO:0006631),0.7969118413220659,0.8352350062868293,0,0,0.6323628069233865,0.14355345193875554,PLA2G15
GO_Biological_Process_2023,Nitrogen Compound Transport (GO:0071705),0.7934003536594081,0.8352350062868293,0,0,0.6782407407407407,0.15696344043758426,SCAMP4;VAMP2
GO_Biological_Process_2023,Activation Of Cysteine-Type Endopeptidase Activity Involved In Apoptotic Process (GO:0006919),0.7969118413220659,0.8352350062868293,0,0,0.6323628069233865,0.14355345193875554,ATP2A3
GO_Biological_Process_2023,Regulation Of Neuron Apoptotic Process (GO:0043523),0.7969118413220659,0.8352350062868293,0,0,0.6323628069233865,0.14355345193875554,ATP13A2
GO_Biological_Process_2023,Regulation Of Transforming Growth Factor Beta Receptor Signaling Pathway (GO:0017015),0.7969118413220659,0.8352350062868293,0,0,0.6323628069233865,0.14355345193875554,CITED2
GO_Biological_Process_2023,Regulation Of Viral Genome Replication (GO:0045069),0.7969118413220659,0.8352350062868293,0,0,0.6323628069233865,0.14355345193875554,BANF1
GO_Biological_Process_2023,Response To Calcium Ion (GO:0051592),0.7969118413220659,0.8352350062868293,0,0,0.6323628069233865,0.14355345193875554,CPNE3
GO_Biological_Process_2023,Response To Molecule Of Bacterial Origin (GO:0002237),0.7969118413220659,0.8352350062868293,0,0,0.6323628069233865,0.14355345193875554,LGALS9
GO_Biological_Process_2023,Positive Regulation Of Transmembrane Receptor Protein Serine/Threonine Kinase Signaling Pathway (GO:0090100),0.7969118413220659,0.8352350062868293,0,0,0.6323628069233865,0.14355345193875554,CITED2
GO_Biological_Process_2023,Negative Regulation Of Viral Process (GO:0048525),0.7969118413220659,0.8352350062868293,0,0,0.6323628069233865,0.14355345193875554,BANF1
GO_Biological_Process_2023,Positive Regulation Of DNA Metabolic Process (GO:0051054),0.7969118413220659,0.8352350062868293,0,0,0.6323628069233865,0.14355345193875554,TRIM28
GO_Biological_Process_2023,Positive Regulation Of Supramolecular Fiber Organization (GO:1902905),0.7969118413220659,0.8352350062868293,0,0,0.6323628069233865,0.14355345193875554,PFN1
GO_Biological_Process_2023,Protein Ubiquitination (GO:0016567),0.799299180381898,0.8371856458114547,0,0,0.7236298432992906,0.16210752838468326,DCAF15;MGRN1;RNF208;UBA1
Reactome_2022,Cilium Assembly R-HSA-5617833,0.6951671023767639,0.8385533187049362,0,0,0.8341619318181818,0.3033038036197469,YWHAE;IFT140
Reactome_2022,Antimicrobial Peptides R-HSA-6803157,0.7204303638474401,0.8411441859537847,0,0,0.7983420740991372,0.2617815696700813,CD4
Reactome_2022,Unattached Kinetochores Signal Amplification Via A MAD2 Inhibitory Signal R-HSA-141444,0.7204303638474401,0.8411441859537847,0,0,0.7983420740991372,0.2617815696700813,CENPT
Reactome_2022,APC/C:Cdh1 Mediated Degradation Of Cdc20 And APC/C:Cdh1 Targets In Late Mitosis/Early G1 R-HSA-174178,0.7204303638474401,0.8411441859537847,0,0,0.7983420740991372,0.2617815696700813,ANAPC2
Reactome_2022,Orc1 Removal From Chromatin R-HSA-68949,0.7204303638474401,0.8411441859537847,0,0,0.7983420740991372,0.2617815696700813,MCM5
Reactome_2022,G Alpha (Q) Signaling Events R-HSA-416476,0.7174746948384241,0.8411441859537847,0,0,0.7975543478260869,0.2648020808241371,DGKA;DGKZ
Reactome_2022,Opioid Signaling R-HSA-111885,0.7204303638474401,0.8411441859537847,0,0,0.7983420740991372,0.2617815696700813,GNAI2
Reactome_2022,Cytoprotection By HMOX1 R-HSA-9707564,0.7204303638474401,0.8411441859537847,0,0,0.7983420740991372,0.2617815696700813,HMOX1
Reactome_2022,tRNA Processing R-HSA-72306,0.7204303638474401,0.8411441859537847,0,0,0.7983420740991372,0.2617815696700813,URM1
Reactome_2022,Regulation Of mRNA Stability By Proteins That Bind AU-rich Elements R-HSA-450531,0.7051456401156114,0.8411441859537847,0,0,0.8348072161301733,0.2916406654553819,HSPB1
Reactome_2022,Oncogenic MAPK Signaling R-HSA-6802957,0.7051456401156114,0.8411441859537847,0,0,0.8348072161301733,0.2916406654553819,TLN1
Reactome_2022,APC/C:Cdc20 Mediated Degradation Of Securin R-HSA-174154,0.7051456401156114,0.8411441859537847,0,0,0.8348072161301733,0.2916406654553819,ANAPC2
Reactome_2022,Intrinsic Pathway For Apoptosis R-HSA-109606,0.7051456401156114,0.8411441859537847,0,0,0.8348072161301733,0.2916406654553819,YWHAE
Reactome_2022,DNA Repair R-HSA-73894,0.7073208610177897,0.8411441859537847,0,0,0.8328561202576951,0.28839382292440663,POLD2;ERCC2;APBB1;GTF2H4
Reactome_2022,SARS-CoV Infections R-HSA-9679506,0.7160722588952129,0.8411441859537847,0,0,0.832195472511678,0.27793181457001076,YWHAE;PARP4;PRKCSH;FXYD7;MOGS
Reactome_2022,Translation R-HSA-72766,0.7160722588952129,0.8411441859537847,0,0,0.832195472511678,0.27793181457001076,MRPL4;OXA1L;ERAL1;APEH;EEF2
Reactome_2022,ESR-mediated Signaling R-HSA-8939211,0.7174746948384241,0.8411441859537847,0,0,0.7975543478260869,0.2648020808241371,CTSD;GNAI2
Reactome_2022,Cellular Response To Heat Stress R-HSA-3371556,0.7051456401156114,0.8411441859537847,0,0,0.8348072161301733,0.2916406654553819,YWHAE
Reactome_2022,"Cell Death Signaling Via NRAGE, NRIF And NADE R-HSA-204998",0.7051456401156114,0.8411441859537847,0,0,0.8348072161301733,0.2916406654553819,YWHAE
GO_Biological_Process_2023,Cellular Response To Chemical Stress (GO:0062197),0.8074543657282552,0.8435061693195365,0,0,0.6111543450064851,0.13070680880283045,ATP13A2
GO_Biological_Process_2023,Protein Localization To Nucleus (GO:0034504),0.8074543657282552,0.8435061693195365,0,0,0.6111543450064851,0.13070680880283045,YWHAE
GO_Biological_Process_2023,Positive Regulation Of Endocytosis (GO:0045807),0.8074543657282552,0.8435061693195365,0,0,0.6111543450064851,0.13070680880283045,IL2RG
GO_Biological_Process_2023,Regulation Of G1/S Transition Of Mitotic Cell Cycle (GO:2000045),0.8074543657282552,0.8435061693195365,0,0,0.6111543450064851,0.13070680880283045,SMARCB1
GO_Biological_Process_2023,Negative Regulation Of Blood Vessel Morphogenesis (GO:2000181),0.8174516224146937,0.8483793419841995,0,0,0.5913141709551901,0.11918738667751652,HGS
GO_Biological_Process_2023,Negative Regulation Of Defense Response (GO:0031348),0.8174516224146937,0.8483793419841995,0,0,0.5913141709551901,0.11918738667751652,BANF1
GO_Biological_Process_2023,Negative Regulation Of Macromolecule Biosynthetic Process (GO:0010558),0.8174516224146937,0.8483793419841995,0,0,0.5913141709551901,0.11918738667751652,CNOT1
GO_Biological_Process_2023,Positive Regulation Of Cell Cycle Process (GO:0090068),0.8174516224146937,0.8483793419841995,0,0,0.5913141709551901,0.11918738667751652,CDC25B
GO_Biological_Process_2023,Hemopoiesis (GO:0030097),0.8174516224146937,0.8483793419841995,0,0,0.5913141709551901,0.11918738667751652,CSF1R
GO_Biological_Process_2023,Response To Interleukin-1 (GO:0070555),0.8174516224146937,0.8483793419841995,0,0,0.5913141709551901,0.11918738667751652,LGALS9
GO_Biological_Process_2023,Protein Polyubiquitination (GO:0000209),0.8168863745406804,0.8483793419841995,0,0,0.6421326754385965,0.1298747178031794,DCAF15;ANAPC2
GO_Biological_Process_2023,Regulation Of Defense Response (GO:0031347),0.8174516224146937,0.8483793419841995,0,0,0.5913141709551901,0.11918738667751652,SBNO2
GO_Biological_Process_2023,Positive Regulation Of Type II Interferon Production (GO:0032729),0.8174516224146937,0.8483793419841995,0,0,0.5913141709551901,0.11918738667751652,LGALS9
GO_Biological_Process_2023,Protein Processing (GO:0016485),0.8174516224146937,0.8483793419841995,0,0,0.5913141709551901,0.11918738667751652,PCSK7
Reactome_2022,Separation Of Sister Chromatids R-HSA-2467813,0.7281064642236594,0.8485938328585354,0,0,0.7804188829787234,0.24763315446157094,CENPT;ANAPC2
Reactome_2022,P75 NTR Receptor-Mediated Signaling R-HSA-193704,0.7349256623063473,0.8504881781107022,0,0,0.7649156939040207,0.2355832672307745,YWHAE
Reactome_2022,Interleukin-10 Signaling R-HSA-6783783,0.7349256623063473,0.8504881781107022,0,0,0.7649156939040207,0.2355832672307745,FCER2
Reactome_2022,CDK-mediated Phosphorylation And Removal Of Cdc6 R-HSA-69017,0.7349256623063473,0.8504881781107022,0,0,0.7649156939040207,0.2355832672307745,ANAPC2
Reactome_2022,Amyloid Fiber Formation R-HSA-977225,0.7349256623063473,0.8504881781107022,0,0,0.7649156939040207,0.2355832672307745,CST3
Reactome_2022,Fatty Acid Metabolism R-HSA-8978868,0.7383985413004425,0.8530000785745853,0,0,0.7639973958333334,0.23169869069002708,SLC25A1;MID1IP1
GO_Biological_Process_2023,Macromolecule Biosynthetic Process (GO:0009059),0.8230977313400273,0.8536821972372773,0,0,0.6685796269727403,0.13015930591764133,POLD2;GTPBP2;EEF2
KEGG_2021_Human,Proximal tubule bicarbonate reclamation,0.44198332728340883,0.8541795157863,0,0,1.8412451361867703,1.5033455710742225,ATP1A1
KEGG_2021_Human,Carbohydrate digestion and absorption,0.44198332728340883,0.8541795157863,0,0,1.8412451361867703,1.5033455710742225,ATP1A1
KEGG_2021_Human,Cocaine addiction,0.44198332728340883,0.8541795157863,0,0,1.8412451361867703,1.5033455710742225,GNAI2
KEGG_2021_Human,Mismatch repair,0.44198332728340883,0.8541795157863,0,0,1.8412451361867703,1.5033455710742225,POLD2
KEGG_2021_Human,Nicotinate and nicotinamide metabolism,0.44198332728340883,0.8541795157863,0,0,1.8412451361867703,1.5033455710742225,NADSYN1
KEGG_2021_Human,Pentose phosphate pathway,0.44198332728340883,0.8541795157863,0,0,1.8412451361867703,1.5033455710742225,GPI
KEGG_2021_Human,Regulation of actin cytoskeleton,0.41049990695546246,0.8541795157863,0,0,1.2499666355264913,1.1129447638931487,CFL1;PIP5K1C;ITGA5;PFN1
KEGG_2021_Human,Glutathione metabolism,0.4097296887994917,0.8541795157863,0,0,1.4740625,1.3152435161501075,GSTM2;GSTM1
KEGG_2021_Human,Porphyrin and chlorophyll metabolism,0.345664851039174,0.8541795157863,0,0,2.632017787659811,2.795954626288197,HMOX1
KEGG_2021_Human,Ubiquitin mediated proteolysis,0.39823547140562016,0.8541795157863,0,0,1.3489239598278335,1.2419702232333607,MGRN1;UBA1;ANAPC2
KEGG_2021_Human,"Parathyroid hormone synthesis, secretion and action",0.3912628345034546,0.8541795157863,0,0,1.5358072916666667,1.441164294328596,SLC9A3R1;GNAI2
KEGG_2021_Human,Propanoate metabolism,0.3794825982099301,0.8541795157863,0,0,2.3025291828793772,2.231027679743536,BCKDHA
KEGG_2021_Human,Glyoxylate and dicarboxylate metabolism,0.3794825982099301,0.8541795157863,0,0,2.3025291828793772,2.231027679743536,CS
KEGG_2021_Human,Glycosylphosphatidylinositol (GPI)-anchor biosynthesis,0.3794825982099301,0.8541795157863,0,0,2.3025291828793772,2.231027679743536,PIGT
KEGG_2021_Human,Synaptic vesicle cycle,0.3725427662051491,0.8541795157863,0,0,1.6029211956521738,1.5827299012703397,TCIRG1;VAMP2
KEGG_2021_Human,Bile secretion,0.3725427662051491,0.8541795157863,0,0,1.6029211956521738,1.5827299012703397,SLC4A2;ATP1A1
KEGG_2021_Human,Salmonella infection,0.36608050984449797,0.8541795157863,0,0,1.2447833065810594,1.2508852312608563,RAB5C;FHOD1;FLNA;PKN1;PFN1;RHOB
KEGG_2021_Human,Hippo signaling pathway,0.35542764439374996,0.8541795157863,0,0,1.4563467492260063,1.5064939850165926,YWHAE;CCND3;RASSF1
KEGG_2021_Human,cGMP-PKG signaling pathway,0.35542764439374996,0.8541795157863,0,0,1.4563467492260063,1.5064939850165926,ATP2A3;ATP1A1;GNAI2
KEGG_2021_Human,Ether lipid metabolism,0.4115589781043856,0.8541795157863,0,0,2.046260268050151,1.816675891103361,PLD3
KEGG_2021_Human,Long-term depression,0.4115589781043856,0.8541795157863,0,0,2.046260268050151,1.816675891103361,GNAI2
KEGG_2021_Human,Epithelial cell signaling in Helicobacter pylori infection,0.31515291819823166,0.8541795157863,0,0,1.84453125,2.1298752603270077,TCIRG1;MAP3K14
KEGG_2021_Human,Chemical carcinogenesis,0.3271209754427564,0.8541795157863,0,0,1.420351302241066,1.5871363678314956,GSTM2;CCND3;GSTM1;GNAI2
KEGG_2021_Human,Inflammatory bowel disease,0.33445504742911525,0.8541795157863,0,0,1.7563244047619047,1.9236192146499675,HLA-DMA;IL2RG
KEGG_2021_Human,Axon guidance,0.3410556031313929,0.8541795157863,0,0,1.4960254372019077,1.6092891579548723,EPHB6;CFL1;GNAI2
KEGG_2021_Human,C-type lectin receptor signaling pathway,0.4458119698400143,0.8541795157863,0,0,1.3642939814814814,1.1021558184025457,LSP1;MAP3K14
KEGG_2021_Human,AMPK signaling pathway,0.4633890035337604,0.8541795157863,0,0,1.3152901785714286,1.0117059443495735,EEF2;RAB11B
KEGG_2021_Human,Sphingolipid signaling pathway,0.4633890035337604,0.8541795157863,0,0,1.3152901785714286,1.0117059443495735,CTSD;GNAI2
KEGG_2021_Human,Fluid shear stress and atherosclerosis,0.4676278239649467,0.8541795157863,0,0,1.2010230179028134,0.9128766349096139,GSTM2;GSTM1;HMOX1
KEGG_2021_Human,Steroid biosynthesis,0.345664851039174,0.8541795157863,0,0,2.632017787659811,2.795954626288197,DHCR24
KEGG_2021_Human,Pathways in cancer,0.35289135251219594,0.8541795157863,0,0,1.1853804797353185,1.234686443230295,CSF1R;CCND3;GSTM2;RASSF1;SPI1;GSTM1;HMOX1;IL2RG;RALGDS;GNAI2
KEGG_2021_Human,Tyrosine metabolism,0.44198332728340883,0.8541795157863,0,0,1.8412451361867703,1.5033455710742225,HPD
KEGG_2021_Human,Various types of N-glycan biosynthesis,0.44198332728340883,0.8541795157863,0,0,1.8412451361867703,1.5033455710742225,ALG3
KEGG_2021_Human,Mitophagy,0.4279196072322153,0.8541795157863,0,0,1.4170673076923077,1.2028349794574134,CITED2;TBC1D17
KEGG_2021_Human,Asthma,0.44198332728340883,0.8541795157863,0,0,1.8412451361867703,1.5033455710742225,HLA-DMA
KEGG_2021_Human,Allograft rejection,0.4708404160187898,0.8541795157863,0,0,1.6735054828440044,1.2605446794169906,HLA-DMA
KEGG_2021_Human,cAMP signaling pathway,0.4676278239649467,0.8541795157863,0,0,1.2010230179028134,0.9128766349096139,ATP2A3;ATP1A1;GNAI2
KEGG_2021_Human,Collecting duct acid secretion,0.4708404160187898,0.8541795157863,0,0,1.6735054828440044,1.2605446794169906,TCIRG1
KEGG_2021_Human,Hedgehog signaling pathway,0.4708404160187898,0.8541795157863,0,0,1.6735054828440044,1.2605446794169906,MGRN1
KEGG_2021_Human,Influenza A,0.4223009996579216,0.8541795157863,0,0,1.2288713910761155,1.0593325457460443,CCND3;HLA-DMA;HNRNPUL1;RAB11B
KEGG_2021_Human,Starch and sucrose metabolism,0.4115589781043856,0.8541795157863,0,0,2.046260268050151,1.816675891103361,GPI
KEGG_2021_Human,Aldosterone-regulated sodium reabsorption,0.4708404160187898,0.8541795157863,0,0,1.6735054828440044,1.2605446794169906,ATP1A1
GO_Biological_Process_2023,Metal Ion Transport (GO:0030001),0.8269317089903742,0.855428055268976,0,0,0.5727140077821011,0.10883465505947262,ATP2A3
GO_Biological_Process_2023,Positive Regulation Of MAP Kinase Activity (GO:0043406),0.8269317089903742,0.855428055268976,0,0,0.5727140077821011,0.10883465505947262,MAP4K2
GO_Biological_Process_2023,Cellular Response To Salt (GO:1902075),0.8269317089903742,0.855428055268976,0,0,0.5727140077821011,0.10883465505947262,CPNE3
GO_Biological_Process_2023,Extracellular Matrix Organization (GO:0030198),0.8269317089903742,0.855428055268976,0,0,0.5727140077821011,0.10883465505947262,COL9A2
GO_Biological_Process_2023,Regulation Of DNA-templated Transcription (GO:0006355),0.8277736667911783,0.8557426275924397,0,0,0.8195659216067379,0.15491067167526326,GPI;CD74;CALCOCO1;KDM5C;SPI1;SMARCB1;ZNF580;CITED2;PEX14;MLF2;RPS6KA4;CD4;SBNO2;TRIM28;PCGF1;TAF6;PKN1;APBB1;HLA-DRB1;VENTX
GO_Biological_Process_2023,Regulation Of Inflammatory Response (GO:0050727),0.8291463533341463,0.8560492200873633,0,0,0.6603827072997874,0.12372837779289501,SBNO2;VAMP2;GPSM3
GO_Biological_Process_2023,Proteasome-Mediated Ubiquitin-Dependent Protein Catabolic Process (GO:0043161),0.8291463533341463,0.8560492200873633,0,0,0.6603827072997874,0.12372837779289501,HECTD3;PSMD1;ANAPC2
Reactome_2022,Metabolism Of Carbohydrates R-HSA-71387,0.7438912793929128,0.8563247592308574,0,0,0.7739850869925435,0.22899152557054958,SLC25A1;MAP4K2;ENO2
Reactome_2022,Apoptosis R-HSA-109581,0.7438912793929128,0.8563247592308574,0,0,0.7739850869925435,0.22899152557054958,YWHAE;SPTAN1;PLEC
Reactome_2022,Mitotic G1 Phase And G1/S Transition R-HSA-453279,0.748357520188714,0.8573081519669608,0,0,0.7482461734693877,0.21689744577774678,CCND3;MCM5
Reactome_2022,Transport Of Inorganic Cations/Anions And Amino Acids/Oligopeptides R-HSA-425393,0.7486721571375595,0.8573081519669608,0,0,0.7341634241245136,0.21250661223820544,SLC4A2
Reactome_2022,EML4 And NUDC In Mitotic Spindle Formation R-HSA-9648025,0.7486721571375595,0.8573081519669608,0,0,0.7341634241245136,0.21250661223820544,CENPT
GO_Biological_Process_2023,Mitochondrial Respiratory Chain Complex Assembly (GO:0033108),0.8359212805045784,0.8596966756837647,0,0,0.5552411272255631,0.09951077700786935,OXA1L
GO_Biological_Process_2023,Double-Strand Break Repair Via Homologous Recombination (GO:0000724),0.8359212805045784,0.8596966756837647,0,0,0.5552411272255631,0.09951077700786935,MCM5
GO_Biological_Process_2023,Positive Regulation Of Translation (GO:0045727),0.8359212805045784,0.8596966756837647,0,0,0.5552411272255631,0.09951077700786935,EEF2
GO_Biological_Process_2023,Positive Regulation Of Protein-Containing Complex Assembly (GO:0031334),0.8359212805045784,0.8596966756837647,0,0,0.5552411272255631,0.09951077700786935,PIEZO1
GO_Biological_Process_2023,Response To Endoplasmic Reticulum Stress (GO:0034976),0.8359212805045784,0.8596966756837647,0,0,0.5552411272255631,0.09951077700786935,ATP2A3
GO_Biological_Process_2023,Negative Regulation Of Angiogenesis (GO:0016525),0.8359212805045784,0.8596966756837647,0,0,0.5552411272255631,0.09951077700786935,HGS
KEGG_2021_Human,Oocyte meiosis,0.4806355452854668,0.8643007612589535,0,0,1.269665948275862,0.9302156760385115,YWHAE;ANAPC2
Reactome_2022,APC:Cdc20 Mediated Degradation Of Cell Cycle Proteins Before Cycle Checkpoint Satisfied R-HSA-179419,0.7617083875123706,0.8646776322714085,0,0,0.7057767135588148,0.192106415337697,ANAPC2
Reactome_2022,Cdc20:Phospho-APC/C Mediated Degradation Of Cyclin A R-HSA-174184,0.7617083875123706,0.8646776322714085,0,0,0.7057767135588148,0.192106415337697,ANAPC2
Reactome_2022,"Respiratory Electron Transport, ATP Synthesis By Chemiosmotic Coupling, Heat Production By Uncoupling Proteins R-HSA-163200",0.7579902205908259,0.8646776322714085,0,0,0.733125,0.2031377903477239,UCP2;NDUFV1
Reactome_2022,Regulation Of PLK1 Activity At G2/M Transition R-HSA-2565942,0.7617083875123706,0.8646776322714085,0,0,0.7057767135588148,0.192106415337697,YWHAE
Reactome_2022,Telomere Maintenance R-HSA-157579,0.7617083875123706,0.8646776322714085,0,0,0.7057767135588148,0.192106415337697,POLD2
Reactome_2022,PPARA Activates Gene Expression R-HSA-1989781,0.7740709163747626,0.8652157853676954,0,0,0.6794927222942787,0.1740125050752785,MED15
Reactome_2022,Interleukin-1 Family Signaling R-HSA-446652,0.7673036472715029,0.8652157853676954,0,0,0.7185968137254902,0.1903366541366029,SIGIRR;PTPN7
Reactome_2022,Nuclear Events Mediated By NFE2L2 R-HSA-9759194,0.7740709163747626,0.8652157853676954,0,0,0.6794927222942787,0.1740125050752785,HMOX1
Reactome_2022,Activation Of APC/C And APC/C:Cdc20 Mediated Degradation Of Mitotic Proteins R-HSA-176814,0.7740709163747626,0.8652157853676954,0,0,0.6794927222942787,0.1740125050752785,ANAPC2
Reactome_2022,APC/C:Cdc20 Mediated Degradation Of Mitotic Proteins R-HSA-176409,0.7740709163747626,0.8652157853676954,0,0,0.6794927222942787,0.1740125050752785,ANAPC2
Reactome_2022,"PI5P, PP2A And IER3 Regulate PI3K/AKT Signaling R-HSA-6811558",0.7740709163747626,0.8652157853676954,0,0,0.6794927222942787,0.1740125050752785,PIP5K1C
Reactome_2022,RNA Polymerase II Transcribes snRNA Genes R-HSA-6807505,0.7740709163747626,0.8652157853676954,0,0,0.6794927222942787,0.1740125050752785,TAF6
Reactome_2022,Regulation Of Lipid Metabolism By PPARalpha R-HSA-400206,0.7740709163747626,0.8652157853676954,0,0,0.6794927222942787,0.1740125050752785,MED15
Reactome_2022,Negative Regulation Of PI3K/AKT Network R-HSA-199418,0.7740709163747626,0.8652157853676954,0,0,0.6794927222942787,0.1740125050752785,PIP5K1C
KEGG_2021_Human,Bladder cancer,0.49821068108680966,0.8655355052779321,0,0,1.5337224383916992,1.0685938654815745,RASSF1
KEGG_2021_Human,Acute myeloid leukemia,0.4975388218478237,0.8655355052779321,0,0,1.2270833333333333,0.856604409022099,CSF1R;SPI1
KEGG_2021_Human,Vibrio cholerae infection,0.49821068108680966,0.8655355052779321,0,0,1.5337224383916992,1.0685938654815745,TCIRG1
KEGG_2021_Human,Endocrine and other factor-regulated calcium reabsorption,0.49821068108680966,0.8655355052779321,0,0,1.5337224383916992,1.0685938654815745,ATP1A1
GO_Biological_Process_2023,Cellular Response To Insulin Stimulus (GO:0032869),0.8444456232149138,0.8657071842838608,0,0,0.5387960631723506,0.09109690889172108,VAMP2
GO_Biological_Process_2023,Proteasomal Protein Catabolic Process (GO:0010498),0.8444862036508813,0.8657071842838608,0,0,0.5995133196721312,0.10133386568770715,HECTD3;PSMD1
GO_Biological_Process_2023,Regulation Of MAP Kinase Activity (GO:0043405),0.8444456232149138,0.8657071842838608,0,0,0.5387960631723506,0.09109690889172108,HGS
GO_Biological_Process_2023,Positive Regulation Of Cellular Component Organization (GO:0051130),0.8444456232149138,0.8657071842838608,0,0,0.5387960631723506,0.09109690889172108,ANAPC2
GO_Biological_Process_2023,Negative Regulation Of MAPK Cascade (GO:0043409),0.8444456232149138,0.8657071842838608,0,0,0.5387960631723506,0.09109690889172108,SLC9A3R1
KEGG_2021_Human,Chagas disease,0.5302752226967039,0.8698656668808642,0,0,1.14990234375,0.729451037846524,CD3E;GNAI2
KEGG_2021_Human,Other types of O-glycan biosynthesis,0.5241704461902242,0.8698656668808642,0,0,1.4154444777012871,0.9142898967190918,POMT1
KEGG_2021_Human,Renin secretion,0.5241704461902242,0.8698656668808642,0,0,1.4154444777012871,0.9142898967190918,GNAI2
KEGG_2021_Human,"Valine, leucine and isoleucine degradation",0.5241704461902242,0.8698656668808642,0,0,1.4154444777012871,0.9142898967190918,BCKDHA
KEGG_2021_Human,Measles,0.5704065626000475,0.8698656668808642,0,0,1.0213507625272331,0.5733923488410801,CCND3;CD3E;IL2RG
KEGG_2021_Human,Oxytocin signaling pathway,0.561536400023413,0.8698656668808642,0,0,1.0818014705882353,0.6242845652155491,EEF2;GNAI2
KEGG_2021_Human,Viral myocarditis,0.5487921317177805,0.8698656668808642,0,0,1.3140633685380767,0.7884847228327077,HLA-DMA
KEGG_2021_Human,Amoebiasis,0.561536400023413,0.8698656668808642,0,0,1.0818014705882353,0.6242845652155491,RAB5C;HSPB1
KEGG_2021_Human,Autoimmune thyroid disease,0.5487921317177805,0.8698656668808642,0,0,1.3140633685380767,0.7884847228327077,HLA-DMA
KEGG_2021_Human,VEGF signaling pathway,0.5487921317177805,0.8698656668808642,0,0,1.3140633685380767,0.7884847228327077,HSPB1
KEGG_2021_Human,HIF-1 signaling pathway,0.5766018668627894,0.8698656668808642,0,0,1.050669642857143,0.5785021264157311,HMOX1;ENO2
KEGG_2021_Human,Spinocerebellar ataxia,0.5766018668627894,0.8698656668808642,0,0,1.050669642857143,0.5785021264157311,ATP2A3;PSMD1
KEGG_2021_Human,Circadian entrainment,0.5942926112694574,0.8698656668808642,0,0,1.1493190661478598,0.5980866430298197,GNAI2
KEGG_2021_Human,Wnt signaling pathway,0.5912871297755907,0.8698656668808642,0,0,1.0212673611111112,0.53662855260573,CCND3;PRICKLE3
KEGG_2021_Human,Homologous recombination,0.5942926112694574,0.8698656668808642,0,0,1.1493190661478598,0.5980866430298197,POLD2
KEGG_2021_Human,Purine metabolism,0.6055911707403934,0.8698656668808642,0,0,0.9934543918918919,0.49826720555398524,CANT1;ENTPD6
KEGG_2021_Human,Shigellosis,0.5883906643480137,0.8698656668808642,0,0,0.9799475065616798,0.5197290327775035,CAPNS1;ITGA5;PFN1;TLN1
KEGG_2021_Human,Cell adhesion molecules,0.5766018668627894,0.8698656668808642,0,0,1.050669642857143,0.5785021264157311,HLA-DMA;CD4
KEGG_2021_Human,Thyroid hormone signaling pathway,0.6055911707403934,0.8698656668808642,0,0,0.9934543918918919,0.49826720555398524,ATP2A3;ATP1A1
KEGG_2021_Human,Viral carcinogenesis,0.6056733701580718,0.8698656668808642,0,0,0.9669762641898865,0.4848558536477138,YWHAE;CCND3;GTF2H4
KEGG_2021_Human,Fc gamma R-mediated phagocytosis,0.546092980393038,0.8698656668808642,0,0,1.1148200757575757,0.6744282686790433,CFL1;PIP5K1C
KEGG_2021_Human,Estrogen signaling pathway,0.5302752226967039,0.8698656668808642,0,0,1.14990234375,0.729451037846524,CTSD;GNAI2
KEGG_2021_Human,Proteasome,0.5721444533954856,0.8698656668808642,0,0,1.2261997405966278,0.6846655204585311,PSMD1
KEGG_2021_Human,Type I diabetes mellitus,0.5721444533954856,0.8698656668808642,0,0,1.2261997405966278,0.6846655204585311,HLA-DMA
KEGG_2021_Human,Toxoplasmosis,0.6195140847053959,0.8698656668808642,0,0,0.9671052631578947,0.46306918985335865,HLA-DMA;GNAI2
KEGG_2021_Human,Platelet activation,0.6195140847053959,0.8698656668808642,0,0,0.9671052631578947,0.46306918985335865,TLN1;GNAI2
KEGG_2021_Human,NOD-like receptor signaling pathway,0.6169962430697474,0.8698656668808642,0,0,0.9501014198782961,0.4587967017998581,YWHAE;TRIP6;PKN1
KEGG_2021_Human,NF-kappa B signaling pathway,0.6195140847053959,0.8698656668808642,0,0,0.9671052631578947,0.46306918985335865,ZAP70;MAP3K14
KEGG_2021_Human,Bacterial invasion of epithelial cells,0.6352207231790961,0.8709484965081601,0,0,1.0211846087332468,0.46339595483037704,ITGA5
KEGG_2021_Human,Graft-versus-host disease,0.6352207231790961,0.8709484965081601,0,0,1.0211846087332468,0.46339595483037704,HLA-DMA
KEGG_2021_Human,Parkinson disease,0.6372793876888976,0.8709484965081601,0,0,0.9177165354330709,0.41347454235424347,PSMD1;UBA1;NDUFV1;GNAI2
KEGG_2021_Human,Morphine addiction,0.6352207231790961,0.8709484965081601,0,0,1.0211846087332468,0.46339595483037704,GNAI2
GO_Biological_Process_2023,Epithelium Development (GO:0060429),0.8525287249197362,0.871705142254049,0,0,0.5232907170650362,0.08349018380710285,SLC9A3R1
GO_Biological_Process_2023,Protein Targeting (GO:0006605),0.8525287249197362,0.871705142254049,0,0,0.5232907170650362,0.08349018380710285,VPS37B
GO_Biological_Process_2023,B Cell Activation (GO:0042113),0.8525287249197362,0.871705142254049,0,0,0.5232907170650362,0.08349018380710285,ZAP70
GO_Biological_Process_2023,Regulation Of JNK Cascade (GO:0046328),0.8525287249197362,0.871705142254049,0,0,0.5232907170650362,0.08349018380710285,MAP4K2
Reactome_2022,TP53 Regulates Metabolic Genes R-HSA-5628897,0.7857944315410981,0.8738460995915437,0,0,0.6550861589772096,0.157915107634832,YWHAE
Reactome_2022,Golgi-to-ER Retrograde Transport R-HSA-8856688,0.7857944315410981,0.8738460995915437,0,0,0.6550861589772096,0.157915107634832,ARFGAP1
Reactome_2022,Resolution Of Sister Chromatid Cohesion R-HSA-2500257,0.7857944315410981,0.8738460995915437,0,0,0.6550861589772096,0.157915107634832,CENPT
GO_Biological_Process_2023,Negative Regulation Of Multicellular Organismal Process (GO:0051241),0.8568258445844013,0.8755362355387171,0,0,0.5802331349206349,0.0896579699561363,RPS6KA4;SPI1
Reactome_2022,HDR Thru Homologous Recombination (HRR) Or Single Strand Annealing (SSA) R-HSA-5693567,0.7969118413220659,0.8758007652113308,0,0,0.6323628069233865,0.14355345193875554,POLD2
Reactome_2022,Major Pathway Of rRNA Processing In Nucleolus And Cytosol R-HSA-6791226,0.7900723704422131,0.8758007652113308,0,0,0.7127578304048893,0.16794764757943245,EXOSC10;RRP9;PELP1
Reactome_2022,Transmission Across Chemical Synapses R-HSA-112315,0.7934003536594081,0.8758007652113308,0,0,0.6782407407407407,0.15696344043758426,VAMP2;GNAI2
Reactome_2022,Regulation Of APC/C Activators Between G1/S And Early Anaphase R-HSA-176408,0.7969118413220659,0.8758007652113308,0,0,0.6323628069233865,0.14355345193875554,ANAPC2
Reactome_2022,Cyclin A:Cdk2-associated Events At S Phase Entry R-HSA-69656,0.7969118413220659,0.8758007652113308,0,0,0.6323628069233865,0.14355345193875554,CDC25B
Reactome_2022,Complex I Biogenesis R-HSA-6799198,0.7969118413220659,0.8758007652113308,0,0,0.6323628069233865,0.14355345193875554,NDUFV1
Reactome_2022,Estrogen-dependent Gene Expression R-HSA-9018519,0.7969118413220659,0.8758007652113308,0,0,0.6323628069233865,0.14355345193875554,CTSD
Reactome_2022,Cellular Responses To Stress R-HSA-2262752,0.7989858633573201,0.876609280567914,0,0,0.7946541766445978,0.17832995398212223,YWHAE;DCTN1;CITED2;DDX11;HMOX1;TCIRG1;TLN1;ARFGAP1;ANAPC2;VENTX
GO_Biological_Process_2023,Generation Of Neurons (GO:0048699),0.8601933407930757,0.8778496505463653,0,0,0.5086467790747946,0.07660123856386897,SNPH
GO_Biological_Process_2023,Cellular Response To Organic Cyclic Compound (GO:0071407),0.8601933407930757,0.8778496505463653,0,0,0.5086467790747946,0.07660123856386897,ATP1A1
Reactome_2022,Signaling By NOTCH R-HSA-157118,0.8015092055607265,0.8779072402044746,0,0,0.6657670454545455,0.1473068319258904,FCER2;ATP2A3
Reactome_2022,PCP/CE Pathway R-HSA-4086400,0.8074543657282552,0.878542540784065,0,0,0.6111543450064851,0.13070680880283045,PFN1
Reactome_2022,Homology Directed Repair R-HSA-5693538,0.8074543657282552,0.878542540784065,0,0,0.6111543450064851,0.13070680880283045,POLD2
Reactome_2022,Antiviral Mechanism By IFN-stimulated Genes R-HSA-1169410,0.8074543657282552,0.878542540784065,0,0,0.6111543450064851,0.13070680880283045,FLNA
Reactome_2022,APC/C-mediated Degradation Of Cell Cycle Proteins R-HSA-174143,0.8074543657282552,0.878542540784065,0,0,0.6111543450064851,0.13070680880283045,ANAPC2
GO_Biological_Process_2023,Defense Response To Symbiont (GO:0140546),0.8626556010051675,0.8792345042916216,0,0,0.571044921875,0.08436602793521904,TBKBP1;MAP3K14
GO_Biological_Process_2023,Positive Regulation Of Cellular Biosynthetic Process (GO:0031328),0.8626556010051675,0.8792345042916216,0,0,0.571044921875,0.08436602793521904,MID1IP1;EEF2
GO_Biological_Process_2023,Regulation Of Type II Interferon Production (GO:0032649),0.8674610572096286,0.8813094138062063,0,0,0.4947944053002419,0.07035217378944794,LGALS9
GO_Biological_Process_2023,Neuron Projection Development (GO:0031175),0.8674610572096286,0.8813094138062063,0,0,0.4947944053002419,0.07035217378944794,MAP1S
GO_Biological_Process_2023,Regulation Of Response To External Stimulus (GO:0032101),0.8674610572096286,0.8813094138062063,0,0,0.4947944053002419,0.07035217378944794,SBNO2
GO_Biological_Process_2023,Regulation Of DNA Metabolic Process (GO:0051052),0.8674610572096286,0.8813094138062063,0,0,0.4947944053002419,0.07035217378944794,TAF6
GO_Biological_Process_2023,Protein Homooligomerization (GO:0051260),0.8674610572096286,0.8813094138062063,0,0,0.4947944053002419,0.07035217378944794,MICU1
KEGG_2021_Human,Gap junction,0.6541150663955714,0.8821946619150798,0,0,0.9672332582428834,0.4105634360766168,GNAI2
KEGG_2021_Human,Thyroid hormone synthesis,0.6541150663955714,0.8821946619150798,0,0,0.9672332582428834,0.4105634360766168,ATP1A1
KEGG_2021_Human,Retrograde endocannabinoid signaling,0.6834796404566186,0.8843606262797917,0,0,0.8537427325581395,0.32489897723585603,NDUFV1;GNAI2
KEGG_2021_Human,Tight junction,0.6714293196855833,0.8843606262797917,0,0,0.8742559523809523,0.34825682139109887,SLC9A3R1;TJP3
KEGG_2021_Human,TNF signaling pathway,0.7174746948384241,0.8843606262797917,0,0,0.7975543478260869,0.2648020808241371,RPS6KA4;MAP3K14
KEGG_2021_Human,Protein processing in endoplasmic reticulum,0.7064969093183825,0.8843606262797917,0,0,0.8154513888888889,0.28331753693033074,PRKCSH;MOGS
KEGG_2021_Human,Aldosterone synthesis and secretion,0.6720343388826592,0.8843606262797917,0,0,0.9186770428015564,0.365124369182484,ATP1A1
KEGG_2021_Human,RIG-I-like receptor signaling pathway,0.7204303638474401,0.8843606262797917,0,0,0.7983420740991372,0.2617815696700813,TBKBP1
KEGG_2021_Human,Diabetic cardiomyopathy,0.6995448520470547,0.8843606262797917,0,0,0.8335115864527629,0.29783483334391775,ATP2A3;CTSD;NDUFV1
KEGG_2021_Human,Pancreatic cancer,0.7051456401156114,0.8843606262797917,0,0,0.8348072161301733,0.2916406654553819,RALGDS
KEGG_2021_Human,Systemic lupus erythematosus,0.6720343388826592,0.8843606262797917,0,0,0.9186770428015564,0.365124369182484,HLA-DMA
KEGG_2021_Human,Peroxisome,0.6890286747696693,0.8843606262797917,0,0,0.874745228830832,0.3258184467947221,PEX14
KEGG_2021_Human,Herpes simplex virus 1 infection,0.6939502323615765,0.8843606262797917,0,0,0.8560821543348971,0.31277392318380937,CD74;HLA-DMA;ITGA5;HLA-DRB1;HLA-DQB1
KEGG_2021_Human,Viral protein interaction with cytokine and cytokine receptor,0.6951671023767639,0.8843606262797917,0,0,0.8341619318181818,0.3033038036197469,CSF1R;IL2RG
KEGG_2021_Human,Non-small cell lung cancer,0.6890286747696693,0.8843606262797917,0,0,0.874745228830832,0.3258184467947221,RASSF1
KEGG_2021_Human,Melanogenesis,0.7204303638474401,0.8843606262797917,0,0,0.7983420740991372,0.2617815696700813,GNAI2
KEGG_2021_Human,Glutamatergic synapse,0.7204303638474401,0.8843606262797917,0,0,0.7983420740991372,0.2617815696700813,GNAI2
GO_Biological_Process_2023,Positive Regulation Of Apoptotic Process (GO:0043065),0.8714539605410191,0.8848010537464973,0,0,0.6012928248222366,0.08273322861946153,APBB1;CTSD;RHOB
GO_Biological_Process_2023,Regulation Of Cellular Response To Stress (GO:0080135),0.8743523509745099,0.8854835075750765,0,0,0.4816711038296129,0.06467486394133726,TAF6
GO_Biological_Process_2023,Response To Lipid (GO:0033993),0.8743523509745099,0.8854835075750765,0,0,0.4816711038296129,0.06467486394133726,LGALS9
GO_Biological_Process_2023,Aerobic Electron Transport Chain (GO:0019646),0.8743523509745099,0.8854835075750765,0,0,0.4816711038296129,0.06467486394133726,NDUFV1
GO_Biological_Process_2023,Mitochondrial ATP Synthesis Coupled Electron Transport (GO:0042775),0.8743523509745099,0.8854835075750765,0,0,0.4816711038296129,0.06467486394133726,NDUFV1
Reactome_2022,Cellular Responses To Stimuli R-HSA-8953897,0.8151914802286552,0.8854899163346089,0,0,0.7803198117125848,0.15944450149740924,YWHAE;DCTN1;CITED2;DDX11;HMOX1;TCIRG1;TLN1;ARFGAP1;ANAPC2;VENTX
Reactome_2022,KEAP1-NFE2L2 Pathway R-HSA-9755511,0.8174516224146937,0.886474855433153,0,0,0.5913141709551901,0.11918738667751652,HMOX1
KEGG_2021_Human,GABAergic synapse,0.7349256623063473,0.89042177039171,0,0,0.7649156939040207,0.2355832672307745,GNAI2
KEGG_2021_Human,Thermogenesis,0.7354589683821561,0.89042177039171,0,0,0.7852100840336135,0.24126406491421323,SMARCB1;NDUFV1;PNPLA2
KEGG_2021_Human,JAK-STAT signaling pathway,0.7383985413004425,0.89042177039171,0,0,0.7639973958333334,0.23169869069002708,CCND3;IL2RG
GO_Biological_Process_2023,Regulation Of Canonical Wnt Signaling Pathway (GO:0060828),0.8808866465230403,0.8915334953041711,0,0,0.4692207921779906,0.059509549100078794,SLC9A3R1
Reactome_2022,Autophagy R-HSA-9612973,0.8269317089903742,0.8923233433092176,0,0,0.5727140077821011,0.10883465505947262,VPS37B
Reactome_2022,Transcriptional Regulation By RUNX2 R-HSA-8878166,0.8269317089903742,0.8923233433092176,0,0,0.5727140077821011,0.10883465505947262,ITGA5
Reactome_2022,Signaling By NTRK1 (TRKA) R-HSA-187037,0.8269317089903742,0.8923233433092176,0,0,0.5727140077821011,0.10883465505947262,RALGDS
GO_Biological_Process_2023,Response To Lipopolysaccharide (GO:0032496),0.883867698504718,0.893981887044505,0,0,0.5369944852941176,0.0662908360813837,SBNO2;LGALS9
Reactome_2022,Biological Oxidations R-HSA-211859,0.8311923793831502,0.8954457376578344,0,0,0.6201006355932204,0.11465289153711473,GSTM2;GSTM1
Reactome_2022,Class I MHC Mediated Antigen Processing And Presentation R-HSA-983169,0.8331525576775978,0.8960836211474984,0,0,0.682169401721981,0.12452218691767018,HECTD3;MGRN1;UBA1;ANAPC2
GO_Biological_Process_2023,Regulation Of Protein Kinase B Signaling (GO:0051896),0.8870823695712472,0.896663310030403,0,0,0.4573929961089494,0.05480365689909419,SLC9A3R1
Reactome_2022,CLEC7A (Dectin-1) Signaling R-HSA-5607764,0.8359212805045784,0.8975876044762275,0,0,0.5552411272255631,0.09951077700786935,MAP3K14
KEGG_2021_Human,Cholinergic synapse,0.7617083875123706,0.8991102563183218,0,0,0.7057767135588148,0.192106415337697,GNAI2
KEGG_2021_Human,p53 signaling pathway,0.7617083875123706,0.8991102563183218,0,0,0.7057767135588148,0.192106415337697,CCND3
KEGG_2021_Human,Serotonergic synapse,0.7740709163747626,0.8991102563183218,0,0,0.6794927222942787,0.1740125050752785,GNAI2
KEGG_2021_Human,Oxidative phosphorylation,0.7673036472715029,0.8991102563183218,0,0,0.7185968137254902,0.1903366541366029,TCIRG1;NDUFV1
KEGG_2021_Human,Leishmaniasis,0.7740709163747626,0.8991102563183218,0,0,0.6794927222942787,0.1740125050752785,HLA-DMA
KEGG_2021_Human,Proteoglycans in cancer,0.776304953016307,0.8991102563183218,0,0,0.7046274038461539,0.17841860297146234,FLNA;ITGA5
KEGG_2021_Human,Dopaminergic synapse,0.7617083875123706,0.8991102563183218,0,0,0.7057767135588148,0.192106415337697,GNAI2
Reactome_2022,Signaling By ROBO Receptors R-HSA-376176,0.840715161594554,0.9012576609565185,0,0,0.644567474048443,0.11183398212594893,MYO9B;PKN1;PFN1
Reactome_2022,Regulation Of TP53 Activity Thru Phosphorylation R-HSA-6804756,0.8444456232149138,0.902303235245952,0,0,0.5387960631723506,0.09109690889172108,TAF6
Reactome_2022,Hedgehog Off State R-HSA-5610787,0.8444456232149138,0.902303235245952,0,0,0.5387960631723506,0.09109690889172108,IFT140
KEGG_2021_Human,Neurotrophin signaling pathway,0.7857944315410981,0.9049879689096916,0,0,0.6550861589772096,0.157915107634832,YWHAE
GO_Biological_Process_2023,Inflammatory Response (GO:0006954),0.8968482513882737,0.9059590907674563,0,0,0.5633717404487568,0.0613334953185024,CSF1R;PARP4;LGALS9
GO_Biological_Process_2023,Cellular Response To Oxygen-Containing Compound (GO:1901701),0.8975117309890335,0.90605403807332,0,0,0.5963598812443527,0.06448385005801924,SBNO2;LTK;CPNE3;PEX14
KEGG_2021_Human,Cytokine-cytokine receptor interaction,0.7931516495192792,0.9075940415056861,0,0,0.7310236220472441,0.16940802854247572,IL32;CSF1R;CD4;IL2RG
KEGG_2021_Human,Alcoholism,0.7969118413220659,0.9075940415056861,0,0,0.6323628069233865,0.14355345193875554,GNAI2
KEGG_2021_Human,Neuroactive ligand-receptor interaction,0.8015092055607265,0.9077866692814859,0,0,0.6657670454545455,0.1473068319258904,VIPR1;GABBR1
Reactome_2022,Programmed Cell Death R-HSA-5357801,0.8516033561363328,0.9079777476787434,0,0,0.6294793779580797,0.1011160453337877,YWHAE;SPTAN1;PLEC
Reactome_2022,Signaling By NTRKs R-HSA-166520,0.8525287249197362,0.9079777476787434,0,0,0.5232907170650362,0.08349018380710285,RALGDS
MSigDB_Hallmark_2020,Pperoxisome,0.5302752226967039,0.90838675611059,0,0,1.14990234375,0.729451037846524,DHCR24;PEX14
MSigDB_Hallmark_2020,Interferon Alpha Response,0.4676278239649467,0.90838675611059,0,0,1.2010230179028134,0.9128766349096139,LGALS3BP;CD74;LY6E
MSigDB_Hallmark_2020,Interferon Gamma Response,0.487087923905373,0.90838675611059,0,0,1.0830999066293183,0.7790852765101258,LGALS3BP;CD74;HLA-DMA;TNFAIP2;UPP1;LY6E
MSigDB_Hallmark_2020,Estrogen Response Early,0.5250016957626702,0.90838675611059,0,0,1.066529727262353,0.6872224680393629,SLC9A3R1;CANT1;NADSYN1;TJP3
MSigDB_Hallmark_2020,IL-6/JAK/STAT3 Signaling,0.5912871297755907,0.90838675611059,0,0,1.0212673611111112,0.53662855260573,HMOX1;IL2RG
MSigDB_Hallmark_2020,mTORC1 Signaling,0.5678019298827494,0.90838675611059,0,0,1.007226836371481,0.5700728999713449,GPI;SLC9A3R1;DHCR24;RRP9
MSigDB_Hallmark_2020,UV Response Dn,0.6055911707403934,0.90838675611059,0,0,0.9934543918918919,0.49826720555398524,CITED2;PEX14
MSigDB_Hallmark_2020,Androgen Response,0.6055911707403934,0.90838675611059,0,0,0.9934543918918919,0.49826720555398524,CCND3;DHCR24
KEGG_2021_Human,Staphylococcus aureus infection,0.8074543657282552,0.9094953020565513,0,0,0.6111543450064851,0.13070680880283045,HLA-DMA
KEGG_2021_Human,"Growth hormone synthesis, secretion and action",0.8174516224146937,0.9107477314946315,0,0,0.5913141709551901,0.11918738667751652,GNAI2
KEGG_2021_Human,Colorectal cancer,0.8174516224146937,0.9107477314946315,0,0,0.5913141709551901,0.11918738667751652,RALGDS
GO_Biological_Process_2023,Protein Maturation (GO:0051604),0.9038084371846383,0.9118321011799363,0,0,0.4252103882001629,0.04300486310566508,PCSK7
GO_Biological_Process_2023,Negative Regulation Of Cellular Process (GO:0048523),0.9068038293542374,0.9142743298495513,0,0,0.6091996710613576,0.059597478340276434,SLC9A3R1;HGS;ANXA6;TAF6;RHOB
Reactome_2022,MyD88:MAL(TIRAP) Cascade Initiated On Plasma Membrane R-HSA-166058,0.8601933407930757,0.9146536334731568,0,0,0.5086467790747946,0.07660123856386897,SIGIRR
GO_Biological_Process_2023,Negative Regulation Of Cellular Biosynthetic Process (GO:0031327),0.9088158911262587,0.9157226616731333,0,0,0.41545808277325785,0.0397230878650575,CNOT1
Reactome_2022,Signaling By TGF-beta Receptor Complex R-HSA-170834,0.8674610572096286,0.9193964279487163,0,0,0.4947944053002419,0.07035217378944794,LTBP3
Reactome_2022,Potential Therapeutics For SARS R-HSA-9679191,0.8674610572096286,0.9193964279487163,0,0,0.4947944053002419,0.07035217378944794,FXYD7
KEGG_2021_Human,Amyotrophic lateral sclerosis,0.8331525576775978,0.9232231044535543,0,0,0.682169401721981,0.12452218691767018,DCTN1;PSMD1;PFN1;NDUFV1
Reactome_2022,Neurotransmitter Receptors And Postsynaptic Signal Transmission R-HSA-112314,0.8743523509745099,0.9237109514327483,0,0,0.4816711038296129,0.06467486394133726,GNAI2
Reactome_2022,Signaling By Nuclear Receptors R-HSA-9006931,0.8736695982599556,0.9237109514327483,0,0,0.5535037878787878,0.07475235195016561,CTSD;GNAI2
Reactome_2022,Transport Of Small Molecules R-HSA-382551,0.8787475959161455,0.9268593805556768,0,0,0.6831169943880392,0.08829804385465469,ATP2A3;FXYD7;HMOX1;ATP13A2;SLC4A2;TCIRG1;MICU1
KEGG_2021_Human,Leukocyte transendothelial migration,0.8525287249197362,0.9296190883433294,0,0,0.5232907170650362,0.08349018380710285,GNAI2
KEGG_2021_Human,Apelin signaling pathway,0.8525287249197362,0.9296190883433294,0,0,0.5232907170650362,0.08349018380710285,GNAI2
KEGG_2021_Human,Cushing syndrome,0.8444456232149138,0.9296190883433294,0,0,0.5387960631723506,0.09109690889172108,GNAI2
GO_Biological_Process_2023,Regulation Of Transcription By RNA Polymerase II (GO:0006357),0.9235887948220253,0.9300188433935711,0,0,0.7312097898951725,0.05812264774247742,BCAS3;CALCOCO1;SPI1;SMARCB1;ZNF580;CITED2;FHOD1;STXBP2;SOX12;RPS6KA4;SBNO2;CNOT1;PCBP1;PCGF1;TAF6;PKN1;APBB1;PELP1;VENTX
Reactome_2022,TNFR2 Non-Canonical NF-kB Pathway R-HSA-5668541,0.8870823695712472,0.9311521667775111,0,0,0.4573929961089494,0.05480365689909419,MAP3K14
Reactome_2022,Death Receptor Signaling R-HSA-73887,0.8870823695712472,0.9311521667775111,0,0,0.4573929961089494,0.05480365689909419,YWHAE
Reactome_2022,Signaling By Hedgehog R-HSA-5358351,0.8870823695712472,0.9311521667775111,0,0,0.4573929961089494,0.05480365689909419,IFT140
GO_Biological_Process_2023,Regulation Of Signal Transduction (GO:0009966),0.9263792827012923,0.9322387342047793,0,0,0.38051232166018156,0.029098361569615417,CD3E
GO_Biological_Process_2023,Positive Regulation Of Inflammatory Response (GO:0050729),0.9302156060632009,0.935507603822094,0,0,0.37266735487969505,0.0269583410127658,GPSM3
GO_Biological_Process_2023,Negative Regulation Of Transcription By RNA Polymerase II (GO:0000122),0.9319410069223919,0.9361179520494557,0,0,0.5931563882383555,0.041809080955328204,SPI1;CNOT1;CITED2;PCGF1;APBB1;SOX12
GO_Biological_Process_2023,Negative Regulation Of Cell Population Proliferation (GO:0008285),0.9319992684137888,0.9361179520494557,0,0,0.5047930283224401,0.03554916525856427,SLC9A3R1;HGS;HMOX1
GO_Biological_Process_2023,Cellular Response To Molecule Of Bacterial Origin (GO:0071219),0.9338527496239865,0.937387838897011,0,0,0.36513618677042803,0.02498864587046469,SBNO2
KEGG_2021_Human,Relaxin signaling pathway,0.8674610572096286,0.9377082075564969,0,0,0.4947944053002419,0.07035217378944794,GNAI2
KEGG_2021_Human,Transcriptional misregulation in cancer,0.8736695982599556,0.9377082075564969,0,0,0.5535037878787878,0.07475235195016561,CSF1R;SPI1
KEGG_2021_Human,Pathways of neurodegeneration,0.8732238000186083,0.9377082075564969,0,0,0.6544487729974123,0.08871929986852264,DCTN1;ATP2A3;PSMD1;UBA1;NDUFV1
Reactome_2022,SUMO E3 Ligases SUMOylate Target Proteins R-HSA-3108232,0.8985271120262839,0.940152169931655,0,0,0.4354270891235872,0.04659000117746796,TRIM28
Reactome_2022,Disorders Of Transmembrane Transporters R-HSA-5619115,0.8985271120262839,0.940152169931655,0,0,0.4354270891235872,0.04659000117746796,MAP4K2
GO_Biological_Process_2023,Modification-Dependent Protein Catabolic Process (GO:0019941),0.9373010164762395,0.9402559377135543,0,0,0.3579003585870146,0.02317433194674159,UBA1
Reactome_2022,G1/S Transition R-HSA-69206,0.9038084371846383,0.9441698984943191,0,0,0.4252103882001629,0.04300486310566508,MCM5
GO_Biological_Process_2023,Cellular Response To Lipopolysaccharide (GO:0071222),0.9436695047661774,0.9454522557197658,0,0,0.3442478525805741,0.019959240919656906,SBNO2
GO_Biological_Process_2023,Positive Regulation Of Defense Response (GO:0031349),0.9436695047661774,0.9454522557197658,0,0,0.3442478525805741,0.019959240919656906,GPSM3
Reactome_2022,Regulation Of TP53 Activity R-HSA-5633007,0.9088158911262587,0.9463822077705875,0,0,0.41545808277325785,0.0397230878650575,TAF6
Reactome_2022,SUMOylation R-HSA-2990846,0.9088158911262587,0.9463822077705875,0,0,0.41545808277325785,0.0397230878650575,TRIM28
KEGG_2021_Human,Alzheimer disease,0.886712775397114,0.9467506195646269,0,0,0.6117911731621782,0.07355820079773641,ATP2A3;PSMD1;APBB1;NDUFV1
Reactome_2022,Beta-catenin Independent WNT Signaling R-HSA-3858494,0.9135636234086328,0.9471242402145829,0,0,0.4061392131431042,0.03671590178121433,PFN1
Reactome_2022,G Alpha (I) Signaling Events R-HSA-418594,0.9138664424665899,0.9471242402145829,0,0,0.48614583333333333,0.043787564747867866,GPSM3;GNAI2
Reactome_2022,Fc Epsilon Receptor (FCERI) Signaling R-HSA-2454202,0.9135636234086328,0.9471242402145829,0,0,0.4061392131431042,0.03671590178121433,PKN1
KEGG_2021_Human,Signaling pathways regulating pluripotency of stem cells,0.8985271120262839,0.9477370774051499,0,0,0.4354270891235872,0.04659000117746796,PCGF1
KEGG_2021_Human,Cellular senescence,0.8985271120262839,0.9477370774051499,0,0,0.4354270891235872,0.04659000117746796,CCND3
KEGG_2021_Human,Calcium signaling pathway,0.9038084371846383,0.9477370774051499,0,0,0.4252103882001629,0.04300486310566508,ATP2A3
KEGG_2021_Human,Ribosome,0.9061291081532165,0.9477370774051499,0,0,0.4996789383561644,0.049255091642318755,MRPL4;MRPL2
KEGG_2021_Human,Huntington disease,0.9111843350323936,0.9481867445768561,0,0,0.5405940594059406,0.05028068513164002,DCTN1;PSMD1;NDUFV1
KEGG_2021_Human,Natural killer cell mediated cytotoxicity,0.9223329166182879,0.9543103163505774,0,0,0.3886911168143058,0.03142530352218194,ZAP70
KEGG_2021_Human,Autophagy,0.9263792827012923,0.9543103163505774,0,0,0.38051232166018156,0.029098361569615417,CTSD
Reactome_2022,Neuronal System R-HSA-112316,0.9243614497231498,0.9555565829438527,0,0,0.4671474358974359,0.03674212893441035,VAMP2;GNAI2
Reactome_2022,Ub-specific Processing Proteases R-HSA-5689880,0.9263792827012923,0.9555565829438527,0,0,0.38051232166018156,0.029098361569615417,HGS
Reactome_2022,Toll Like Receptor 4 (TLR4) Cascade R-HSA-166016,0.9263792827012923,0.9555565829438527,0,0,0.38051232166018156,0.029098361569615417,SIGIRR
Reactome_2022,Respiratory Electron Transport R-HSA-611105,0.9302156060632009,0.9580050659927619,0,0,0.37266735487969505,0.0269583410127658,NDUFV1
MSigDB_Hallmark_2020,G2-M Checkpoint,0.8168863745406804,0.9592753781013704,0,0,0.6421326754385965,0.1298747178031794,MCM5;CDC25B
MSigDB_Hallmark_2020,Inflammatory Response,0.9574068493885616,0.9592753781013704,0,0,0.3992960164835165,0.017380096974050147,ITGA5;LY6E
MSigDB_Hallmark_2020,Coagulation,0.9569108772611015,0.9592753781013704,0,0,0.3142358781698645,0.013840525247937652,CRIP2
MSigDB_Hallmark_2020,TNF-alpha Signaling via NF-kB,0.9592753781013704,0.9592753781013704,0,0,0.39487092391304346,0.01641758552687787,TNFAIP2;RHOB
MSigDB_Hallmark_2020,Xenobiotic Metabolism,0.7268100487713471,0.9592753781013704,0,0,0.7967604433077579,0.254238382684171,POR;HMOX1;UPP1
MSigDB_Hallmark_2020,KRAS Signaling Up,0.7521091873830924,0.9592753781013704,0,0,0.7630718954248366,0.21737916731332657,MAP4K1;CD37;IL2RG
MSigDB_Hallmark_2020,Glycolysis,0.8933018698869515,0.9592753781013704,0,0,0.5214285714285715,0.05883315855729801,CITED2;ENO2
MSigDB_Hallmark_2020,Estrogen Response Late,0.9336460016783794,0.9592753781013704,0,0,0.4495563271604938,0.030865604948278093,SLC9A3R1;TJP3
MSigDB_Hallmark_2020,heme Metabolism,0.9440186610509173,0.9592753781013704,0,0,0.4819364914107236,0.027764045587123667,CCND3;UCP2;ACP5
MSigDB_Hallmark_2020,Fatty Acid Metabolism,0.8311923793831502,0.9592753781013704,0,0,0.6201006355932204,0.11465289153711473,DHCR24;ENO2
MSigDB_Hallmark_2020,Complement,0.8350176379159029,0.9592753781013704,0,0,0.6523809523809524,0.11762587171879074,PFN1;CTSD;GNAI2
MSigDB_Hallmark_2020,E2F Targets,0.760115089913969,0.9592753781013704,0,0,0.7524576954069299,0.20638817732652912,POLD2;MCM5;CDC25B
MSigDB_Hallmark_2020,Bile Acid Metabolism,0.8359212805045784,0.9592753781013704,0,0,0.5552411272255631,0.09951077700786935,DHCR24
MSigDB_Hallmark_2020,Protein Secretion,0.8743523509745099,0.9592753781013704,0,0,0.4816711038296129,0.06467486394133726,ATP1A1
Reactome_2022,Signaling By TGFB Family Members R-HSA-9006936,0.9338527496239865,0.9602410533810222,0,0,0.36513618677042803,0.02498864587046469,LTBP3
GO_Biological_Process_2023,Positive Regulation Of Response To External Stimulus (GO:0032103),0.9612935016271745,0.9625034368085807,0,0,0.3036316472114137,0.01198601227894987,GPSM3
KEGG_2021_Human,Prion disease,0.9467716010317689,0.970440891057563,0,0,0.42296511627906974,0.023135090661334744,PSMD1;NDUFV1
Reactome_2022,Metabolism Of Amino Acids And Derivatives R-HSA-71291,0.947146187770865,0.9708618982627801,0,0,0.513877254704864,0.027904474484923964,BCKDK;BCKDHA;OGDH;HPD
Reactome_2022,Immunoregulatory Interactions Between A Lymphoid And A non-Lymphoid Cell R-HSA-198933,0.946607785214689,0.9708618982627801,0,0,0.33780083585531057,0.01853527953176413,CD3E
KEGG_2021_Human,Hepatitis C,0.9520341282765248,0.9709800810780476,0,0,0.325597554196776,0.016004551051597492,YWHAE
Reactome_2022,Peptide Chain Elongation R-HSA-156902,0.9493933573049103,0.971644764116744,0,0,0.33158825610187476,0.017220064400726858,EEF2
Reactome_2022,Eukaryotic Translation Elongation R-HSA-156842,0.9545375975021138,0.9753855325489618,0,0,0.31981705235852276,0.014880526761225372,EEF2
Reactome_2022,Eukaryotic Translation Termination R-HSA-72764,0.9591607129714955,0.9755438928514434,0,0,0.30884389632658443,0.012877750978504288,APEH
Reactome_2022,Toll-like Receptor Cascades R-HSA-168898,0.9569108772611015,0.9755438928514434,0,0,0.3142358781698645,0.013840525247937652,SIGIRR
Reactome_2022,Neddylation R-HSA-8951664,0.9591607129714955,0.9755438928514434,0,0,0.30884389632658443,0.012877750978504288,CCDC22
Reactome_2022,SARS-CoV-2-host Interactions R-HSA-9705683,0.9612935016271745,0.9761972768462005,0,0,0.3036316472114137,0.01198601227894987,YWHAE
Reactome_2022,Diseases Of Signal Transduction By Growth Factor Receptors And Second Messengers R-HSA-5663202,0.9638695875994148,0.9772981112656605,0,0,0.4381404174573055,0.016123250190970616,DCTN1;MYO18A;TLN1
KEGG_2021_Human,Chemokine signaling pathway,0.9652318920290188,0.9795670191383608,0,0,0.2937115601857663,0.010393542751809705,GNAI2
KEGG_2021_Human,Non-alcoholic fatty liver disease,0.9796819476468557,0.9796819476468557,0,0,0.2523778642455685,0.0051806369430025785,NDUFV1
KEGG_2021_Human,Pathogenic Escherichia coli infection,0.9704034467674518,0.9796819476468557,0,0,0.27997605507333134,0.00841142406106559,SLC9A3R1
KEGG_2021_Human,Human cytomegalovirus infection,0.9773754617097827,0.9796819476468557,0,0,0.2596998332406893,0.005943074900116146,GNAI2
GO_Biological_Process_2023,Positive Regulation Of Cell Differentiation (GO:0045597),0.9807457685987079,0.9812454174112322,0,0,0.2488673311657161,0.004838480732140016,SMARCB1
GO_Biological_Process_2023,Gene Expression (GO:0010467),0.9812454174112322,0.9812454174112322,0,0,0.3320670871559633,0.006286919916452703,EXOSC10;HNRNPUL1
Reactome_2022,SLC-mediated Transmembrane Transport R-HSA-425407,0.9704034467674518,0.9824022529098623,0,0,0.27997605507333134,0.00841142406106559,SLC4A2
Reactome_2022,Cellular Response To Chemical Stress R-HSA-9711123,0.9719509388069104,0.9824504088248862,0,0,0.2756750383209527,0.007842941132031947,HMOX1
Reactome_2022,Signaling By WNT R-HSA-195721,0.9773754617097827,0.9857014987844707,0,0,0.2596998332406893,0.005943074900116146,PFN1
Reactome_2022,PIP3 Activates AKT Signaling R-HSA-1257604,0.9796819476468557,0.9857014987844707,0,0,0.2523778642455685,0.0051806369430025785,PIP5K1C
Reactome_2022,Interferon Signaling R-HSA-913531,0.9796819476468557,0.9857014987844707,0,0,0.2523778642455685,0.0051806369430025785,FLNA
Reactome_2022,Cellular Response To Starvation R-HSA-9711097,0.9827097879476987,0.9857196188449352,0,0,0.24212710765239948,0.0042230438232187814,TCIRG1
Reactome_2022,Deubiquitination R-HSA-5688426,0.9827097879476987,0.9857196188449352,0,0,0.24212710765239948,0.0042230438232187814,HGS
Reactome_2022,Intracellular Signaling By Second Messengers R-HSA-9006925,0.9887614462529283,0.9902733139077492,0,0,0.2184145140874783,0.0024685609126621666,PIP5K1C
Reactome_2022,GPCR Ligand Binding R-HSA-500792,0.9959708065033689,0.9959708065033689,0,0,0.1770046540016785,0.0007146266540578066,VIPR1
