,chance|0,chance|1,chance|2,chance|3,chance|4,chance|5,chance|6,chance|7,chance|8,chance|9,chance|10,chance|11,chance|12,chance|13,chance|14,chance|15,chance|16,chance|17,chance|18,chance|19,clinical only|0,clinical only|1,clinical only|2,clinical only|3,clinical only|4,clinical only|5,clinical only|6,clinical only|7,clinical only|8,clinical only|9,clinical only|10,clinical only|11,clinical only|12,clinical only|13,clinical only|14,clinical only|15,clinical only|16,clinical only|17,clinical only|18,clinical only|19,eigengenes only|0,eigengenes only|1,eigengenes only|2,eigengenes only|3,eigengenes only|4,eigengenes only|5,eigengenes only|6,eigengenes only|7,eigengenes only|8,eigengenes only|9,eigengenes only|10,eigengenes only|11,eigengenes only|12,eigengenes only|13,eigengenes only|14,eigengenes only|15,eigengenes only|16,eigengenes only|17,eigengenes only|18,eigengenes only|19,eigengenes + clinical|0,eigengenes + clinical|1,eigengenes + clinical|2,eigengenes + clinical|3,eigengenes + clinical|4,eigengenes + clinical|5,eigengenes + clinical|6,eigengenes + clinical|7,eigengenes + clinical|8,eigengenes + clinical|9,eigengenes + clinical|10,eigengenes + clinical|11,eigengenes + clinical|12,eigengenes + clinical|13,eigengenes + clinical|14,eigengenes + clinical|15,eigengenes + clinical|16,eigengenes + clinical|17,eigengenes + clinical|18,eigengenes + clinical|19
GSM1123226,0.6111111111111112,0.6056338028169014,0.6056338028169014,0.6056338028169014,0.6056338028169014,0.6111111111111112,0.6056338028169014,0.6056338028169014,0.6056338028169014,0.6056338028169014,0.6056338028169014,0.6056338028169014,0.6056338028169014,0.6056338028169014,0.6056338028169014,0.6056338028169014,0.6111111111111112,0.6111111111111112,0.6056338028169014,0.6056338028169014,0.601278719264529,0.560662202334771,0.5268713326908451,0.5996940332665965,0.5454843447270746,0.5129256903567662,0.5356904305376121,0.6436505797274437,0.547261838747472,0.4312952932373851,0.5743498337091866,0.5771035995067617,0.5435711430672641,0.5662487234307432,0.421994461082703,0.5322357080441524,0.6023372736000214,0.6110548264822769,0.583351696920787,0.45279687696437304,0.59907098395406,0.5988885237602308,0.5953868511823215,0.5980151015139179,0.5902699816654394,0.5971223721657618,0.5970712979009927,0.5976362108772959,0.5992584889346184,0.5950067756161416,0.593307004456676,0.5845677281639946,0.600254901314418,0.5977394818601637,0.5956926235847811,0.5891947846622283,0.5585724504102118,0.6024511545456552,0.5954876736118371,0.598349947335185,0.599032588764687,0.5986807433519588,0.594708225693213,0.5463583885767562,0.589627473263952,0.5964292131921896,0.5964766523052398,0.5980178609760572,0.5986294462868731,0.594180797043325,0.5691929879574341,0.5977487768320412,0.6002547243631448,0.5973585705456719,0.5940600336534473,0.5887350936633936,0.6025547093286088,0.5880259766701867,0.5953440375946618,0.5971490873203406
GSM1123229,0.6056338028169014,0.6111111111111112,0.6111111111111112,0.6056338028169014,0.6056338028169014,0.6056338028169014,0.6056338028169014,0.6111111111111112,0.6056338028169014,0.6056338028169014,0.6056338028169014,0.6056338028169014,0.6056338028169014,0.6056338028169014,0.6056338028169014,0.6056338028169014,0.6056338028169014,0.6056338028169014,0.6111111111111112,0.6111111111111112,0.3658992759747209,0.5381022925121628,0.4540845847983315,0.5998388671746243,0.48934280367181976,0.6043435200537084,0.6036448312179545,0.49991860053477893,0.43485279734518945,0.5099484658348744,0.42569129237840797,0.4839008614499642,0.4162636349627907,0.5416522933153571,0.4552342563219202,0.6046378830609428,0.4203211803339979,0.39147012026133393,0.5693380624074941,0.3769333983933089,0.6018150413156366,0.6048468075659399,0.609552898570636,0.6000914296191374,0.6040923787334666,0.6006429980073568,0.04369631457922547,0.6036487769925886,0.6021586845934913,0.6008727878883859,0.15743874378432002,0.6057485616240849,0.6014940180183799,0.6028062002825134,0.592287204580093,0.6060839798783961,0.6051773736348959,0.5996295321845407,0.6012055140447136,0.6057974812539884,0.5854643319339936,0.603753104033487,0.602460129276688,0.5982543280340602,0.6025201971577973,0.5993501517180031,0.5933534939165515,0.6018862608205453,0.6002293912603534,0.599186339992706,0.1304549490621768,0.6038174834648847,0.5988450938835842,0.6019262424790611,0.5987346439234834,0.6051210733907565,0.583675971002763,0.5971601070523856,0.6060142045087353,0.6029894953075499
GSM1123232,0.6056338028169014,0.6111111111111112,0.6056338028169014,0.6056338028169014,0.6056338028169014,0.6056338028169014,0.6111111111111112,0.6056338028169014,0.6056338028169014,0.6056338028169014,0.6056338028169014,0.6056338028169014,0.6056338028169014,0.6111111111111112,0.6056338028169014,0.6111111111111112,0.6056338028169014,0.6056338028169014,0.6056338028169014,0.6056338028169014,0.6426685463139067,0.6253032813160282,0.6614561591759562,0.6201091977372498,0.6342670461636305,0.636085315732557,0.653789825755555,0.6252362670888834,0.6088401270131069,0.6111895066450682,0.604882270797384,0.6263537258233967,0.6272750452674367,0.650548690486496,0.6949707300357753,0.6142030268628677,0.5924659435012121,0.6870495292799929,0.6064003688581252,0.664213740496305,0.6295530691014756,0.6298078888036225,0.6273853208000749,0.6297834153436287,0.6252872712360422,0.6269910793328657,0.6342131399985219,0.910508494136789,0.6266911535279824,0.6291581543584014,0.6789932735277695,0.6177136538081848,0.6242559362491811,0.6270552784006266,0.659610225755945,0.6278646305422767,0.620542594175368,0.6323010588773034,0.6291092986191161,0.623331401296711,0.6303551135004379,0.630127964081006,0.6284767239853384,0.6300835683775665,0.6256158778467833,0.6280074799728087,0.6356419902320567,0.8212196616035715,0.6277321128424037,0.6298411290414136,0.6323146986396321,0.618121717516238,0.624458326633036,0.6280955140264166,0.628201079902178,0.6660548314855247,0.6203030668141473,0.6835836561367583,0.6290637614145953,0.6246313723644401
GSM1123235,0.6056338028169014,0.6111111111111112,0.6056338028169014,0.6056338028169014,0.6056338028169014,0.6056338028169014,0.6056338028169014,0.6056338028169014,0.6056338028169014,0.6056338028169014,0.6056338028169014,0.6056338028169014,0.6056338028169014,0.6056338028169014,0.6056338028169014,0.6056338028169014,0.6056338028169014,0.6056338028169014,0.6056338028169014,0.6056338028169014,0.4690574661875248,0.5176112674031236,0.49352859056425835,0.586165941008132,0.43703237891159696,0.4932215416839011,0.4569313802216297,0.38706216215609257,0.6016674238175966,0.3223309231822816,0.4124760719114074,0.48313534307717926,0.42074699657653225,0.5509128553912134,0.5702730353607329,0.6014914577734259,0.41841810853061623,0.5087116302931519,0.5254830952807291,0.4593448606551443,0.6203771557905854,0.628048435987419,0.6172904244197556,0.6180113886569158,0.6177127621746923,0.6255743748786297,0.6201208588704099,0.7841589431730052,0.6189794826374007,0.6189471731709608,0.898048842034247,0.6139735566635404,0.616919266052479,0.6237774233963173,0.6445212820043162,0.6244373568614668,0.7038736253316168,0.6166942035189968,0.6124720174754757,0.6181298471206571,0.6174471895985558,0.6262762713395756,0.6154088778057377,0.6690746757637135,0.6155182798776448,0.9999855240241885,0.6175820241150287,0.6195474938797499,0.6176920753251613,0.6151171091083678,0.7922040810982799,0.6123255900837639,0.6141198211746259,0.6210457441699562,0.6194782685240805,0.6203774483805963,0.6464103154365632,0.6556426202272735,0.6107625044984792,0.6156070979081488
GSM1123238,0.6111111111111112,0.6056338028169014,0.6056338028169014,0.6111111111111112,0.6056338028169014,0.6111111111111112,0.6056338028169014,0.6056338028169014,0.6056338028169014,0.6111111111111112,0.6056338028169014,0.6056338028169014,0.6056338028169014,0.6056338028169014,0.6056338028169014,0.6056338028169014,0.6056338028169014,0.6056338028169014,0.6056338028169014,0.6056338028169014,0.641738592773676,0.6628046538261536,0.6636515343094956,0.7018873098081994,0.6684445808103365,0.6613608105509861,0.60653240422698,0.6553117579722558,0.638260030856181,0.6740470219892872,0.6043054790724757,0.6669615846722071,0.6218458995746885,0.642176924846036,0.7056607652846014,0.627254300012511,0.7097551401866989,0.6842692274010886,0.6283457144220349,0.6689184386016109,0.6307024020092524,0.6179579890650526,0.7200542994919261,0.6300113791705829,0.6258543083669605,0.6302892026976668,0.6592889422785221,0.6234124937740712,0.6288801162663706,0.630665254557091,0.625061438705531,0.6563472042544043,0.6260959327526591,0.6275494854693504,0.6563861809876967,0.6542827767856485,0.9973574386458491,0.8286596168418771,0.6228751084969791,0.6237342978924195,0.6313479867934364,0.6189448635407742,0.6259579350241107,0.6328812282676542,0.626985056604426,0.6307715249268521,0.6260009319667205,0.6245255916501448,0.6297851795601301,0.6316636780505333,0.6593347034086908,0.6252814258773733,0.6261983910086638,0.6295046048155456,0.6271760866632319,0.9274770292630091,0.6699484344272987,0.8466487725646628,0.6231917546988025,0.6253897987931991
GSM1123241,0.6056338028169014,0.6056338028169014,0.6056338028169014,0.6056338028169014,0.6056338028169014,0.6056338028169014,0.6111111111111112,0.6056338028169014,0.6056338028169014,0.6056338028169014,0.6056338028169014,0.6056338028169014,0.6056338028169014,0.6056338028169014,0.6111111111111112,0.6111111111111112,0.6056338028169014,0.6056338028169014,0.6056338028169014,0.6056338028169014,0.7131836685840114,0.6983033635526961,0.6485630408968919,0.6782148636582864,0.6836198067289273,0.7121114832885767,0.6843258731628341,0.6397853915927199,0.6844425867852101,0.7772655217017264,0.6280969415409897,0.641479149773502,0.6622465874417997,0.6771499882365001,0.6195067143715728,0.6141695538967753,0.7099628020676058,0.7135811438968429,0.7183072259685926,0.73443181759471,0.623089517734062,0.6216374797996991,0.6251843973668614,0.6293631445736796,0.6197012834388295,0.6214486312877561,0.6331109292391816,0.7912563237684396,0.6260891843231474,0.6268358847077883,0.627785200774931,0.6265257296366548,0.624170400276923,0.620367443188644,0.6321826474819416,0.6278772068370675,0.6243373446649803,0.6288271800366748,0.6235727152088253,0.6236385002169258,0.6569353906881854,0.6230531445011848,0.6257961726233447,0.6301448975538001,0.621098434810321,0.32278715573642613,0.6351051578643798,0.7920280061486171,0.6274253585248919,0.6292119403107981,0.6657555490543842,0.6270165129123373,0.6258215999008511,0.6502068445714739,0.6330927250433932,0.665559139866456,0.7267934663730291,0.6738649925784371,0.6253890287028152,0.6258797231603597
GSM1123244,0.6056338028169014,0.6056338028169014,0.6056338028169014,0.6056338028169014,0.6111111111111112,0.6056338028169014,0.6056338028169014,0.6056338028169014,0.6056338028169014,0.6056338028169014,0.6056338028169014,0.6056338028169014,0.6056338028169014,0.6056338028169014,0.6056338028169014,0.6111111111111112,0.6056338028169014,0.6056338028169014,0.6056338028169014,0.6056338028169014,0.6356113415174892,0.7106124255757137,0.7171012833743587,0.7805051047524401,0.60718696334873,0.6061280829154618,0.6067344505034075,0.7022507278094207,0.7542504935626583,0.8200645212337572,0.7643795442653475,0.7578780863705574,0.6324209921772407,0.6480200168992348,0.6054549493491836,0.607272414182018,0.665964016512349,0.8401151588991227,0.6043593154459402,0.7215786649671792,0.6252779280057228,0.6304831915155217,0.634306325540485,0.6540129114270211,0.638362215175245,0.6239268310790402,0.5847880585841215,0.6269837067545845,0.6285752212464217,0.7592919878144537,0.6315003699992546,0.6286650698993296,0.6289497017775972,0.6239574548855847,0.6275016117735885,0.628304639580043,0.9999968194951636,0.6313990005876697,0.6324034066328112,0.6295121991107003,0.7215584280952222,0.6311427302055354,0.6353532419669293,0.625693773107842,0.6369927812143462,0.6243577512891113,0.6614026405688727,0.6282819364476185,0.6294862185901307,0.6335412473565997,0.6826129850884007,0.6312534500581969,0.6285460035335962,0.6234798762587056,0.6273913281542461,0.6479572339456005,0.6746779229332844,0.6341420677704925,0.6311222605508046,0.6301458327573293
GSM1123247,0.6056338028169014,0.6056338028169014,0.6056338028169014,0.6056338028169014,0.6056338028169014,0.6056338028169014,0.6111111111111112,0.6056338028169014,0.6056338028169014,0.6056338028169014,0.6111111111111112,0.6056338028169014,0.6056338028169014,0.6056338028169014,0.6056338028169014,0.6056338028169014,0.6056338028169014,0.6111111111111112,0.6056338028169014,0.6056338028169014,0.6955113473307469,0.6048596594166821,0.6054855295768288,0.6116342131132949,0.6596906829219678,0.5894614188173212,0.5948080072285119,0.5983434924682155,0.656338071320348,0.6038647623363184,0.5978058325842952,0.692854854764952,0.6371474482876163,0.655550942563578,0.6063284783723968,0.7152577018969299,0.6321221107615516,0.6118918062631228,0.5660970825503231,0.6022917217512574,0.619054959372371,0.6168169376127296,0.6165561801283129,0.6117256684443574,0.6122925965140023,0.6219250794320087,0.6242564160386312,0.8429344711064748,0.618331468184159,0.6221882482446959,0.6190369936104831,0.6188343334446353,0.6177574028446239,0.6159633419933639,0.6181665448381878,0.6135789778366053,0.6164660343236794,0.6226257577729027,0.6128441916899395,0.6159898364519334,0.6203350332545797,0.6159740347072329,0.6163510747263322,0.6498913042974339,0.6131436283006588,0.9999948033856257,0.6233524317638371,0.7349530771063001,0.6195569178035145,0.6204463266126122,0.6538606689983676,0.6196997389708878,0.618298149487136,0.6372395942952819,0.6183419431933378,0.615611775477494,0.6169115994199351,0.6445320790904119,0.6113716780387022,0.6660742706793386
GSM1123250,0.6056338028169014,0.6056338028169014,0.6056338028169014,0.6111111111111112,0.6056338028169014,0.6056338028169014,0.6111111111111112,0.6056338028169014,0.6056338028169014,0.6056338028169014,0.6056338028169014,0.6056338028169014,0.6056338028169014,0.6056338028169014,0.6111111111111112,0.6056338028169014,0.6056338028169014,0.6056338028169014,0.6056338028169014,0.6056338028169014,0.5321600011637191,0.6035313208060639,0.5557533493422322,0.5141563780032566,0.4383188989816985,0.4773161760306315,0.5250453571295081,0.4728489008994153,0.45075953939437846,0.4658540986411875,0.4176610207457852,0.5590975752181397,0.5185118802039531,0.5449313971906893,0.6026215491991491,0.5111616220171219,0.4462838684998988,0.47672476986408613,0.4167439546742081,0.4717294493422798,0.6160869883402365,0.6197895382755292,0.7019999409925773,0.6158339226783999,0.6120043271984419,0.6153113407406561,0.6184729489337114,0.7566346935994364,0.6138777014585518,0.7013112256033156,0.614717492897467,0.6112766733036391,0.6137855673310203,0.612564988024355,0.6187400689960275,0.6551839108020263,0.6097164716343824,0.7738039228161756,0.6154344931281144,0.6111676634046744,0.6332131424526898,0.6176591868187319,0.6180922000362747,0.6131827442719653,0.6098296322396393,0.9968776545854513,0.6163491194750138,0.6127192232465718,0.6116185600367962,0.6168794865313186,0.6121735456679982,0.6107776235537552,0.6115710544083436,0.6220974051996283,0.6177873219631216,0.938110687825419,0.6239999961934733,0.7512967090541659,0.6126184056758145,0.6090573879335871
GSM1123253,0.6056338028169014,0.6056338028169014,0.6056338028169014,0.6056338028169014,0.6111111111111112,0.6056338028169014,0.6056338028169014,0.6056338028169014,0.6056338028169014,0.6056338028169014,0.6056338028169014,0.6056338028169014,0.6056338028169014,0.6056338028169014,0.6111111111111112,0.6056338028169014,0.6056338028169014,0.6056338028169014,0.6056338028169014,0.6056338028169014,0.36215694969841916,0.44978368697274834,0.5558444947167174,0.5997038710629177,0.6095245839187275,0.525494850979727,0.4747566596793835,0.5329892648908229,0.5457492307064814,0.590050617656717,0.4667257165042188,0.4684917802793164,0.5972552325174699,0.5403436138166494,0.6011314263511681,0.33325222900643453,0.416002942016564,0.38643843742443146,0.5101841507753321,0.5868724213312929,0.5993141139944954,0.6004652072818545,0.5985251780138796,0.6021139709838491,0.605425451542957,0.5986492082583564,0.6024966775856764,0.6040144900100913,0.5992083022245352,0.6026936936799766,0.5983351991574803,0.5969301150700413,0.5938223322544972,0.6043542115610226,0.6026635567419196,0.5983422390010352,0.5965982621715722,0.600143416040369,0.60043933711814,0.5981542926417366,0.5784589890490053,0.5988653721403161,0.5978471482466421,0.6002363668177104,0.6049316968393587,0.9852168531660302,0.6007687497128348,0.602905572341838,0.5979981380899776,0.6009574535000319,0.5790898532486537,0.6009257867882523,0.6002887995154037,0.6034567498167491,0.6015737963579689,0.5951907020447496,0.5278133338351491,0.5976224242735878,0.5987073434292304,0.5349234983092211
GSM1123256,0.6056338028169014,0.6056338028169014,0.6056338028169014,0.6111111111111112,0.6056338028169014,0.6056338028169014,0.6056338028169014,0.6056338028169014,0.6056338028169014,0.6056338028169014,0.6056338028169014,0.6056338028169014,0.6056338028169014,0.6056338028169014,0.6056338028169014,0.6056338028169014,0.6056338028169014,0.6111111111111112,0.6056338028169014,0.6056338028169014,0.6214177637729722,0.6249998813312506,0.6063719420100705,0.6793476975505354,0.6025599167361048,0.6064372930485724,0.6056892143697725,0.648625692707663,0.6070085755201028,0.607193454233627,0.5702214029996726,0.6084113505857704,0.6173210545464538,0.6400840373979709,0.6844331214689365,0.6080565494276379,0.6535918050783491,0.6105674149510433,0.6066283744513417,0.6138632971320253,0.6262284832211563,0.6299342013311482,0.6255885603909751,0.6356455799734079,0.6324397494317973,0.6237487693854705,0.6632034256370609,0.8477029426470388,0.6326734087640171,0.6370588379520554,0.6260923307786018,0.6291954446577501,0.6759309988940476,0.62554085461615,0.6624283507148933,0.632763463087034,0.6255093586193556,0.631255977822697,0.6283961295672834,0.6313837296676773,0.6268343411519407,0.6305258035442087,0.6263101925324382,0.6379958633116618,0.6328268414627012,0.6245299340009135,0.6270991148218042,0.6353394867970996,0.6328013087705953,0.6385666945426068,0.6597259180518212,0.6293358459091662,0.6331745834416335,0.6267456397023273,0.629231542806122,0.6351104385875822,0.6270286152988611,0.6646588653399269,0.6293643023268923,0.758390494625794
GSM1123259,0.6056338028169014,0.6056338028169014,0.6056338028169014,0.6056338028169014,0.6056338028169014,0.6111111111111112,0.6056338028169014,0.6056338028169014,0.6056338028169014,0.6056338028169014,0.6056338028169014,0.6056338028169014,0.6056338028169014,0.6111111111111112,0.6056338028169014,0.6056338028169014,0.6056338028169014,0.6056338028169014,0.6056338028169014,0.6056338028169014,0.653042655282109,0.6068848960135463,0.6368187357545965,0.6111386421353862,0.6213518101780351,0.6157540495480172,0.6115829439468058,0.6423439750654993,0.6408236422885502,0.6034688436205363,0.5842439339184766,0.5824291469331595,0.6200678207235226,0.6463152197126014,0.5889735771909841,0.5752230851510887,0.589874959732638,0.6337317775737675,0.6509607009396313,0.5989780271714894,0.6170375395884583,0.6189619910681752,0.6927088843982849,0.6145270765441059,0.6150901230861754,0.6263122065579365,0.706455448908892,0.618146996205785,0.615890749318528,0.6922243122047098,0.619270498726001,0.6188004917673967,0.6189729227383435,0.6258753271532073,0.6492995994820276,0.6407349370272145,0.6187161948693451,0.6157472498609211,0.6145255594138425,0.6199491104429283,0.6901072018832454,0.6201192889051521,0.6209458334449157,0.6677310142402697,0.6155795786234978,0.6262124701095481,0.7117515593242077,0.6191371641287821,0.6163761919160741,0.6197944243156872,0.6427888102151896,0.6183211172799685,0.6190564107143185,0.6268415564380527,0.6215751510553718,0.8909439137617338,0.6183975453790962,0.6762523324934048,0.6157030554637472,0.6197206568519685
GSM1123262,0.6111111111111112,0.6056338028169014,0.6056338028169014,0.6111111111111112,0.6056338028169014,0.6056338028169014,0.6056338028169014,0.6056338028169014,0.6056338028169014,0.6056338028169014,0.6111111111111112,0.6056338028169014,0.6056338028169014,0.6056338028169014,0.6056338028169014,0.6056338028169014,0.6056338028169014,0.6056338028169014,0.6056338028169014,0.6056338028169014,0.6559078026167929,0.701637632496099,0.6510517573276527,0.7189202620247975,0.7457703773457283,0.6075813802309104,0.6070506628928592,0.640604221493449,0.767385486834818,0.618143369025726,0.6790173252241357,0.7026698771859401,0.6229979449190337,0.6859526250985529,0.6738129758028749,0.6092030099791903,0.6904876205961966,0.7150468413026358,0.6611746686371112,0.6785034984517194,0.627577214027205,0.6160866390779973,0.6194550559042171,0.6207638006848578,0.6152807293849242,0.6182396754249123,0.8260736286882219,0.6738109512837862,0.6129491363138154,0.6181785927690369,0.6203104098676503,0.616024380815692,0.6513473069532885,0.6249595198353541,0.6488390002067103,0.6202824460812635,0.6211812809397895,0.6205708743103834,0.617859963097491,0.6220221753467079,0.6283500469708693,0.6175574331227167,0.6201167038193728,0.6239964052609981,0.617114602595547,0.620159073601842,0.6487859570121989,0.73052439401259,0.6150212001878694,0.6196194030709472,0.6810307887396431,0.6173333447682068,0.6245866855199477,0.6267611779278962,0.6225073884129855,0.6237965227349542,0.6231475367944677,0.6530538318422436,0.6188129958547159,0.6227259049713706
GSM1123265,0.6056338028169014,0.6056338028169014,0.6056338028169014,0.6056338028169014,0.6056338028169014,0.6056338028169014,0.6056338028169014,0.6056338028169014,0.6056338028169014,0.6056338028169014,0.6056338028169014,0.6056338028169014,0.6056338028169014,0.6056338028169014,0.6056338028169014,0.6056338028169014,0.6111111111111112,0.6056338028169014,0.6056338028169014,0.6111111111111112,0.6978319068097254,0.7066060141259675,0.6072915268568957,0.6060119712064094,0.6766756650040938,0.6207699047185683,0.6047398193914983,0.6990141741890361,0.731354791415049,0.8129776090508788,0.6017076214501195,0.7288683337185764,0.6395276326992791,0.7136561575394721,0.674398047575231,0.7180813222166843,0.6238366478204316,0.7173044324056436,0.6142553239588115,0.7045427123656335,0.600883823330181,0.6024143765817497,0.5964149252649488,0.5978961197013762,0.598821593422687,0.5714259484291303,0.5854632468423908,0.5230554928358782,0.5993129395191097,0.5577359902754603,0.5827229437408042,0.6030788015181189,0.5989457265071125,0.5599168854258408,0.5954239042081425,0.5999212370667668,0.5239357508740248,0.5201119151103061,0.5977898844675368,0.6026148071784836,0.5938826471216485,0.6033429554104932,0.5980700134387872,0.5979864378690017,0.5993484320563909,0.5941300465803468,0.5976608294759164,0.6004757977820014,0.6005338281622309,0.6020602376774962,0.5972386969454311,0.6044801470826654,0.5982365484721078,0.5986859887352022,0.6036999802390114,0.6007002020091078,0.6037754331125083,0.5437744972862942,0.597469744214894,0.6029837236879356
GSM1123268,0.6056338028169014,0.6056338028169014,0.6056338028169014,0.6056338028169014,0.6056338028169014,0.6056338028169014,0.6056338028169014,0.6056338028169014,0.6056338028169014,0.6056338028169014,0.6056338028169014,0.6056338028169014,0.6056338028169014,0.6111111111111112,0.6056338028169014,0.6056338028169014,0.6056338028169014,0.6056338028169014,0.6056338028169014,0.6056338028169014,0.411339113183179,0.34033421646008416,0.464594564683969,0.5989458764179934,0.48000939924267005,0.47661650595039345,0.6041873001729645,0.5017169474312217,0.5985485578434564,0.3204106199125602,0.5944509255791959,0.3948728632411193,0.57843192873734,0.46491828812874847,0.46816829599361726,0.515965116200973,0.41286209630196885,0.37686832433180456,0.5088032003146905,0.4250225100796913,0.5970107503228123,0.5966703981628149,0.597236494343268,0.5974355763421155,0.5979204182619275,0.5970211484584353,0.5768094421183133,0.5959214735312173,0.6018450077115871,0.5993296098546568,0.5784719036209078,0.6034071207887197,0.5808071431796763,0.6035139697228199,0.584895437262661,0.5966647309497173,0.9779434213582324,0.5978672901482,0.5937653991392928,0.5986314425336825,0.5946010517737067,0.5933233028201335,0.5952837178035294,0.5952757682847372,0.5960981680616075,0.5943387207549387,0.5934833523904887,0.5946260121068613,0.5995626702216126,0.5962389850865811,0.5942886564211199,0.6009761475916737,0.5931873416647517,0.6014120502119722,0.5943333731131207,0.5960012076376386,0.5779827765022456,0.5749138462697571,0.5923136648818788,0.596920208774654
GSM1123271,0.6111111111111112,0.6111111111111112,0.6056338028169014,0.6056338028169014,0.6056338028169014,0.6056338028169014,0.6056338028169014,0.6056338028169014,0.6056338028169014,0.6056338028169014,0.6056338028169014,0.6111111111111112,0.6056338028169014,0.6056338028169014,0.6056338028169014,0.6056338028169014,0.6056338028169014,0.6056338028169014,0.6056338028169014,0.6056338028169014,0.553004344999526,0.585653650105195,0.5863471932655068,0.5741976431047723,0.5713365370865464,0.5608165904385284,0.6395435605381999,0.5916771529161565,0.4719920853924307,0.6059469259881557,0.4822360263003027,0.6665888640514906,0.599823469202756,0.5981745979211391,0.6019716030866991,0.5989161076760925,0.6091965839084278,0.6201569049522572,0.5461690913952066,0.5810526446869335,0.6406706070127611,0.6410479696690001,0.632257207208063,0.6340283603754971,0.6314296066108156,0.6342078017127721,0.7633493506172996,0.9529474213440412,0.6324820018085,0.6445652472888129,0.9783067322005802,0.6359984549709973,0.6890569432150776,0.6330172588253982,0.6293440810441709,0.635561815943006,0.9999676064527383,0.8879087439656534,0.6371405553804802,0.6322027030007176,0.6399588492494434,0.6405370886345286,0.6319230829066378,0.6335419032190915,0.6309400249950692,0.9999821246533778,0.7646038096634451,0.8551860889601518,0.6309440949723724,0.6449005677058665,0.9821170211433278,0.6364809898860955,0.6363039507346501,0.6327027914067597,0.6281871387700164,0.6352668056776636,0.6677074850167956,0.8920367480478899,0.6360844449796276,0.6316242846049052
GSM1123274,0.6056338028169014,0.6056338028169014,0.6056338028169014,0.6056338028169014,0.6111111111111112,0.6056338028169014,0.6056338028169014,0.6056338028169014,0.6111111111111112,0.6056338028169014,0.6056338028169014,0.6056338028169014,0.6056338028169014,0.6056338028169014,0.6056338028169014,0.6056338028169014,0.6056338028169014,0.6056338028169014,0.6056338028169014,0.6056338028169014,0.5885663330287115,0.6043356963905444,0.5742060340227919,0.6029466668047034,0.6047548726250976,0.598717773487518,0.46990203054100393,0.5702250870548257,0.6100696912073637,0.3611720165810334,0.5933553619454953,0.5186106124876985,0.6708691600343207,0.6167708141798122,0.5423238662682123,0.5061736154799295,0.6265705403998966,0.47806754243309235,0.4856143303364468,0.5102512995916212,0.5990239315355911,0.5991150098437242,0.6020433513473544,0.5996960803177753,0.6059284762026339,0.5806689010139419,0.5733233230832477,0.6000747289400902,0.6049309132751819,0.5982709724642843,0.5874327677290166,0.6025861400515107,0.5981142596184283,0.5973812628151294,0.5990908301416334,0.6005294517577334,0.601109826982653,0.5612035097536072,0.5994259954997988,0.5986199049268628,0.5989876769578671,0.5977395402510824,0.6015265223920859,0.5987915640115165,0.6038395166196463,0.5965705189294874,0.5637214671352871,0.5985578553344211,0.6038766131495851,0.5959170266336445,0.5980133291317657,0.601860533027233,0.5991393174662354,0.5974698353821213,0.5988948569432571,0.5993833944735504,0.6016871100088959,0.5227392426749569,0.598118824724702,0.5974352898104265
GSM1123277,0.6056338028169014,0.6056338028169014,0.6056338028169014,0.6056338028169014,0.6056338028169014,0.6056338028169014,0.6056338028169014,0.6056338028169014,0.6111111111111112,0.6056338028169014,0.6111111111111112,0.6056338028169014,0.6056338028169014,0.6056338028169014,0.6056338028169014,0.6056338028169014,0.6056338028169014,0.6056338028169014,0.6111111111111112,0.6111111111111112,0.4268280382161751,0.5346580036710932,0.6048022325923843,0.5894533028888387,0.5836706207800616,0.5807226567427289,0.6040336737957333,0.5913838644822147,0.610358250292602,0.5942604015915218,0.5907835784833217,0.5270556538904594,0.48221827731626793,0.541214328555814,0.6019104447341358,0.39516038755017807,0.5385564155042848,0.6057302913923905,0.5828449368868314,0.4277731836074864,0.6181197685051012,0.616892285374072,0.6179308770241402,0.6291183191543793,0.6151135269311172,0.628692699793324,0.5936733589171864,0.8434585158880648,0.6233394843358464,0.6144709257909238,0.6200197249419044,0.6196206881994533,0.6140903173172683,0.6157218402675311,0.6166863668462614,0.6167766606777422,0.6161124053971837,0.6139649643806204,0.6391175585099421,0.6236166894592649,0.6338176519417532,0.6158160887242043,0.617143740949966,0.6136073114936584,0.6142021346195728,0.6130437800232418,0.6250268112492429,0.7470124341468452,0.6226385071565159,0.61321481759168,0.6661290774158676,0.6183244589305317,0.6122656038010198,0.6293272049589371,0.6155531133105003,0.6144297587718993,0.6153560651808051,0.6589283563518203,0.620035872403853,0.6214920276752058
GSM1123280,0.6111111111111112,0.6056338028169014,0.6056338028169014,0.6056338028169014,0.6056338028169014,0.6056338028169014,0.6056338028169014,0.6056338028169014,0.6056338028169014,0.6056338028169014,0.6056338028169014,0.6056338028169014,0.6056338028169014,0.6056338028169014,0.6056338028169014,0.6056338028169014,0.6056338028169014,0.6056338028169014,0.6111111111111112,0.6056338028169014,0.6215843743455169,0.6208151846687177,0.5812991584249563,0.6078098626908295,0.5961800608228225,0.6181312082247358,0.574546395293783,0.618201520373472,0.6012520742490033,0.5775556295561661,0.6009701290490563,0.5893588879357633,0.5755014502958395,0.600506980742687,0.5395178826503534,0.5296964737927473,0.5741218880748924,0.5534190405827861,0.6298455941198855,0.6276169266047873,0.6276998821007227,0.6260065572152997,0.6232725849703997,0.6187089320099243,0.6233919537640785,0.6242360486443147,0.7244828225447852,0.8365629177308802,0.6237452255518527,0.7364972496059798,0.6644355206753558,0.624782580571778,0.621055673498177,0.6220541479052193,0.6258075105822387,0.6619686578009646,0.6208623396543541,0.6241981720825749,0.6527114777116322,0.6190870141374912,0.6281720841072166,0.6265876951781014,0.6231101734673737,0.6944833125667813,0.6237442172092116,0.6249436291499697,0.727890625591134,0.8059237456053692,0.6241764878309876,0.6258458083255075,0.6260906512470135,0.6247964989291138,0.6205994542459852,0.651862592735824,0.6248356650114514,0.8763993555730369,0.6202285764997227,0.6236242108742909,0.6275571611535737,0.619982300854855
GSM1123283,0.6056338028169014,0.6111111111111112,0.6111111111111112,0.6056338028169014,0.6111111111111112,0.6056338028169014,0.6056338028169014,0.6056338028169014,0.6056338028169014,0.6056338028169014,0.6056338028169014,0.6056338028169014,0.6056338028169014,0.6056338028169014,0.6056338028169014,0.6056338028169014,0.6056338028169014,0.6056338028169014,0.6056338028169014,0.6056338028169014,0.5795678780959271,0.5789017171967802,0.46839650281361156,0.6051337710547462,0.6070303712812372,0.5017723454891168,0.6037096923722753,0.5738882540998708,0.5950114041376315,0.5975621717926171,0.6085281540219942,0.5844783195929334,0.5285919783147153,0.5696518353407075,0.6012560964603637,0.603242657368288,0.4988283632260554,0.5840415808888548,0.5495447441288956,0.5089441328439676,0.6033028157608885,0.6072353716888504,0.6073929990808307,0.6001892447340306,0.6081714867137593,0.6077675770697323,0.9999961026630001,0.8329640672496001,0.6017837385579401,0.600046839436593,0.5968589803500619,0.6048414201575939,0.6073597039931252,0.6055319181148751,0.6064579063458866,0.6064162607446237,0.6060424384516074,0.6048482741017589,0.5992410135209191,0.6066890884525691,0.599501326609388,0.6069250065043746,0.5955083725047146,0.6000358184505654,0.6067481194493477,0.9999999883450766,0.5947509152313333,0.6315299708345443,0.6014959444386164,0.5990792420055704,0.6027917879115606,0.604741295799741,0.6052753072720288,0.6035234694020969,0.604993350173237,0.6040019507492397,0.6042892254384162,0.6028232706041878,0.5986211300695702,0.6049386741655092
GSM1123286,0.6056338028169014,0.6056338028169014,0.6056338028169014,0.6056338028169014,0.6056338028169014,0.6056338028169014,0.6056338028169014,0.6111111111111112,0.6111111111111112,0.6111111111111112,0.6056338028169014,0.6111111111111112,0.6056338028169014,0.6056338028169014,0.6056338028169014,0.6111111111111112,0.6111111111111112,0.6056338028169014,0.6056338028169014,0.6056338028169014,0.4374310424636928,0.4524468588872278,0.6026749497511149,0.4307482029889726,0.4933388002525317,0.495463083519343,0.4229109176144767,0.4674288305702304,0.6092421418823463,0.44884869013102624,0.4911618347017781,0.43660085198622156,0.5803226911926475,0.5357448801002103,0.45515498140036054,0.6080956270678219,0.5745561795225304,0.39091296964712846,0.36089631855152826,0.5790101001195245,0.6047943047361284,0.6076423469130297,0.60457791346919,0.6047538291173734,0.6054428860317386,0.6064611906770028,0.6040852369451273,0.608656187723737,0.6097200520944498,0.6077578295431967,0.605799718347269,0.6133515891325494,0.6094753716159967,0.6092854765581459,0.5996184188887467,0.6130207723543931,0.6179734621499482,0.6114621210166671,0.6047652670064877,0.6061789909603372,0.6026180921341086,0.6054920160150639,0.6015906570400215,0.6028128522460612,0.6037486942929096,0.6041309944379373,0.6015721302342334,0.6065010105269768,0.6078322484884298,0.6057112589954908,0.6000960692126935,0.6103042102873975,0.6042649735712519,0.6059935591145971,0.6020045729263805,0.6069668051961419,0.6119049947726217,0.6114807212521591,0.601373651480881,0.5718499547474499
GSM1123289,0.6056338028169014,0.6111111111111112,0.6111111111111112,0.6056338028169014,0.6056338028169014,0.6056338028169014,0.6111111111111112,0.6056338028169014,0.6056338028169014,0.6056338028169014,0.6056338028169014,0.6056338028169014,0.6056338028169014,0.6056338028169014,0.6056338028169014,0.6056338028169014,0.6111111111111112,0.6056338028169014,0.6056338028169014,0.6056338028169014,0.7805693811608546,0.7215043030872703,0.8197496572397004,0.6087835163905954,0.7210683460977044,0.7093522583056358,0.7001380780015147,0.7870926017612065,0.8103566361625807,0.8417821136289984,0.608024366772678,0.7483901613808518,0.7119870012836292,0.761883951393485,0.6112432760965244,0.6083347630389786,0.634711222079868,0.8004790927482934,0.6060879399766015,0.7406487919152059,0.6163108760429549,0.6198549879829175,0.6226810936418078,0.61552131218265,0.6207856815084876,0.6142058443848322,0.6205755141027728,0.61712086130315,0.6146624146233062,0.6630603613495688,0.6359158224064744,0.6387712344608217,0.6167285225091769,0.6645117013886375,0.6181975793228257,0.6151707109467913,0.7220393658990241,0.618055901817399,0.6203034434714898,0.6157944631574981,0.6187886470333082,0.6208256527133132,0.6521483391608374,0.6165310252747083,0.6225755348060407,0.6163122512846577,0.622409853421345,0.6204741787251864,0.6175611882758301,0.6173624611380473,0.6165582518686958,0.6189915751265777,0.619140590516656,0.6160074455176502,0.6200207296595485,0.6178198936273979,0.6226950674784362,0.6493432397349531,0.6207579761247902,0.617098054506857
GSM1123292,0.6056338028169014,0.6056338028169014,0.6056338028169014,0.6056338028169014,0.6056338028169014,0.6111111111111112,0.6056338028169014,0.6056338028169014,0.6056338028169014,0.6056338028169014,0.6056338028169014,0.6056338028169014,0.6056338028169014,0.6056338028169014,0.6056338028169014,0.6056338028169014,0.6056338028169014,0.6056338028169014,0.6111111111111112,0.6056338028169014,0.5664043360122153,0.4821492671374232,0.604643000800335,0.597004678135254,0.5169050160095017,0.5300648742170396,0.6049074236121027,0.4730280646199317,0.4608833032898275,0.5264736612272567,0.6013432130982588,0.5088464794406964,0.5001088288765538,0.4930637578932469,0.6013992115676691,0.5894778302406853,0.4704512479125321,0.4990322106544391,0.5791467729091972,0.5813737167233319,0.6123099379815102,0.6121978462778742,0.617893438954646,0.6132906011059497,0.6159496194728211,0.6226394031809382,0.6353097201883166,0.6165595768741118,0.6137350866853722,0.6781645985412439,0.6380100377163869,0.611783489871751,0.6186306602663002,0.6638180734881267,0.6175278013629498,0.6197560433192627,0.61005416874216,0.6167517552491164,0.6327062695329781,0.6186105037884061,0.6477111819422146,0.6109708518755133,0.6169471776139507,0.6567898280035118,0.6147830136697815,0.6212141903884822,0.6151740900252561,0.6149303489706068,0.6120701984218442,0.6143046299311253,0.6161740053339353,0.6102422518700905,0.6168691640213251,0.6122871227142166,0.6162171299298066,0.6193654170385262,0.6282220303699865,0.634345820609567,0.6173800053100058,0.6180132411030019
GSM1123295,0.6056338028169014,0.6056338028169014,0.6056338028169014,0.6056338028169014,0.6056338028169014,0.6056338028169014,0.6111111111111112,0.6056338028169014,0.6111111111111112,0.6111111111111112,0.6056338028169014,0.6111111111111112,0.6111111111111112,0.6056338028169014,0.6056338028169014,0.6111111111111112,0.6056338028169014,0.6056338028169014,0.6056338028169014,0.6056338028169014,0.6810506217518363,0.7460855100144755,0.6064211515693785,0.611245435561583,0.7886977633233092,0.6065763165266739,0.6520992974221512,0.619790014622236,0.6112665786612146,0.750346404474818,0.6077955830667028,0.5631224574308084,0.5687789384895868,0.6115736512610997,0.6082596414665348,0.6104905046786234,0.7846159392675249,0.7635527012418281,0.692792075846942,0.6610087119288038,0.628825834987006,0.6190261153018134,0.6247412957059367,0.6203832233797995,0.6312146220378536,0.62499908200254,0.6340791405800533,0.9161115675180377,0.6284036098333917,0.6291346092484462,0.6622576027061986,0.6335665638241776,0.6317769213791128,0.6302451334715755,0.6275872210258585,0.629407969301604,0.6257778306946427,0.6256931208504775,0.6354846137225982,0.6241661593237136,0.6295966891943455,0.6202905178202921,0.6254437205881083,0.6999589704308675,0.6332731858882554,0.6258943194694364,0.6344727947867709,0.8327564850655447,0.6285112022118898,0.6306097510391402,0.626771860537008,0.6326623316194553,0.6311034825550383,0.6303108635961683,0.6283543705813217,0.6601810676242778,0.734051906302626,0.6270779308527378,0.6365855838840456,0.6250195703215564
GSM1123298,0.6056338028169014,0.6056338028169014,0.6056338028169014,0.6056338028169014,0.6111111111111112,0.6056338028169014,0.6056338028169014,0.6056338028169014,0.6056338028169014,0.6056338028169014,0.6056338028169014,0.6056338028169014,0.6111111111111112,0.6056338028169014,0.6056338028169014,0.6056338028169014,0.6056338028169014,0.6056338028169014,0.6056338028169014,0.6056338028169014,0.7383722048251282,0.7815095707127427,0.7689591156444914,0.6149322420351899,0.6212454873630361,0.7249785379537667,0.8079859473185386,0.8680237844662699,0.8821981969295651,0.8896639452759447,0.8438572858215253,0.8496615687342625,0.7936968221593493,0.6716058005728891,0.7571119909047559,0.6103808762045492,0.8249060774865041,0.8188451622862908,0.8527932212192487,0.8233046160694346,0.610617713878119,0.6104548348055857,0.6432101043894939,0.6063317729804693,0.6151313046413437,0.6113759563086631,0.6576475580581278,0.6936071479064628,0.6087821774505876,0.6100202734836114,0.9554137758722896,0.6111637155202173,0.6145620672217493,0.6104876843898526,0.6174687815146512,0.6100343264100715,0.9999962216756254,0.6295942070369175,0.6092903516330795,0.612452651580644,0.668674325424968,0.6130295669247141,0.6146865571488204,0.609366655933702,0.6184244559855983,0.6142106554270659,0.6756014257950301,0.6156806177495464,0.6128783207372152,0.6145210807878193,0.9834397813757911,0.6150272939267732,0.6178966096375398,0.6135178506515462,0.6138364980735846,0.6146794019068333,0.6270403893814732,0.6817088911640016,0.6130135305099246,0.616169555734016
GSM1123301,0.6056338028169014,0.6056338028169014,0.6111111111111112,0.6056338028169014,0.6056338028169014,0.6056338028169014,0.6056338028169014,0.6056338028169014,0.6056338028169014,0.6056338028169014,0.6111111111111112,0.6056338028169014,0.6056338028169014,0.6056338028169014,0.6111111111111112,0.6056338028169014,0.6056338028169014,0.6056338028169014,0.6056338028169014,0.6056338028169014,0.6215244861964266,0.6593959008592948,0.6534751311558554,0.6297590280226408,0.6708550001255654,0.633741892857379,0.6075331276452391,0.6453393613638696,0.6301794773600675,0.6049802415276567,0.624052135269296,0.7002260438338852,0.6070499920903722,0.6021286984361183,0.6171416314049887,0.7683255525944602,0.6203802496341105,0.6374199777720813,0.5809514515511645,0.6185637637966549,0.6089930909737734,0.6105525542396326,0.6178531493118338,0.6214599627600913,0.607667790786875,0.6190662036432739,0.6177410806474264,0.6593634192176693,0.6046139197018014,0.6055819546608535,0.6129492380257641,0.6139009655279428,0.6113198912846003,0.6128519916987463,0.6143368162753124,0.6101998063547232,0.6096171777919681,0.6092341861416091,0.6111833184187778,0.6108324064052347,0.632951486275446,0.6113635401430927,0.6322746318839302,0.6116864916387922,0.6089972481404702,0.6115623116983117,0.6114951814747862,0.6091937678701203,0.6055506401206373,0.6049092503117365,0.6285721906685847,0.6154321805303984,0.6113860555360902,0.6126108231407691,0.6149967907612925,0.6123086596808781,0.6100441955570528,0.6402437801226528,0.610897836120988,0.6561935533817891
GSM1123304,0.6056338028169014,0.6111111111111112,0.6056338028169014,0.6056338028169014,0.6056338028169014,0.6111111111111112,0.6056338028169014,0.6056338028169014,0.6056338028169014,0.6111111111111112,0.6056338028169014,0.6056338028169014,0.6056338028169014,0.6056338028169014,0.6056338028169014,0.6056338028169014,0.6056338028169014,0.6056338028169014,0.6056338028169014,0.6056338028169014,0.6808390365787396,0.6719161795020678,0.6760653982884924,0.6581280025816518,0.644602994473007,0.6821015724209668,0.7002749216802442,0.6614009781566871,0.6095372251983068,0.6926154723590684,0.610145159101525,0.6222479628841308,0.6214001095281231,0.6453935302986727,0.6437552853749857,0.6510811796038602,0.6802990708863945,0.6626524929975878,0.6066865812650367,0.6503232951099507,0.6031657803609514,0.611012903940083,0.5610074496345693,0.6013339106213964,0.5981300633554293,0.6062529326560279,0.6001980326237548,0.5977746251794909,0.5975203125691301,0.6038130531458462,0.5936301840062372,0.6049157453944909,0.6001947217454509,0.6049581127313587,0.5889197745995607,0.5913374849020852,0.5993484704048332,0.6038901182108712,0.599198200148141,0.5999390197458387,0.6014652483178748,0.6119611236016853,0.6024903052379355,0.6019757777044396,0.5989083653482351,0.6070595980966264,0.6018268554440925,0.5989735009885576,0.5988240405820405,0.6051087289604246,0.6023659229023367,0.6050963750319855,0.6056386229304186,0.6070597170267459,0.6002640347125889,0.42451148904492264,0.6012492806099008,0.6067947120116577,0.6002271316216891,0.6002894796798987
GSM1123307,0.6056338028169014,0.6056338028169014,0.6056338028169014,0.6056338028169014,0.6056338028169014,0.6056338028169014,0.6056338028169014,0.6056338028169014,0.6056338028169014,0.6111111111111112,0.6056338028169014,0.6056338028169014,0.6056338028169014,0.6111111111111112,0.6111111111111112,0.6056338028169014,0.6056338028169014,0.6056338028169014,0.6111111111111112,0.6056338028169014,0.6761918609116268,0.6733658281920432,0.6073404705663641,0.6546951891769172,0.6814789991124938,0.6930639581000053,0.6067411546793628,0.6598286733217213,0.7183383583182719,0.687861978448321,0.7205005783704256,0.6189777326452462,0.6310319049913986,0.686060540671921,0.6170838709676862,0.6088329638944806,0.6146057891625066,0.7027572288556306,0.6527778814542949,0.6217191126818699,0.5850725079924093,0.5924527721379342,0.589739996559395,0.5774630725735009,0.5912315087655239,0.5861213630187134,0.9920210783988612,0.590242503554485,0.5909154479393333,0.5915040352358185,0.5932761238688598,0.589214317179188,0.5859482420945726,0.5921727347065928,0.5905817164098629,0.5873649083778374,0.5882997056366718,0.5922606150825501,0.5701598274213148,0.5885808693480359,0.5866858862234751,0.5935876123421944,0.5914566769429818,0.5780931299546243,0.5925490709454425,0.9966688593648806,0.5735907513530913,0.591402340179002,0.5923313582798371,0.5927623043855917,0.5952247948640391,0.5893671804584243,0.586294224803232,0.5937097333624307,0.5913050726146016,0.5905542192574457,0.5885917192439553,0.5751224247722406,0.5985788063845902,0.5166707766740736
GSM1123310,0.6056338028169014,0.6056338028169014,0.6056338028169014,0.6111111111111112,0.6056338028169014,0.6056338028169014,0.6056338028169014,0.6056338028169014,0.6056338028169014,0.6056338028169014,0.6056338028169014,0.6056338028169014,0.6056338028169014,0.6056338028169014,0.6056338028169014,0.6056338028169014,0.6056338028169014,0.6056338028169014,0.6111111111111112,0.6056338028169014,0.5327014569379421,0.5505193490396749,0.5996281167741226,0.542451255447774,0.5146874131504907,0.5627387423223649,0.6039963006895706,0.5668514952834292,0.6008925249233646,0.6001347689727413,0.5767492049985458,0.5745013482410983,0.5384298124970364,0.5611639372650471,0.534039331108172,0.6082491156499135,0.5502602840230627,0.44259588301804503,0.5798637839517438,0.5927647094176263,0.6392437992921267,0.641833775728324,0.6368002854476238,0.6451373153378345,0.6456698310664529,0.6366900808241341,0.0022686120084209676,0.9100604652724162,0.6266484227106186,0.631505772354053,0.7716990918963161,0.6399765741297709,0.63169511019336,0.6373603970565365,0.6853978250771097,0.6459800663884688,0.6358055163444712,0.6402722511228937,0.661313209363603,0.6464618486915493,0.7655283254449246,0.6408922195621517,0.6367472226244182,0.6429506275571623,0.6443017012483988,0.6355757139287749,0.6689060803467617,0.6478017228893246,0.6250755591332778,0.6312061324380189,0.8003750937402222,0.6393307464541157,0.6298175563702336,0.6349759510365656,0.6329844838532415,0.5047203385072496,0.7613992064697036,0.6881384069115917,0.6284681901708088,0.8140332337512852
GSM1123313,0.6056338028169014,0.6056338028169014,0.6056338028169014,0.6056338028169014,0.6056338028169014,0.6056338028169014,0.6056338028169014,0.6056338028169014,0.6056338028169014,0.6111111111111112,0.6056338028169014,0.6056338028169014,0.6056338028169014,0.6056338028169014,0.6056338028169014,0.6056338028169014,0.6056338028169014,0.6111111111111112,0.6056338028169014,0.6111111111111112,0.5838357585841545,0.6525603020044985,0.6588811091944791,0.705141731523589,0.6472912167020206,0.6050195204611108,0.692258110910356,0.6076304486115207,0.6844262409599864,0.6651561476954655,0.7178590136605317,0.6706790673050619,0.6021263279226879,0.7274575691672104,0.7122578378219897,0.7458836141277313,0.6797868040312187,0.6121121750135632,0.6600567473468724,0.7032681102832284,0.5838317893799531,0.5949119734672949,0.5894251524868397,0.5545977671624893,0.5922810201566738,0.58781532586543,0.4658730274020721,0.5857781966306832,0.5885806565785348,0.5952455465305567,0.5917846521545927,0.5877888059329133,0.5897548945526535,0.47502284237170167,0.5510440132543631,0.5860868764790571,0.5910707199172313,0.5943163478589018,0.590945755707971,0.5854888541459596,0.45766230645941797,0.5947497590660976,0.5897418452445939,0.5882394937632005,0.592163732868736,0.5871627474745491,0.46715868749782063,0.5854692131130143,0.5886301646917552,0.5953854134601266,0.5740304145701345,0.588064342648391,0.588724664973418,0.5853094672668759,0.587008453288195,0.5884511635633766,0.5927072596095756,0.567777275012073,0.5905167479332734,0.5862688179523943
GSM1123316,0.6056338028169014,0.6111111111111112,0.6056338028169014,0.6111111111111112,0.6056338028169014,0.6056338028169014,0.6111111111111112,0.6111111111111112,0.6111111111111112,0.6111111111111112,0.6056338028169014,0.6056338028169014,0.6056338028169014,0.6056338028169014,0.6056338028169014,0.6056338028169014,0.6056338028169014,0.6056338028169014,0.6111111111111112,0.6111111111111112,0.7919820389039464,0.6611570079784113,0.6674615478754897,0.6811127870695908,0.696043571217821,0.6343395196364402,0.6448057287037084,0.6669334958181847,0.6124025063022958,0.744334056661798,0.7620833608263797,0.6376907777014511,0.664843929178248,0.6806875639357357,0.6852195054616892,0.7708418206282537,0.6818842154171011,0.7592458620622669,0.6401271775363331,0.7790251830617985,0.6053760236574128,0.6163458066673584,0.6236089899717594,0.6129570060212041,0.6068436373511003,0.599904013093899,0.6115839115269034,0.6124176973835552,0.6113241754078051,0.6109642732691385,0.8169570565314128,0.6116526079681613,0.6044778382372368,0.6055973303966125,0.613773889698245,0.6009478945513571,0.6082223425165618,0.6049275066987685,0.6139267343971703,0.6118310542514962,0.6133705257230669,0.6174241177610623,0.6100194760697503,0.6146078193286394,0.6080778723557704,0.6049003421516297,0.6123595007889133,0.6134011809889428,0.612577423258514,0.6130170179304228,0.9175969346124409,0.6123943721681526,0.6054666438986983,0.6114276080137798,0.6100311340944405,0.6031076909493652,0.6092814331575495,0.6071956671896743,0.6134896688758167,0.6144526652247594
GSM1123319,0.6111111111111112,0.6056338028169014,0.6056338028169014,0.6056338028169014,0.6056338028169014,0.6056338028169014,0.6056338028169014,0.6056338028169014,0.6056338028169014,0.6056338028169014,0.6111111111111112,0.6056338028169014,0.6056338028169014,0.6056338028169014,0.6056338028169014,0.6056338028169014,0.6056338028169014,0.6056338028169014,0.6056338028169014,0.6111111111111112,0.5706934206717258,0.546481935441942,0.5752251868833125,0.6045518249990124,0.5918250999496086,0.6005175177750128,0.6045345939265295,0.6947322592839453,0.7195038460952495,0.5859329705826858,0.6138954464486042,0.6252587993118625,0.5936491650726855,0.5671997558325906,0.6383279299776664,0.6766083149297948,0.6616961952812497,0.6375285259344438,0.5868832883161728,0.4954522132040587,0.6095925208660652,0.6050320788426529,0.6008328796477315,0.6055228642023847,0.6022769142047129,0.5977915523890495,5.459937677111575e-05,0.5882777814580152,0.6028340671674276,0.5673365362817606,0.6059472856750985,0.6029924211036991,0.6010467046402571,0.5813776018125427,0.6010981423660928,0.5981551862169956,0.009400181454192864,0.6008364479526225,0.6026721974272106,0.6045741656413017,0.6090158221102505,0.604482971169569,0.600478747893489,0.6005326396748197,0.6019511799388256,0.0001428322591830645,0.5880778510725848,0.6055332468222757,0.6035532516788118,0.60064403187569,0.569632894567709,0.6028212822125102,0.600734221027673,0.601359197267995,0.6010507161769815,0.4460798452644585,0.5931283910063452,0.5692348231459938,0.6022717457724448,0.6033022918089346
GSM1123322,0.6056338028169014,0.6056338028169014,0.6056338028169014,0.6056338028169014,0.6056338028169014,0.6056338028169014,0.6056338028169014,0.6056338028169014,0.6056338028169014,0.6111111111111112,0.6056338028169014,0.6111111111111112,0.6056338028169014,0.6056338028169014,0.6056338028169014,0.6056338028169014,0.6056338028169014,0.6056338028169014,0.6056338028169014,0.6056338028169014,0.696332237178774,0.6111703918407593,0.605059756289248,0.6520416310255489,0.6341837150078056,0.6126632449878514,0.6071753209342833,0.5101911927237031,0.5501841780123186,0.6681910020457617,0.584485326814345,0.54995581675718,0.5900501894706293,0.5648091004637187,0.628076252264658,0.6041721613012488,0.6160586279501417,0.4658688415599691,0.534682261461743,0.6059415830528985,0.6187439805268354,0.618001153131954,0.6141943791509051,0.6279657634139284,0.6126140295461681,0.6204791671084329,0.6339022085727416,0.6110134045730187,0.621041480290036,0.6156199333641416,0.6138415537197065,0.6228707764222439,0.6534101557185571,0.6098293156743186,0.6189731314908263,0.6235527248787457,0.6206094062941883,0.6178789728435916,0.6081813724409727,0.620194032966552,0.6448561718908352,0.6174777520667529,0.6135549924255029,0.6141773013374576,0.6130686567403953,0.6122351682391006,0.6176865951331221,0.6088445386941543,0.6197949256797102,0.6163619158842548,0.6127683800037759,0.6206316603324022,0.6215108837167541,0.6084593771121758,0.6194478587011272,0.6220918854332709,0.6206473646634555,0.629235789632626,0.6064041698670289,0.6195936705758431
GSM1123325,0.6111111111111112,0.6056338028169014,0.6056338028169014,0.6056338028169014,0.6056338028169014,0.6056338028169014,0.6056338028169014,0.6111111111111112,0.6056338028169014,0.6056338028169014,0.6111111111111112,0.6056338028169014,0.6111111111111112,0.6056338028169014,0.6056338028169014,0.6056338028169014,0.6111111111111112,0.6056338028169014,0.6056338028169014,0.6056338028169014,0.6492078628183894,0.6858196528800738,0.6944371714827537,0.6084860691119093,0.7159839250007768,0.6635764887706518,0.7075349575839246,0.6669676907240257,0.7363477552455908,0.6074253614730207,0.6705303747163031,0.7199525052461844,0.6997248512328335,0.6442711417787308,0.7141575457611299,0.608963582688302,0.6396475867039363,0.708684084149075,0.606692509567513,0.7179159915841044,0.605506447226908,0.6030127198280892,0.6020915040792462,0.6028844827142151,0.6047129819762229,0.6035454328860188,0.6026464025905112,0.6094128292102273,0.6022655184601792,0.5975432642609234,0.6095009685142713,0.6029776518684079,0.6089240591174393,0.5693479343154989,0.6013783332813808,0.6006274072170272,0.5385353405465939,0.5673484179723495,0.6013446503970381,0.6024470080741001,0.6062422088683052,0.6044941310404173,0.6036558088147437,0.603859808029487,0.6061310205032318,0.6051338565040582,0.6043645084457119,0.6103515156786258,0.6038965094027278,0.5993555628664868,0.6249243511025865,0.6046447591476476,0.6106462222905649,0.5999613934808243,0.607179148713439,0.6039984201733578,0.6068595106388068,0.6052479559285124,0.6023824171225709,0.6045140459922763
GSM1123328,0.6056338028169014,0.6111111111111112,0.6056338028169014,0.6056338028169014,0.6056338028169014,0.6056338028169014,0.6056338028169014,0.6111111111111112,0.6056338028169014,0.6056338028169014,0.6056338028169014,0.6056338028169014,0.6111111111111112,0.6056338028169014,0.6111111111111112,0.6056338028169014,0.6111111111111112,0.6111111111111112,0.6056338028169014,0.6056338028169014,0.6140520067338618,0.6492674035663537,0.6270251102942134,0.6049820698125195,0.6603060789998497,0.6730401760397028,0.6044435916698765,0.7097139709334916,0.5993797886461024,0.6075316227076563,0.6556824745274302,0.7034430275232685,0.6165424016614526,0.6943487801058802,0.6174387492963096,0.6075013252063812,0.6197699047693008,0.611499959494537,0.6060290087711616,0.673412133057911,0.6077290454139187,0.6095998584041844,0.6253817774153986,0.6067349334110962,0.6068828779360113,0.6074159525719324,0.61422695952464,0.6120024999662359,0.608549797384175,0.6055125226128284,0.5860512322600827,0.6057724817475966,0.6126449129198556,0.5976487131196989,0.6114804110421626,0.6071618879759836,0.6220228432442452,0.6101948007932734,0.6079657543284144,0.6087320554041034,0.607579383457994,0.6095345296202083,0.608596944355284,0.6065215167360624,0.6071786546716367,0.608767564421589,0.6074088327816665,0.6135192939601948,0.6081650266356511,0.6073912917006936,0.5014785971681374,0.6068473116315087,0.6126214247006291,0.6047591901893669,0.6121918349462063,0.6090232809026668,0.6131308211383101,0.6100178525997078,0.6083994520818601,0.6091650510257353
GSM1123331,0.6056338028169014,0.6056338028169014,0.6056338028169014,0.6056338028169014,0.6056338028169014,0.6056338028169014,0.6056338028169014,0.6056338028169014,0.6056338028169014,0.6056338028169014,0.6056338028169014,0.6111111111111112,0.6056338028169014,0.6056338028169014,0.6111111111111112,0.6056338028169014,0.6056338028169014,0.6056338028169014,0.6056338028169014,0.6056338028169014,0.6113050374295984,0.6163460829577564,0.6232615804719616,0.5893823420798739,0.606805447323842,0.6065122976602907,0.6061546749676789,0.6207358350427737,0.6085093733658566,0.6091667267038597,0.6489456658796596,0.6987075539913441,0.617694045261335,0.6431808958033319,0.6118457732713067,0.5488732544302084,0.6622210115259269,0.5773063692650026,0.6349425274337445,0.6146262074797257,0.5959781097435495,0.598464669864255,0.5404783473103361,0.5838839238068623,0.5980596961816931,0.5958423706779912,0.04966160042833564,0.6163577579148878,0.5934018293397038,0.5952019025648664,0.3552206508300657,0.6044957585446419,0.5868239517685016,0.5937181063150295,0.6017572067672773,0.580497319071654,0.005692220775630104,0.595006785556071,0.6007680678796511,0.5986006421005884,0.5965138934350382,0.598922539715636,0.5973789787402259,0.5980240343581174,0.5983337163828689,0.596731602083523,0.586599082737794,0.6285644666805424,0.594394199987854,0.5956838152732014,0.4396560293406283,0.6071374870337294,0.6002043269573687,0.5950119166891599,0.6018961371544529,0.3007434150548155,0.579663787280888,0.594675659429124,0.6018048269402909,0.5678212148572256
GSM1123334,0.6056338028169014,0.6056338028169014,0.6056338028169014,0.6056338028169014,0.6056338028169014,0.6056338028169014,0.6056338028169014,0.6056338028169014,0.6056338028169014,0.6056338028169014,0.6056338028169014,0.6056338028169014,0.6056338028169014,0.6056338028169014,0.6111111111111112,0.6056338028169014,0.6056338028169014,0.6111111111111112,0.6056338028169014,0.6056338028169014,0.6664621914792879,0.6710524505509826,0.6819540609519487,0.6475389098214802,0.6858205258416256,0.6228583897667755,0.6065809755460053,0.7279385098920763,0.6400286023312038,0.6142392858299154,0.6062424140192267,0.6121750207029875,0.624394197999398,0.6225479799265102,0.6163615591030753,0.6252742711018144,0.6099834369255316,0.6110787614986414,0.6066764183904273,0.6702783445297081,0.6007099495595473,0.5983873344338791,0.6042472201974338,0.5974320303559525,0.6012282149250934,0.5967826274499922,0.590816137761297,0.5227506499554948,0.5991236956169761,0.6001830078663785,0.6040391751945194,0.6002159457370635,0.6008295134974152,0.5569649208904339,0.604139156921507,0.6023043417436046,0.600358926805124,0.6024509933620383,0.6012845314433128,0.6001355915722326,0.6017600570246926,0.5996718045828276,0.6056536109173263,0.5979732559221389,0.6022592937041154,0.6029486077107635,0.6011470193240331,0.6016493722237127,0.6001128144405534,0.6012324929403707,0.602339570555932,0.6002434430511506,0.6010186438279987,0.5971915517838232,0.6047653859620967,0.6020374392050627,0.6005198524750428,0.5873195572537679,0.6023071612048472,0.6018342113501953
GSM1123337,0.6111111111111112,0.6056338028169014,0.6111111111111112,0.6056338028169014,0.6056338028169014,0.6111111111111112,0.6056338028169014,0.6111111111111112,0.6056338028169014,0.6111111111111112,0.6056338028169014,0.6056338028169014,0.6056338028169014,0.6056338028169014,0.6111111111111112,0.6056338028169014,0.6056338028169014,0.6056338028169014,0.6056338028169014,0.6111111111111112,0.681519655494962,0.8119700162700529,0.773026782189829,0.7436188579950508,0.6851774037733319,0.8053001111711531,0.7894837830151202,0.7524034673465047,0.6112675577770186,0.8039406941996577,0.6768075442357585,0.8317022706604704,0.7150314911782822,0.7209791721827934,0.6267793562573127,0.7107158858969366,0.8108869032143315,0.8026575819149285,0.6067757334176478,0.7837158519858755,0.5786775405451893,0.5729349267964439,0.5748743088602086,0.572329527050345,0.5641909475635319,0.5847968646278425,0.3995912146459208,0.5803706952662149,0.571283983666275,0.5821254991853724,0.5769277148570232,0.5757824298016506,0.5737049500001418,0.5763125345571676,0.5816453257433237,0.5693712312605506,3.61918577933762e-15,0.21727926432563094,0.569928826455046,0.5772987708349634,0.579740422004914,0.5760565261316396,0.5158493722058612,0.5737917447338368,0.5653843441228615,0.5876913367483504,0.42058920674078165,0.5828271980011711,0.5731515667594227,0.5853796572719946,0.5268392214552733,0.5794348540526802,0.5755871271978251,0.5786730400276292,0.5834365657658749,0.5706870465277702,0.5139992425626856,0.2680884597765743,0.5710246823360936,0.5800486892039581
GSM1123340,0.6056338028169014,0.6056338028169014,0.6056338028169014,0.6056338028169014,0.6056338028169014,0.6111111111111112,0.6056338028169014,0.6111111111111112,0.6056338028169014,0.6056338028169014,0.6056338028169014,0.6111111111111112,0.6111111111111112,0.6111111111111112,0.6111111111111112,0.6111111111111112,0.6056338028169014,0.6056338028169014,0.6111111111111112,0.6056338028169014,0.623927630190713,0.6332508869694613,0.6066216030407499,0.613428509263498,0.7789533977059303,0.7201169922567798,0.7790589065434128,0.663760068547354,0.6540691251718256,0.6066118111450332,0.6177435951741282,0.7383072922506179,0.7585585138205989,0.7220182386498943,0.6157800972644799,0.610997831457707,0.6980682942772366,0.7195130397383084,0.6243821212847985,0.7194215664250371,0.6031647467296887,0.6003286980952237,0.6015154649125853,0.6058896253758387,0.6032299223181744,0.6064367203215755,0.5827441886973811,0.600910642638605,0.6014340737530964,0.6020800710058064,0.5959071749008538,0.6045896735680868,0.607800502925618,0.607505246574945,0.6088015620916087,0.6075630131372796,0.6052329881141532,0.6029890515327997,0.6035335383245227,0.6033293394568541,0.6010254237960309,0.6004771462312039,0.6024805603515552,0.618001480103322,0.6049428853971628,0.6074877667364279,0.5960201337772294,0.6014926151615158,0.6025047214127651,0.6021471034717429,0.603385053850068,0.6056467543311597,0.6098501125393624,0.6088805619710657,0.609260236354716,0.6010740972822701,0.6200534385167,0.6044550518367343,0.6087729098036849,0.6044953661525795
GSM1123343,0.6111111111111112,0.6056338028169014,0.6111111111111112,0.6056338028169014,0.6056338028169014,0.6056338028169014,0.6056338028169014,0.6056338028169014,0.6111111111111112,0.6056338028169014,0.6056338028169014,0.6056338028169014,0.6056338028169014,0.6056338028169014,0.6111111111111112,0.6056338028169014,0.6056338028169014,0.6111111111111112,0.6056338028169014,0.6056338028169014,0.5203040646058396,0.4387514878210585,0.3683328761868112,0.4168327921293144,0.4870059739328651,0.48650745342024276,0.6044420890894929,0.43264735916259345,0.6090903192123578,0.5876967661167991,0.48157183579336904,0.4995384961003126,0.39964456874296067,0.5323596808669598,0.5965133822121665,0.4026358979901328,0.5006422136556138,0.6100687650943157,0.6047764167161246,0.4436384377841579,0.5845307011692509,0.592346096194033,0.5847602510756247,0.5803253940133702,0.5812948760564484,0.5871082255250692,0.5519783426514657,0.5896269153847062,0.5938865205854431,0.5867001241037895,0.5862274059354304,0.5831077672343702,0.5900925363221576,0.5842580019008173,0.591477834402649,0.584369143906004,0.5864739021128167,0.592597229415951,0.5808411069977246,0.59081888019879,0.5831745911514006,0.5904262526362295,0.5287298166650842,0.578250811858726,0.5795318565047384,0.5846004710045776,0.584709827217655,0.5866930492954813,0.5918367030424132,0.5846489289118848,0.5474346969325342,0.5816439317970487,0.588063641492591,0.5808405708979545,0.5898656816380707,0.5824377979698948,0.584378089829981,0.5573828340034485,0.5799694250906693,0.589293775957548
GSM1123346,0.6056338028169014,0.6056338028169014,0.6056338028169014,0.6111111111111112,0.6056338028169014,0.6056338028169014,0.6056338028169014,0.6056338028169014,0.6056338028169014,0.6056338028169014,0.6056338028169014,0.6111111111111112,0.6056338028169014,0.6056338028169014,0.6056338028169014,0.6111111111111112,0.6056338028169014,0.6056338028169014,0.6056338028169014,0.6056338028169014,0.7512145714524204,0.6415604600015758,0.6986598928911374,0.6199670340581438,0.6295794661050609,0.6180412326929376,0.7888105021117383,0.6088180444291237,0.6052366671369578,0.6076306163847628,0.6189843303858498,0.7438472843026747,0.6978182366109992,0.6269414047613799,0.6082231361396682,0.6109926697298171,0.6388246900297031,0.5672057344360322,0.6056371799333966,0.7070297116848234,0.5964710841565332,0.597177912574907,0.5415104245167327,0.6043294066831258,0.5998988152491551,0.5753257314883583,0.5487470923423392,0.5958954173419908,0.5935318337535564,0.5960307318407726,0.581473337568105,0.6031078515861138,0.5978154025853658,0.5993113497426076,0.5976493964186963,0.6039360330380141,0.6004907745230872,0.5986351714949277,0.5931407289180355,0.5955186638243818,0.5985369362607454,0.5974452839425134,0.5980445205812888,0.6043795749713052,0.59995080598825,0.5950266208401235,0.5630392422721114,0.595521289506485,0.5933895992669436,0.5962223604039949,0.5985040900861373,0.6042239220822145,0.5988431721271794,0.6000173870427467,0.5985124652553045,0.5904382351588076,0.6010712486247461,0.583091769341726,0.5930889096098495,0.5966964964386177
GSM1123349,0.6056338028169014,0.6056338028169014,0.6056338028169014,0.6056338028169014,0.6056338028169014,0.6056338028169014,0.6056338028169014,0.6111111111111112,0.6111111111111112,0.6056338028169014,0.6056338028169014,0.6056338028169014,0.6111111111111112,0.6056338028169014,0.6056338028169014,0.6056338028169014,0.6056338028169014,0.6056338028169014,0.6056338028169014,0.6056338028169014,0.6911888351762548,0.6962616549143243,0.7032829900933565,0.6760480303736336,0.7366535667889567,0.7103578644147951,0.6070951306042963,0.6797769141673831,0.6129403889414652,0.6175164534070817,0.6265360473557663,0.698705525381821,0.7117891877019246,0.6752359111624315,0.6432108013671302,0.6504397694077642,0.7429416355294889,0.7367594980663525,0.7246094306605809,0.6844996942011373,0.5905355934177733,0.5901413483136289,0.5917914444565091,0.5864868580261031,0.5958833633118482,0.5907109337520907,0.5670899059342815,0.5957976517987719,0.5922971718783044,0.5932916561985532,0.5846583797781871,0.5497904334528414,0.5998392534535483,0.5922652747759614,0.5874048258214231,0.5884692985321553,0.9951726861484832,0.5901131312866199,0.588492409541785,0.5916457597307733,0.5918007419563652,0.5917683628291336,0.5934577151881962,0.5872787901865022,0.5975921467864187,0.5085801226614911,0.5934701356825595,0.5969457802470313,0.5941525255052931,0.5946804997271545,0.5459684929316352,0.5876857808040087,0.6017380135591404,0.5725581789530296,0.5876529077285507,0.588866561080772,0.5745181592339781,0.5918403015695831,0.5900363246024158,0.593468287050062
GSM1123352,0.6111111111111112,0.6056338028169014,0.6056338028169014,0.6056338028169014,0.6056338028169014,0.6056338028169014,0.6056338028169014,0.6111111111111112,0.6056338028169014,0.6056338028169014,0.6056338028169014,0.6056338028169014,0.6111111111111112,0.6111111111111112,0.6111111111111112,0.6111111111111112,0.6056338028169014,0.6056338028169014,0.6056338028169014,0.6056338028169014,0.5615213094060583,0.5196934172458709,0.6088647597837904,0.6033184634569386,0.4903382314169658,0.6051023494313741,0.6054623826836288,0.5667309350897277,0.59780544102062,0.6362548722834486,0.5155702701959088,0.5676232067494149,0.6757336500305012,0.6341610990329286,0.6070764962300019,0.6110474478603847,0.5341269070728479,0.648490562297609,0.5893490421800124,0.6209539381226975,0.6010737892285034,0.6004746243094652,0.5438707485292551,0.5967011623142303,0.5972854423525994,0.595842207888611,0.5885921268455653,0.600679437439766,0.5967354190886879,0.5987829854458355,0.16805275051978943,0.5958118652992384,0.6035272298687246,0.6021692636507298,0.6024249543755151,0.6030034608923357,0.5995381921465487,0.5673842288175724,0.5957769113916279,0.5996441162362267,0.600422045032284,0.5996459121816394,0.5965333742267612,0.5959999158518597,0.5958781363843634,0.595305830678743,0.5990417005119892,0.599868176127227,0.5964359042256034,0.5984221908784239,0.1764044299863649,0.595006193367611,0.6042303609569398,0.6023351598950623,0.6019814846046023,0.5875322722941051,0.5615098292399016,0.5857921571679136,0.5952331636633074,0.599488943934921
GSM1123355,0.6056338028169014,0.6111111111111112,0.6056338028169014,0.6056338028169014,0.6111111111111112,0.6056338028169014,0.6111111111111112,0.6056338028169014,0.6111111111111112,0.6056338028169014,0.6056338028169014,0.6111111111111112,0.6056338028169014,0.6056338028169014,0.6056338028169014,0.6056338028169014,0.6056338028169014,0.6111111111111112,0.6056338028169014,0.6056338028169014,0.6480781045129357,0.6329915702690982,0.6068678575479026,0.6061613903705413,0.6162018826291419,0.6700392001943948,0.6570270037483684,0.6469765190949566,0.6123585676641704,0.6072950762116793,0.5914075353756534,0.7146639651506284,0.6048180273732955,0.5949381261589433,0.611029458642831,0.588764394783449,0.689708963340733,0.6108665495054961,0.606656477326817,0.6719324626040516,0.6024166188221097,0.6082974661100069,0.6041863735091144,0.6019884315845861,0.609674212723895,0.6028036311776335,0.6108185314166954,0.6026589318183471,0.6095125581999827,0.6046682134473134,0.6034471390295252,0.6094435300528843,0.6028228876727658,0.5808228825459693,0.6039651940320261,0.6046434613521294,0.9906014950667816,0.6091532038638408,0.6019300358706783,0.6065804968565734,0.6032779360141497,0.6087232162180692,0.6054229518452613,0.6022014265452377,0.6114059286802523,0.22981867198077793,0.6123250364979022,0.6036871215393709,0.6107861166579618,0.6063287255847871,0.5991885595814123,0.6121978107585863,0.6026768648716545,0.6011098423652562,0.6057607567788289,0.6038805739017219,0.6046310736123681,0.6059536856375476,0.6029408773176584,0.6080113800894638
GSM1123358,0.6111111111111112,0.6056338028169014,0.6111111111111112,0.6056338028169014,0.6111111111111112,0.6056338028169014,0.6056338028169014,0.6056338028169014,0.6056338028169014,0.6056338028169014,0.6056338028169014,0.6056338028169014,0.6056338028169014,0.6111111111111112,0.6056338028169014,0.6111111111111112,0.6056338028169014,0.6056338028169014,0.6056338028169014,0.6111111111111112,0.5941321751351205,0.6048659215149872,0.5813186479577697,0.6797460944302617,0.6103945792831592,0.6053420591855455,0.604777264409147,0.5232231002017013,0.5769962171209869,0.6083398587425832,0.6799887091227654,0.6473345483076939,0.5650754900767311,0.6841293180197855,0.5699669029622588,0.6079990597100179,0.5884799971579051,0.47984095528667287,0.7311371953675764,0.7044305916322088,0.5947331619459144,0.5937310853835881,0.5996905872465973,0.5755922779682517,0.6054734813691967,0.5931523485903675,0.9482282387484275,0.5978076322328851,0.5953809189312935,0.5923767633832135,0.2695998671689008,0.5814899859318817,0.5977574695481741,0.6009724237457349,0.5735168934169644,0.600945801206235,0.5957452014410785,0.5942451577534685,0.5946201111174607,0.5988294874045281,0.5940282063005455,0.5929097370088855,0.5773419459726435,0.5955629132830591,0.6051224703165585,0.5928125261935671,0.577084799424661,0.5957510584112509,0.5944442546207078,0.5926012138801735,0.4024773458119786,0.5966014997617622,0.5963512981533494,0.6016987438098084,0.5921584393068822,0.5729512599320223,0.5946742035724021,0.5657409971501324,0.5962867792192602,0.6005389283732466
GSM1123361,0.6111111111111112,0.6056338028169014,0.6056338028169014,0.6111111111111112,0.6111111111111112,0.6056338028169014,0.6056338028169014,0.6056338028169014,0.6056338028169014,0.6056338028169014,0.6056338028169014,0.6056338028169014,0.6056338028169014,0.6056338028169014,0.6056338028169014,0.6111111111111112,0.6056338028169014,0.6056338028169014,0.6056338028169014,0.6056338028169014,0.6390163882939011,0.6704495647214995,0.6745429912421579,0.6985835421872397,0.6165929519147273,0.6469364184489077,0.6064066804590041,0.7133309579377849,0.6457665918966595,0.6073332168568552,0.6954178619377155,0.6484037948688068,0.6200315160014268,0.6414075098700956,0.7025476856222861,0.614193198348466,0.6036150919463737,0.6949786711135045,0.6746208080557469,0.6653855970745896,0.6013438765288234,0.5952830357699957,0.5961284078567093,0.6065574646273348,0.6047667551737975,0.5969949793236262,0.57623284996358,0.4970460304880288,0.6003806240295121,0.5978066753592416,0.5965085754610021,0.6001707844012409,0.579379730242652,0.6005666616500049,0.5849355298712053,0.6040998998053456,0.5999924188626281,0.5979809351577186,0.5966590572331482,0.5945214293533081,0.6019800345064751,0.5964308490544705,0.5974458422246781,0.6094230349667792,0.6066392408994782,0.5982424273480557,0.5959115236460116,0.5985171409140558,0.6013089704775537,0.5995148823570611,0.5982246243813426,0.6008319200580434,0.5979728633980819,0.5949021855423507,0.6014040950607896,0.6007422154374965,0.5999853516893183,0.5902192234888519,0.5980875923725519,0.5961892500743282
GSM1123364,0.6056338028169014,0.6056338028169014,0.6056338028169014,0.6056338028169014,0.6056338028169014,0.6056338028169014,0.6056338028169014,0.6056338028169014,0.6056338028169014,0.6056338028169014,0.6056338028169014,0.6056338028169014,0.6056338028169014,0.6111111111111112,0.6056338028169014,0.6056338028169014,0.6056338028169014,0.6056338028169014,0.6056338028169014,0.6056338028169014,0.6604126081543731,0.607234846615316,0.6878777359974406,0.6072495905385376,0.7111817611732394,0.6270400109049716,0.6083313123322677,0.5801884118560346,0.6238037876043723,0.675365476264575,0.6045307063488029,0.7261188470313593,0.7039446513808062,0.6481986933750138,0.7319483940800634,0.6071316398485079,0.6706272585653228,0.6376612301083143,0.8116359341954571,0.680499167077746,0.598498807395391,0.602103859687216,0.6021135466877211,0.6002755873760048,0.5951807301589513,0.5829079068950731,0.9999410400768138,0.6030927303604842,0.6090289016788185,0.6005661514755409,0.6025441484831705,0.5953217123907519,0.6142544570329593,0.6070977281857579,0.5871852027777392,0.5994616805794206,0.5982352319522316,0.6029103020245873,0.601739263871696,0.6023888410856426,0.5990902069694247,0.6036385434660767,0.6033114978060438,0.6007796619271677,0.5969253553456274,0.5991428157698594,0.6099380695745713,0.6017882576258747,0.6092281126649318,0.600907846577375,0.6047807794890482,0.6027942640120885,0.6164894815388111,0.6074398403079612,0.6007912305951424,0.5989207380451155,0.5994151515158911,0.5944774194899571,0.6049201379723631,0.603914095585125
GSM1123367,0.6056338028169014,0.6056338028169014,0.6056338028169014,0.6056338028169014,0.6056338028169014,0.6111111111111112,0.6056338028169014,0.6056338028169014,0.6111111111111112,0.6056338028169014,0.6056338028169014,0.6056338028169014,0.6056338028169014,0.6056338028169014,0.6056338028169014,0.6056338028169014,0.6056338028169014,0.6056338028169014,0.6056338028169014,0.6056338028169014,0.6705506156115295,0.5289284319705093,0.6328121358585171,0.6046403844369493,0.5624781472623194,0.5742931028141673,0.6054485350138105,0.5949101837207127,0.6114186442689542,0.512259498774165,0.599605473334009,0.6162279026604871,0.575973757818373,0.6059602758623442,0.6072715396069239,0.6444228874329835,0.5574636999913555,0.5774709396015411,0.6158337361018033,0.6072499706892676,0.6052228808378518,0.6051428485617835,0.6031744608210854,0.6074193636223243,0.6002966931994943,0.6097133169829327,0.9988137744980826,0.8375502959935583,0.609510331886572,0.6025584055950794,0.606803899072341,0.6011475865707937,0.6066405501386726,0.6059465380594511,0.6041419143786116,0.6054863637612338,0.9998757452236162,0.6061372378038286,0.605313134239041,0.6056425200056107,0.6088966866090362,0.6045838832237493,0.6036108062517931,0.6287744278598008,0.5998194934845799,0.6097401495776436,0.6027769084575235,0.6599594814160046,0.60981590744592,0.6025608745649925,0.610606104471771,0.6037754441806755,0.6061237387626067,0.6087407045625224,0.6046689795429503,0.605760256585074,0.6004516288247499,0.6189373902078853,0.6057374602400662,0.6222448879165717
GSM1123370,0.6056338028169014,0.6056338028169014,0.6056338028169014,0.6056338028169014,0.6056338028169014,0.6111111111111112,0.6056338028169014,0.6111111111111112,0.6056338028169014,0.6056338028169014,0.6056338028169014,0.6056338028169014,0.6056338028169014,0.6056338028169014,0.6056338028169014,0.6056338028169014,0.6056338028169014,0.6056338028169014,0.6111111111111112,0.6056338028169014,0.6302335773296813,0.6058669478568866,0.7062485647312352,0.6180660387588108,0.6081342280355602,0.7265592281951618,0.7071885571257646,0.6796594005615089,0.6625867917019743,0.6153261872866803,0.6222031388196976,0.7147933501887945,0.6122628421917716,0.6056456004317644,0.5896928532765074,0.6288353681994105,0.6946949525209937,0.647267746678971,0.6446014211774014,0.623831632038483,0.6165304655496134,0.6141136848464868,0.6114442531522106,0.6135900315211421,0.6144804292606357,0.6214371182386684,0.6134863949111399,0.6221500444074554,0.6209227252023862,0.6717394789705085,0.6140797173513034,0.6243316021258047,0.6151034769813448,0.6171547130020912,0.6148519809300421,0.6247953698416993,0.6169691898037519,0.6119262766289195,0.6359254157688347,0.6163712381196352,0.6759332388523186,0.6142293031610435,0.6127353402471921,0.6681968061960447,0.6143927394422906,0.6234514073613484,0.6149796596808955,0.6232880433259711,0.6225239662402696,0.615784069169899,0.6143715076111357,0.6143128771170226,0.6152358122270485,0.6170080421926889,0.6151043048970308,0.7874531018172122,0.6857181522561206,0.6559025121616737,0.6214796137618137,0.6170020763064368
GSM1123373,0.6111111111111112,0.6056338028169014,0.6056338028169014,0.6111111111111112,0.6111111111111112,0.6111111111111112,0.6111111111111112,0.6056338028169014,0.6111111111111112,0.6056338028169014,0.6056338028169014,0.6056338028169014,0.6056338028169014,0.6111111111111112,0.6111111111111112,0.6111111111111112,0.6056338028169014,0.6111111111111112,0.6056338028169014,0.6056338028169014,0.509433792314138,0.4081314568263464,0.48761362844473055,0.466589361929878,0.6030319201488201,0.3928212839441631,0.4742053019833378,0.4866517483128919,0.6087847238367458,0.6031527365139945,0.5927826908711935,0.32574633205226106,0.35205992681103493,0.4511833249917547,0.5938330519884538,0.6081182406102071,0.4877573680709874,0.6098030394106556,0.6047514290817506,0.5734838650721004,0.6026952837581204,0.6020558581971973,0.6048401398510762,0.6068690389213961,0.6102647993366149,0.6082389675003084,0.6075149251776953,0.6006478021186302,0.6094688576296401,0.5986714249653183,0.5863321016509275,0.6010457499798878,0.6000927999395775,0.6063626428455121,0.6057403376191293,0.6062381423057286,0.5990548733395702,0.6080040224168629,0.5965213202331229,0.5973000681080857,0.6012597670015666,0.5998046590520512,0.6035013145292336,0.6033674941834231,0.6076281120841834,0.6057022958850202,0.604487390701796,0.5990721328633748,0.6071448626810851,0.5962582484532548,0.5973015383305269,0.5974894240013223,0.5973822531021414,0.6041011649716143,0.6038406552217306,0.5885005300863861,0.5968733262690042,0.5988925678023712,0.5956555004753936,0.5231715290010239
GSM1123376,0.6056338028169014,0.6056338028169014,0.6056338028169014,0.6056338028169014,0.6056338028169014,0.6056338028169014,0.6056338028169014,0.6056338028169014,0.6056338028169014,0.6056338028169014,0.6056338028169014,0.6111111111111112,0.6056338028169014,0.6056338028169014,0.6056338028169014,0.6111111111111112,0.6111111111111112,0.6111111111111112,0.6056338028169014,0.6056338028169014,0.6029616223792763,0.5378989604992668,0.5552844172531274,0.6005387112650705,0.5118865304838235,0.5803080814102619,0.48329616221161775,0.6036116059161211,0.5652932153675628,0.6015183643606675,0.5455203964920035,0.6512947725964892,0.6106066666217644,0.46988368768726035,0.6061306368863958,0.6142518435244146,0.6083783280254165,0.6099418323953577,0.5537699747845795,0.6127030972100663,0.6007923480607748,0.599552912816726,0.5981016469824345,0.6006028044114606,0.603763691138871,0.6018942614711494,0.5666770470309804,0.42982180018703664,0.6004201705269949,0.6004422497182675,0.7312441222599978,0.6063092685423206,0.5995003964492401,0.5464065725256629,0.6021742072448887,0.6098608675409471,0.5561191942680992,0.6052436614073828,0.6036471299475672,0.6000273983053316,0.5803301153202105,0.5991343975404084,0.6028532863654742,0.5989977556623315,0.6032235218320947,0.6018561147716228,0.5640834456963937,0.5457174090515312,0.5995788624048288,0.6000667606922149,0.7728069714976973,0.6085779592808009,0.6001904486853918,0.594330536553808,0.6023732373470773,0.617456104512163,0.605386150517236,0.5923703707703868,0.6039081339865554,0.6011522566431644
GSM1123379,0.6056338028169014,0.6056338028169014,0.6056338028169014,0.6111111111111112,0.6056338028169014,0.6056338028169014,0.6056338028169014,0.6056338028169014,0.6056338028169014,0.6056338028169014,0.6056338028169014,0.6056338028169014,0.6056338028169014,0.6056338028169014,0.6056338028169014,0.6056338028169014,0.6111111111111112,0.6056338028169014,0.6056338028169014,0.6056338028169014,0.6528488886115891,0.6428127476510015,0.6581444938022942,0.688510467865337,0.6256754107861714,0.6066948964232485,0.61108991911229,0.6072879109289963,0.6196838752840701,0.6072594399600106,0.6042821333078925,0.5821148817424517,0.6194770719473633,0.6221638832045684,0.5694258361606004,0.6083146891146614,0.6280927650805014,0.6469409143961274,0.6024754640188443,0.6546355855294997,0.5899060084563902,0.5887040775722502,0.5916457514650683,0.589597375847827,0.591591174391345,0.5924839322582525,0.5040017315685867,0.5934026495293949,0.5867309704343717,0.5778039087575298,0.5728790307401512,0.5870020327876754,0.5944370792724429,0.5915061596888515,0.5901164768853696,0.5863148520763415,0.4431005119754282,0.44416204053337455,0.5905827198268035,0.5924379166901972,0.5331570994843975,0.5896196024615542,0.5927716480051922,0.5922900381572074,0.5921855059230109,0.5935759690084872,0.5110233839139052,0.5932801552509157,0.5872168299357147,0.5794804602818744,0.5927215852679306,0.5865313186541792,0.5945735596245204,0.5699993015650258,0.5894870886570449,0.5890830027723999,0.5938159667450271,0.4708646339380207,0.5904545085723956,0.5939872292134597
GSM1123382,0.6056338028169014,0.6056338028169014,0.6056338028169014,0.6056338028169014,0.6056338028169014,0.6056338028169014,0.6056338028169014,0.6056338028169014,0.6056338028169014,0.6056338028169014,0.6111111111111112,0.6056338028169014,0.6056338028169014,0.6056338028169014,0.6056338028169014,0.6056338028169014,0.6056338028169014,0.6056338028169014,0.6056338028169014,0.6056338028169014,0.6403941937124973,0.6066535895141267,0.6163284370662484,0.6082265160205446,0.5993730909357525,0.6065423596028501,0.6220955791973248,0.646181533914431,0.6083791397913919,0.6071884425016505,0.6366802488690262,0.5933833975080665,0.5752602674638305,0.6032749805319705,0.6093685756454997,0.5354303638890373,0.6539178567194693,0.6187801784159033,0.6267224229925575,0.6316215158002028,0.5990025500856404,0.5988390882718325,0.5522738487467039,0.5999431709264468,0.5982930328428583,0.5930352287590807,0.5978718809295535,0.47569596354914007,0.5989714985111264,0.5888743850673245,0.6041404275339466,0.5954972581726493,0.5964683099487947,0.5948344592336214,0.6004294696179377,0.5838118370071047,0.766920436179258,0.4785325401260578,0.601839663093857,0.595582279349499,0.5759393176360377,0.599752239813349,0.5972235118280719,0.5736961059104205,0.598471277510668,0.6004066691834066,0.598494707673467,0.5951645403289003,0.5999111398802192,0.5904384838493845,0.5822212542371886,0.5955605619335252,0.5958790106907719,0.5768414230629296,0.6016949999502424,0.48145507638563306,0.5911459590388528,0.4920578148017184,0.6027702272054006,0.5965011694966367
GSM1123385,0.6056338028169014,0.6111111111111112,0.6056338028169014,0.6056338028169014,0.6056338028169014,0.6056338028169014,0.6056338028169014,0.6056338028169014,0.6056338028169014,0.6056338028169014,0.6056338028169014,0.6056338028169014,0.6056338028169014,0.6056338028169014,0.6056338028169014,0.6056338028169014,0.6056338028169014,0.6056338028169014,0.6056338028169014,0.6056338028169014,0.5077274406330533,0.5089375412075903,0.52873059809918,0.601929118363021,0.5043400447531461,0.5740261950184878,0.6050416208361515,0.42549583559266924,0.5596405457143999,0.436985614499876,0.37341192125683625,0.48311975475016045,0.4639726870240646,0.4923214302649597,0.48409294064411434,0.46337660747736586,0.5173012746762248,0.43874163830974067,0.5548107763163637,0.5147252838017976,0.6000268922123889,0.6017789283887892,0.5777276950288847,0.6003902047147722,0.6044632716474244,0.6025797324302085,0.5974883106684679,0.607628321955548,0.6023866919653702,0.5869117303561253,0.6037995451590586,0.6041336358097129,0.6024049961183057,0.6059786449884091,0.5905934156081095,0.604278608029989,0.6011307811623038,0.5453439256068902,0.6043599661413778,0.6004518284073734,0.5983492273761454,0.6005940555990008,0.5990100001101052,0.5991997532452517,0.6030951918103948,0.6026265169926879,0.6017692647251115,0.6013679453248539,0.6012537699473429,0.5996052678066126,0.6008032822846073,0.6033017610093723,0.6012126421606885,0.6037735964987556,0.5983943811749987,0.6031250347915322,0.5992309764030973,0.49390785635342577,0.6037288624791283,0.598663043779274
GSM1123388,0.6056338028169014,0.6056338028169014,0.6056338028169014,0.6056338028169014,0.6056338028169014,0.6056338028169014,0.6056338028169014,0.6111111111111112,0.6056338028169014,0.6056338028169014,0.6111111111111112,0.6056338028169014,0.6111111111111112,0.6056338028169014,0.6111111111111112,0.6111111111111112,0.6056338028169014,0.6056338028169014,0.6111111111111112,0.6056338028169014,0.6194138499611446,0.6075184524386362,0.6414230761765765,0.5803081948573988,0.5822927629523265,0.6064079420354697,0.5780929319200979,0.5897125953238362,0.608365666418157,0.6082868777259675,0.6363141888742372,0.6141513220671793,0.6259961487090087,0.6388690237589962,0.6110626874688514,0.6142177231049706,0.6530534231962307,0.6182753630405673,0.630692784364371,0.6437665978792165,0.5880963485403572,0.5924823818318793,0.5890950579574529,0.5737318136110227,0.5893239740377426,0.5914576195874345,0.46531344736162167,0.5911653614167667,0.5912511504096919,0.5905241205830288,0.5983486721008128,0.5726552029541356,0.5936203703588196,0.5935294073267999,0.5911960305955791,0.5974107406430752,0.03613351873014726,0.5946576522712411,0.5724639543810317,0.5898742937805938,0.5887213361432065,0.5928504756933369,0.5900271004522204,0.5937532997733956,0.5891019472422345,0.5922648373462905,0.4694713728208246,0.5909973024846665,0.5922125825799207,0.5909297049395557,0.5511370927709685,0.5936125008019373,0.5942611686414359,0.594781435388648,0.5912719797229037,0.5822658564591673,0.5676564490792813,0.551232391778826,0.5983493863521274,0.5913033205825399
GSM1123391,0.6056338028169014,0.6111111111111112,0.6056338028169014,0.6056338028169014,0.6056338028169014,0.6056338028169014,0.6056338028169014,0.6056338028169014,0.6056338028169014,0.6111111111111112,0.6056338028169014,0.6111111111111112,0.6111111111111112,0.6111111111111112,0.6056338028169014,0.6056338028169014,0.6056338028169014,0.6056338028169014,0.6056338028169014,0.6056338028169014,0.6483427729461309,0.6620572402602568,0.6472334650763706,0.6584545061512797,0.5937702549370998,0.6056311620389343,0.6047243205960515,0.5628711548747015,0.750157637685721,0.5900441046103687,0.6924681942433383,0.7080769322879255,0.715293937304648,0.6757482288660008,0.6318978232120683,0.7042697766437556,0.6121108678562056,0.6492847813107889,0.6392860252642573,0.6804618259426,0.5861091615640782,0.5916674253273105,0.4993146748897012,0.5633823971056554,0.5898711694041373,0.5900157123189045,0.006195528701374072,0.5877095904904748,0.5892419849898634,0.5918329154400181,0.591930810972641,0.5923171423156404,0.594358506777943,0.5958346964806571,0.5600458557520631,0.5658864555348134,0.5905703385594159,0.5905267941969674,0.5929092735282163,0.5868494911683111,0.5863880521577827,0.5921864607945452,0.589886437520578,0.590934386082654,0.5897402989708286,0.5899858478056796,0.5551144000508849,0.5874566114527582,0.5903729052255835,0.5916231168782085,0.5925330818248149,0.593140233850972,0.5956925133667514,0.5965448029856167,0.5897739287668023,0.4172509568635694,0.5159402133759899,0.5153791883065137,0.5929227461295127,0.5877446267964842
GSM1123394,0.6056338028169014,0.6056338028169014,0.6056338028169014,0.6056338028169014,0.6056338028169014,0.6056338028169014,0.6056338028169014,0.6056338028169014,0.6056338028169014,0.6111111111111112,0.6111111111111112,0.6056338028169014,0.6056338028169014,0.6111111111111112,0.6056338028169014,0.6056338028169014,0.6056338028169014,0.6111111111111112,0.6056338028169014,0.6056338028169014,0.5280913657417268,0.6060407093583222,0.605414818369398,0.6004765024312613,0.46650599343536997,0.5835030091654358,0.5468889606672156,0.5484057832940971,0.5685602313027613,0.5143701340193328,0.608351892802642,0.506878075336084,0.5210894046842106,0.5608798181080181,0.4835203457967183,0.429205426607809,0.539094559440144,0.6099902194437032,0.4528881249521254,0.606048017486729,0.5881887706609639,0.5875780371691672,0.5878813989639465,0.5919736060504571,0.5893835101611112,0.5890057712865056,0.5914385165409405,0.4032646208459179,0.586958882643908,0.593616110805321,0.5972000819097013,0.5917113433252246,0.5860407022904811,0.5928169621236705,0.5481764232627016,0.5610211493315378,0.5925995579948722,0.5938050287380974,0.5844995335577191,0.5875635561818763,0.5874489795474241,0.5879217317175062,0.5876899131080495,0.5082963605510631,0.5877526727729347,0.5890269869179345,0.5911605205936288,0.5889317018450959,0.586192155238018,0.5925803571822831,0.5281267274922155,0.5900213361787096,0.5845488860559321,0.5927057936920758,0.5833665813691181,0.19360464954132944,0.5911969081441676,0.5603507915807766,0.5827446148721327,0.48460626579999544
GSM1123397,0.6056338028169014,0.6111111111111112,0.6056338028169014,0.6111111111111112,0.6056338028169014,0.6056338028169014,0.6111111111111112,0.6056338028169014,0.6111111111111112,0.6056338028169014,0.6056338028169014,0.6056338028169014,0.6056338028169014,0.6056338028169014,0.6056338028169014,0.6056338028169014,0.6056338028169014,0.6056338028169014,0.6111111111111112,0.6056338028169014,0.7203731799335767,0.7199124040127544,0.6903533685856356,0.7040890778854078,0.7173309173920234,0.7085255581094881,0.6994153628635893,0.7620271164402926,0.6120223154515986,0.6077395264192229,0.7372680099851819,0.7471263422615809,0.7115220963048294,0.7604188350572898,0.7568724873432909,0.6083151599830342,0.8317189735613958,0.7745235453000767,0.6721470027380978,0.7391740754863524,0.59577616937442,0.6024502081933325,0.5930757037520302,0.5991082880204012,0.5991097863723855,0.5956477884059113,0.6008228154550571,0.5216260474771579,0.6028672067838837,0.5902450494523915,0.5230551405512942,0.5875601350033782,0.598256119412691,0.5260787351898013,0.5929644044179938,0.5962300087023752,0.5912350663475785,0.5941896512531183,0.5919026293916886,0.5987859511590442,0.5822252036081135,0.6034222561100804,0.5938863322199587,0.6013724111281401,0.6003226824149639,0.5977585426816675,0.602640424591922,0.5970953528802884,0.6037854550109967,0.5923235465373373,0.5356807849775629,0.6003544019935062,0.600669119832539,0.5934613661790723,0.6022833107058286,0.5988843407997259,0.5370336611116804,0.5956226730741595,0.6068353525803016,0.6000988492000932
GSM1123400,0.6111111111111112,0.6056338028169014,0.6056338028169014,0.6111111111111112,0.6056338028169014,0.6056338028169014,0.6056338028169014,0.6111111111111112,0.6111111111111112,0.6056338028169014,0.6056338028169014,0.6111111111111112,0.6056338028169014,0.6056338028169014,0.6056338028169014,0.6111111111111112,0.6056338028169014,0.6056338028169014,0.6056338028169014,0.6056338028169014,0.6420782309277547,0.6694058212378435,0.6805637762810047,0.7022988133731489,0.6823965603880622,0.6070904249536458,0.6853536984934169,0.6468024940863155,0.6125804308008923,0.6140295553028965,0.6083974068800292,0.727015346125522,0.671603786096541,0.6666425188717832,0.7060485624996283,0.6141886085854682,0.6749118442722418,0.6745586220978693,0.6066746475764017,0.6204892034960835,0.5845695865526994,0.5788644304784448,0.5838610943131898,0.5842037961545323,0.5834746379351192,0.5863597088375337,0.5844269118927875,0.585115339926961,0.5861910947712302,0.5837764815519579,0.5410188539365836,0.5873637331357475,0.5853299247144731,0.5853133418178716,0.5497069611832828,0.5941015172867302,0.5827344700550655,0.5785984201693833,0.5779980017206136,0.5779545647558331,0.585240473501721,0.5801382941863954,0.5852658845144185,0.5871579623586173,0.5844965433184183,0.5878278635395247,0.5858651331144382,0.5857789264789368,0.5877158098703293,0.5848098326895106,0.5826152933580209,0.5902238553632743,0.5862281480566743,0.5868978732018061,0.5885518249850538,0.5726693751879833,0.5845256191158915,0.5795001081273224,0.5790258395183503,0.43978157174279847
GSM1123403,0.6056338028169014,0.6056338028169014,0.6056338028169014,0.6056338028169014,0.6111111111111112,0.6056338028169014,0.6056338028169014,0.6056338028169014,0.6056338028169014,0.6056338028169014,0.6111111111111112,0.6056338028169014,0.6056338028169014,0.6056338028169014,0.6056338028169014,0.6056338028169014,0.6111111111111112,0.6056338028169014,0.6056338028169014,0.6056338028169014,0.5778162814543926,0.5242740339337899,0.6038863568682894,0.5983679520927888,0.6069958134145728,0.6040551797940709,0.6059438992402005,0.4750673607459204,0.5364061920078981,0.5406894381347834,0.5473014375728469,0.5417384864537766,0.5468622353236241,0.5610017508271288,0.5415186916291735,0.5589778300823708,0.5926024989958097,0.5571131224757436,0.602422687234796,0.5890874751480539,0.6004690676375057,0.5979198335719995,0.6017385607896483,0.6035849497636455,0.6056470982253815,0.5973340478169232,0.5908681862965875,0.5992968594714985,0.599823203557372,0.6001488369481836,0.6052795448477278,0.5914978661375876,0.5986614865023526,0.5489546567282791,0.5989865891298,0.5953376680428015,0.5216892688857828,0.6000484132175387,0.5998238092617416,0.6005138589608595,0.591792010722997,0.5966801604794991,0.5999649787238894,0.5948012795448094,0.60421577408244,0.5957177692227518,0.6001407650900827,0.5967867845903012,0.5990446403843736,0.5993374176140974,0.5655485820452645,0.5992163858444486,0.5977727896708659,0.5962897953458188,0.5984967817001564,0.6031798858557694,0.6013883174102443,0.5997044466962894,0.6000318259648081,0.5718060990599918
GSM1123406,0.6056338028169014,0.6056338028169014,0.6111111111111112,0.6111111111111112,0.6056338028169014,0.6056338028169014,0.6111111111111112,0.6056338028169014,0.6056338028169014,0.6056338028169014,0.6056338028169014,0.6111111111111112,0.6056338028169014,0.6056338028169014,0.6111111111111112,0.6056338028169014,0.6111111111111112,0.6056338028169014,0.6056338028169014,0.6056338028169014,0.5539946986804376,0.5482765654696296,0.5744430209354981,0.660887006345246,0.5603560107189567,0.6117439792941834,0.6203577643697832,0.6097354320811749,0.5107484828766391,0.6070634202502936,0.5832709601808803,0.6685710737583416,0.6147929970473677,0.6214041314567816,0.6074662635501554,0.6075477175802356,0.6142539804917669,0.5673105193349035,0.4933405323578108,0.6253226740866759,0.6025572166869915,0.6063557017233602,0.6097906457240114,0.6143089040047197,0.6046346880175064,0.6105421647403219,0.6140811073272093,0.8428815253687743,0.6087164093693541,0.6099901953669649,0.2955840979193049,0.6106075714638619,0.6069757570201757,0.6067994342785078,0.6073368191407468,0.6090021644893366,0.6278496141485083,0.614105871082426,0.6030076832856703,0.6037318969300689,0.6022098254658923,0.6062031322285664,0.6088965083931993,0.6163868993625019,0.6042584155847198,0.9971817191551443,0.6149188355728261,0.7249059015196815,0.6078236252974913,0.6114375742134113,0.33856160115520245,0.6130176878722777,0.6071714038252184,0.6080057946425885,0.6070112581851435,0.6109284929226132,0.6116320772848387,0.6247379202579089,0.6017453460301221,0.6049928696539997
GSM1123409,0.6056338028169014,0.6056338028169014,0.6056338028169014,0.6056338028169014,0.6111111111111112,0.6056338028169014,0.6111111111111112,0.6056338028169014,0.6111111111111112,0.6111111111111112,0.6111111111111112,0.6111111111111112,0.6111111111111112,0.6111111111111112,0.6056338028169014,0.6056338028169014,0.6056338028169014,0.6056338028169014,0.6111111111111112,0.6111111111111112,0.5932504332805999,0.6058190605678151,0.5803113446484517,0.5125916990920081,0.6124348754387969,0.5760920181666664,0.5982976540182897,0.5965199401659336,0.6111196049471594,0.48232488175969157,0.5979168463048671,0.6400482547848199,0.5397056277467663,0.5376146003071013,0.45570343717599215,0.6070190259433608,0.5255875421847308,0.6384836382367667,0.6023070722033024,0.46594926835149586,0.6093650874376186,0.6082374842367136,0.6087882715543814,0.6048676145704526,0.6137104214721013,0.6119479180380376,0.6150224321527925,0.6047455991785516,0.6119987607263303,0.6081290814285584,0.6146032539552851,0.6124606083812207,0.6110948499240425,0.610444490257805,0.6059378542448878,0.6097351992552806,0.6069760922693016,0.6092194343032764,0.6169175476302289,0.6116078653014801,0.6344835805987071,0.6083605394657992,0.6089905404080558,0.6043332482947225,0.6142580428168917,0.9230121617158576,0.6154452246371622,0.605284247109852,0.6120745254635945,0.6067038996193801,0.6419206972301355,0.6146623499451982,0.6105269685851799,0.6100482347848444,0.6035990442629062,0.6111525823229522,0.6052892872485969,0.6204805434041715,0.6131676367115768,0.609699660844585
GSM1123412,0.6056338028169014,0.6056338028169014,0.6111111111111112,0.6056338028169014,0.6056338028169014,0.6056338028169014,0.6056338028169014,0.6056338028169014,0.6056338028169014,0.6056338028169014,0.6111111111111112,0.6056338028169014,0.6056338028169014,0.6111111111111112,0.6056338028169014,0.6056338028169014,0.6056338028169014,0.6056338028169014,0.6056338028169014,0.6111111111111112,0.5735588698970124,0.6037829637134599,0.4645270767971083,0.5699233585298448,0.47196872062300793,0.589768662701256,0.5196594454637664,0.5730399502430228,0.600358973283214,0.4912419405536978,0.5460816119756141,0.5813370970244054,0.5273369946003628,0.5779181954117788,0.5386341000245649,0.6040695808844798,0.5690889087724313,0.581645584390852,0.604855232132953,0.5664401800137298,0.5995377387314663,0.5985778312876766,0.6066843564353279,0.5890392203352551,0.6031311815285287,0.5683129206465711,0.599007493478773,0.6641536694127993,0.5980318396659717,0.6065791612748964,0.6079081864656927,0.6018013358235869,0.6046478237472327,0.6055969311103129,0.6001511612002771,0.5992776783682127,0.6031686817393631,0.601943130377834,0.5976015032047971,0.6058917214922974,0.598875049066419,0.5966813329953778,0.593149415562035,0.5988499222704775,0.6012728009279368,0.5920653709017524,0.5976347786930047,0.6174311333515632,0.5962938057174251,0.6041286527117327,0.5790414017965173,0.6016455890448131,0.6025639117988143,0.6049101946340278,0.5996052030856449,0.5997243368444363,0.6022149673042911,0.5776525635945228,0.59678404977889,0.6056476012220858
GSM1616280,0.6056338028169014,0.6111111111111112,0.6056338028169014,0.6056338028169014,0.6111111111111112,0.6111111111111112,0.6056338028169014,0.6111111111111112,0.6056338028169014,0.6056338028169014,0.6056338028169014,0.6056338028169014,0.6056338028169014,0.6056338028169014,0.6056338028169014,0.6056338028169014,0.6056338028169014,0.6056338028169014,0.6056338028169014,0.6056338028169014,0.5111218762149564,0.5508341515409666,0.6034721878066723,0.571755722262815,0.6011270071273069,0.5335653094437937,0.562290270636024,0.6069936070833664,0.6001714227336106,0.6806276092938295,0.45116665888955676,0.5173308115591276,0.5872813541094455,0.6220416443949273,0.6072841047897288,0.5427973069236898,0.6263303801496278,0.5033053025982233,0.5003768178443084,0.5783844089703919,0.5940079163251214,0.6048107021648822,0.590082155789306,0.5936227329453435,0.601696398265462,0.6000190882262595,0.5163712389372745,0.6011807625737885,0.5923949020824592,0.5905453688387446,0.683289544844156,0.6019191182642655,0.5692126715255296,0.47703914240376666,0.5883529161583099,0.5904842264503207,0.598381804959562,0.5930074851341386,0.5917548195201014,0.5927099133177823,0.5697764934759898,0.6034306721073192,0.5878948094176432,0.5931785336814499,0.5983614903735732,0.5989934416897934,0.5099257080371302,0.6009161675253278,0.5914824273944397,0.6008415838190253,0.5382020712379172,0.6006257884024485,0.5894657187834962,0.5845022651543703,0.5887126750260078,0.58981281621956,0.5987559695226324,0.5911397105988635,0.5902012009772459,0.5924498996385332
GSM1616283,0.6111111111111112,0.6056338028169014,0.6111111111111112,0.6056338028169014,0.6056338028169014,0.6056338028169014,0.6056338028169014,0.6056338028169014,0.6056338028169014,0.6056338028169014,0.6111111111111112,0.6056338028169014,0.6111111111111112,0.6056338028169014,0.6056338028169014,0.6056338028169014,0.6111111111111112,0.6111111111111112,0.6056338028169014,0.6056338028169014,0.623213753699577,0.5620865268355711,0.5828944803377276,0.5244928541185803,0.5721755922805959,0.6143328761335424,0.47528235201941155,0.534939842841947,0.6044516808360674,0.5318410001326106,0.5917601013418868,0.5516929203932022,0.5502342926868536,0.5988926650699224,0.4926897333944074,0.582902835401828,0.6160204175934006,0.611618348191972,0.6340531842332046,0.5336195237447799,0.6115812571593545,0.6071523354462625,0.6125244916436878,0.6086092523187207,0.6077380793504444,0.6083734048570456,0.6257687822904104,0.6501138993961812,0.609023845503557,0.6376331883119182,0.6122681245860525,0.6086988469958079,0.6130425887702048,0.6074449303200384,0.6070349392747043,0.6077353010560721,0.6675418089782315,0.6135781151642872,0.6071306834445308,0.6070133457781476,0.6117399356963097,0.6069376985846348,0.6153219250892423,0.6078431176115624,0.6073467031027807,0.6067958428096375,0.6163523415495553,0.6076725914157811,0.609001896479759,0.6089033007107698,0.6207325928332195,0.6085150285948577,0.6126382460702032,0.607450531850983,0.6062028710576255,0.6078988878920125,0.6139808640779161,0.620280841274815,0.6078891768409456,0.6063407262163003
GSM1616286,0.6056338028169014,0.6056338028169014,0.6056338028169014,0.6056338028169014,0.6056338028169014,0.6111111111111112,0.6056338028169014,0.6056338028169014,0.6056338028169014,0.6056338028169014,0.6111111111111112,0.6056338028169014,0.6056338028169014,0.6056338028169014,0.6056338028169014,0.6056338028169014,0.6056338028169014,0.6056338028169014,0.6056338028169014,0.6056338028169014,0.8188201837342033,0.8021011473057367,0.7596390842761276,0.7828626611547422,0.8772943853838576,0.8215824320950235,0.6084527203397357,0.8701832544635758,0.9102485333587943,0.8927765252208082,0.6863173007391098,0.8231853757857176,0.8039214540185394,0.7116900600209807,0.6121953192159197,0.86631205205436,0.8086307464502602,0.733421058543331,0.7137307417122118,0.7998059070804181,0.6001794168501847,0.6006959332958792,0.5842076718211321,0.5914946935429156,0.6012987891662908,0.6081870631186206,0.5911026614998192,0.5505104737444962,0.6000307798753856,0.6019716286737615,0.6071362181620472,0.601074155887748,0.6009923636533576,0.6020483432671156,0.602046210697781,0.5932649805244519,0.7423945894581627,0.6016701141158988,0.6011944298471337,0.6029601666240539,0.603742799444017,0.6027600788048032,0.6058459109034118,0.603430134531217,0.6050695767097594,0.6110040825322347,0.6031935759814298,0.6046019182497864,0.6042683095665307,0.6055172992906068,0.6022651147361298,0.6039067255469661,0.6038237468552927,0.6036041633079184,0.6041956718518505,0.6258820316751527,0.6067936925350139,0.6052604015416125,0.6032437301091639,0.6051862479495942
GSM1616289,0.6056338028169014,0.6111111111111112,0.6056338028169014,0.6056338028169014,0.6111111111111112,0.6056338028169014,0.6056338028169014,0.6056338028169014,0.6111111111111112,0.6056338028169014,0.6056338028169014,0.6111111111111112,0.6056338028169014,0.6056338028169014,0.6056338028169014,0.6056338028169014,0.6056338028169014,0.6056338028169014,0.6111111111111112,0.6056338028169014,0.5455035683827333,0.5686976789961502,0.5975014748542457,0.6063784570411762,0.6108143960574351,0.5753872250925485,0.4627519703927983,0.598123822699927,0.6115635530266001,0.5408576587684912,0.4749007543553948,0.5155448373892816,0.5987530476814783,0.6173801172135328,0.4826385061438179,0.5758394896516684,0.6503379664018516,0.49379161586299675,0.6130374507810326,0.529252732144912,0.6058391187779024,0.6134214492064273,0.6362217218260249,0.6146348073739518,0.614262810925168,0.6080270519963952,0.6323284082272527,0.6956692387006509,0.613506969411186,0.6113401913765193,0.610625123275147,0.6171940248569043,0.6116152202346345,0.6103944029628584,0.6104580747098545,0.609162619845738,0.6102987308901321,0.6487100242591556,0.6192678061690274,0.6093954503079021,0.6056208383033774,0.6132905970064015,0.6111008102904797,0.6574622552410877,0.6141378455600268,0.23900405212922682,0.6207834228988687,0.6621237752471599,0.6139222818454956,0.6115896154885905,0.6096103707014371,0.616529441556166,0.6114868827771917,0.6194981190898317,0.6095061167338801,0.6092263046803452,0.6109530125966867,0.6170776883910023,0.6143817238215001,0.6086488623759231
GSM1616292,0.6056338028169014,0.6056338028169014,0.6056338028169014,0.6111111111111112,0.6056338028169014,0.6111111111111112,0.6111111111111112,0.6056338028169014,0.6056338028169014,0.6056338028169014,0.6111111111111112,0.6056338028169014,0.6056338028169014,0.6111111111111112,0.6056338028169014,0.6056338028169014,0.6056338028169014,0.6056338028169014,0.6056338028169014,0.6111111111111112,0.5523905099256948,0.6035214251091847,0.603849521469967,0.5013700271371941,0.5366896316734756,0.5723526119353108,0.5463100669736485,0.526439945603646,0.5592333787454201,0.5965966485114116,0.567828328465395,0.5775591215376249,0.5776761976315818,0.51580767893009,0.6343202710999856,0.6021278369493234,0.5235226313575371,0.5443797286684265,0.5794141282245867,0.6139550502372823,0.6031705435505195,0.5998154659063041,0.6024386204009679,0.6070102732798462,0.6000850930842525,0.6079335752764488,0.6056705358691603,0.6031870368605103,0.6001041645876334,0.598720823691225,0.6055028268405794,0.5889887438692942,0.6017184377507595,0.608103285422688,0.6004230957837242,0.6006665894422718,0.6036814139799812,0.6020177990774364,0.5995162657114531,0.6067733527930651,0.5961223530311949,0.5976547226198147,0.6006282637805843,0.6034056131632569,0.5990326049050637,0.607383936990054,0.6033562823489134,0.6016030021761611,0.5986245441710624,0.5975659623492661,0.5693906994703407,0.5980611233514577,0.6002532622008248,0.6059591116005217,0.6011069808199018,0.5971580291710221,0.6012602356560093,0.5736670070800284,0.5989255361222711,0.6062612826625694
GSM1616295,0.6056338028169014,0.6056338028169014,0.6056338028169014,0.6056338028169014,0.6056338028169014,0.6056338028169014,0.6056338028169014,0.6056338028169014,0.6056338028169014,0.6056338028169014,0.6056338028169014,0.6111111111111112,0.6111111111111112,0.6056338028169014,0.6111111111111112,0.6056338028169014,0.6111111111111112,0.6111111111111112,0.6056338028169014,0.6111111111111112,0.7038215290069472,0.7442958494516658,0.6583482312843634,0.6881751307460721,0.6595281957088099,0.6803047258500897,0.7186857686846321,0.6948197787916125,0.7833337842150642,0.7974626372225229,0.7663688802873726,0.7555763455043301,0.726551798934561,0.6910179855930532,0.6208169521712185,0.6978728059758481,0.6461875873181011,0.6115292650387247,0.7498123392743011,0.7150037221229978,0.5997503347068986,0.600428107505048,0.601661612880074,0.5920309111649599,0.5998672218183337,0.6011288579552359,0.5656110849578483,0.5996478638304563,0.5995819728897978,0.6018875542333217,0.41403498204271755,0.6052830331912574,0.6058417612843352,0.5998953018679231,0.6047870304772235,0.599315435270378,0.5341619180362549,0.6051831580528982,0.5988997425920641,0.6045652547203537,0.6011557667802334,0.6024728315321658,0.6024173562116506,0.6023292186200608,0.6007745443389582,0.6030490928814798,0.5790615442891216,0.6010280213440541,0.6018845632392562,0.6046696436881172,0.5854970019694857,0.608386388975515,0.6079975614760147,0.6018072873740428,0.6058809150964963,0.600022530741994,0.6064066934369223,0.5964885179484016,0.6008161334141885,0.6060264174468234
GSM1616298,0.6056338028169014,0.6056338028169014,0.6111111111111112,0.6056338028169014,0.6056338028169014,0.6056338028169014,0.6111111111111112,0.6056338028169014,0.6056338028169014,0.6056338028169014,0.6056338028169014,0.6056338028169014,0.6056338028169014,0.6056338028169014,0.6056338028169014,0.6056338028169014,0.6056338028169014,0.6056338028169014,0.6056338028169014,0.6111111111111112,0.4106429824067798,0.2571093871068107,0.2891132698476238,0.33985922974567123,0.25850364542117854,0.5383865535427177,0.44558836381359584,0.5312796985112569,0.20576217635000532,0.6029842332582225,0.21553661905602908,0.3615609199224541,0.2713278061475509,0.34526570230278264,0.34220055449636494,0.2803771185644757,0.2121252576505604,0.2106939596036923,0.23797116068328936,0.3316020831734886,0.587479623371791,0.5909764804192488,0.5955360456883049,0.5960066238725056,0.5890363654334988,0.54596970730497,0.5960306371982304,0.4898936839292472,0.5870448043507773,0.5837785553133172,0.595010122173392,0.563277544442859,0.5945332790891433,0.5080585227083548,0.5925443120852549,0.5865036743119907,0.5919254081437271,0.5952718200358504,0.5944415092625592,0.5983191821012896,0.46517127737419034,0.5866212526381308,0.5574950078875323,0.5932917957642581,0.5847080049670116,0.5807779139440907,0.592457728375292,0.45102123855767634,0.582392310868184,0.5812006407025785,0.5903353572909011,0.5869440526803131,0.5906739018647402,0.5866132903592818,0.58968097588009,0.5828416655859003,0.48148811090423344,0.5904648738576002,0.5899338894985645,0.5949835308465135
GSM1616307,0.6056338028169014,0.6056338028169014,0.6056338028169014,0.6111111111111112,0.6056338028169014,0.6111111111111112,0.6056338028169014,0.6056338028169014,0.6056338028169014,0.6111111111111112,0.6056338028169014,0.6056338028169014,0.6056338028169014,0.6111111111111112,0.6056338028169014,0.6056338028169014,0.6056338028169014,0.6056338028169014,0.6056338028169014,0.6056338028169014,0.25997920223380755,0.43457134250081453,0.44646654597796087,0.4825805744202135,0.38010526652157445,0.38264782142032927,0.6015651652611163,0.2861119801625173,0.603569688750808,0.3612733587589053,0.30314605604206063,0.3957653098467635,0.597312303225511,0.4441687777543131,0.593451180248026,0.33408935350656127,0.47674614033127644,0.27797068129121405,0.3623920512551365,0.5783108756820624,0.6052451587513747,0.6047008769959001,0.6043355802825595,0.6107362078346773,0.6049856376655001,0.6107143123246511,0.6038458132207289,0.6039702320572379,0.6035184342042063,0.609252908167378,0.5359338978239987,0.6051151234839927,0.6046282300988925,0.6095815688194097,0.6066581259637174,0.6049065935378617,0.6043638424086492,0.6044433852659437,0.6039616105470901,0.6051470116983125,0.5882469036504646,0.602539644052454,0.60229520738777,0.6076287922388078,0.6015802423048052,0.6072243008982171,0.6009026956830026,0.5984319461082253,0.6029030885930329,0.6055213830201571,0.20188991496615138,0.6019175594700741,0.6042924834401773,0.6066704933210134,0.6027246221324422,0.6015589923218301,0.6022561100120496,0.5995732339192047,0.6004131964787756,0.5745743998305584
GSM1616310,0.6056338028169014,0.6056338028169014,0.6056338028169014,0.6056338028169014,0.6056338028169014,0.6111111111111112,0.6056338028169014,0.6111111111111112,0.6056338028169014,0.6056338028169014,0.6056338028169014,0.6056338028169014,0.6111111111111112,0.6056338028169014,0.6111111111111112,0.6056338028169014,0.6056338028169014,0.6056338028169014,0.6111111111111112,0.6111111111111112,0.6473086035714277,0.6263960866595673,0.6492852953969616,0.6921102558467982,0.6435164845290342,0.6584625576543629,0.6056614275947965,0.6878198177692718,0.6035106803148761,0.7484168224266211,0.5796075545445243,0.63471323086151,0.5856382296153224,0.593972623965524,0.6125489995582517,0.7342998446102174,0.6721676921492056,0.6138256283948123,0.5941619275348327,0.6865234546873289,0.5991979333830094,0.5965022496469257,0.5999450701116138,0.5838996156215037,0.59630918460769,0.6056266751427059,0.4576806522799981,0.6055616921968715,0.6002331996458161,0.6048766380804063,0.5987774793656052,0.5769566086551368,0.6025079004901489,0.595667837321818,0.6004142962615721,0.5991811105482564,0.6020601397340964,0.5473829403702483,0.6012432078501724,0.6024391060250125,0.5990955329659612,0.5960251318726524,0.6001440169748309,0.5983186603035688,0.596543424792504,0.6061893990744454,0.5856536169143974,0.6065002586377353,0.5994826973513292,0.6052362434528759,0.5969598140481883,0.5944820229281941,0.6014351521292175,0.5945262648309759,0.6004963871627613,0.7431052974641841,0.6034967345683714,0.5303064142053223,0.6058165636650542,0.602958808154873
GSM1616313,0.6056338028169014,0.6056338028169014,0.6111111111111112,0.6056338028169014,0.6056338028169014,0.6056338028169014,0.6056338028169014,0.6056338028169014,0.6056338028169014,0.6056338028169014,0.6056338028169014,0.6111111111111112,0.6056338028169014,0.6056338028169014,0.6056338028169014,0.6056338028169014,0.6111111111111112,0.6111111111111112,0.6056338028169014,0.6056338028169014,0.7044626959365875,0.6098992450965078,0.661884917661838,0.5971015097366896,0.5800616671118619,0.5863882979118715,0.5682173222555941,0.4229238225936112,0.6057656001352879,0.5969269132396474,0.6682256265711725,0.6770129381561661,0.605333674426571,0.6391746023750435,0.5770656591922311,0.5827020760750082,0.592301819793636,0.6106429927317404,0.5507124305520719,0.5948529756464995,0.5960790854958758,0.5934580306887808,0.5989894328847578,0.5937149439963914,0.5971071366270013,0.5599726607839218,0.5981501753547983,0.5946804173495819,0.598230337052862,0.5931435918611443,0.5964491610932743,0.6001331935233136,0.5798811612201996,0.5247347646461161,0.5790695659921773,0.5963153165397393,0.4619881594660107,0.6003698569792302,0.5936158158035412,0.5906453775056489,0.5971557594964151,0.5927860498094679,0.5791683470832271,0.5270149256975502,0.5960230287833818,0.5878440936403605,0.5970538747655332,0.5915345076775008,0.5982826594805067,0.5920798794019557,0.5961247361794739,0.6001563292859347,0.595957780728583,0.59208580649884,0.5946882171823042,0.5954878039515432,0.5955373376638387,0.5804415044053287,0.592198439046852,0.5009696706814959
GSM1616316,0.6056338028169014,0.6111111111111112,0.6056338028169014,0.6056338028169014,0.6056338028169014,0.6111111111111112,0.6056338028169014,0.6056338028169014,0.6111111111111112,0.6056338028169014,0.6056338028169014,0.6111111111111112,0.6056338028169014,0.6111111111111112,0.6056338028169014,0.6056338028169014,0.6056338028169014,0.6056338028169014,0.6056338028169014,0.6056338028169014,0.6762610741720445,0.677008579718763,0.6586220249065339,0.6099014771964326,0.5661783041063515,0.7097464844717656,0.6045857224527822,0.5146733836391751,0.6109955191705613,0.6038080734395361,0.6007019264977349,0.557027001142082,0.5906590229586823,0.6666841305318789,0.6589024290237562,0.6042923955599736,0.6412990827958671,0.6261915866403903,0.6718648319554653,0.6000205202638322,0.6081122154867271,0.6162776038071309,0.6601127962597745,0.6160349232647212,0.6193399916205481,0.6192333899826431,0.7519443830123923,0.6164322693116137,0.6173523439180084,0.6289583164953169,0.6203633643999058,0.6240832251865102,0.6371455006297827,0.621167929601413,0.6339441664069961,0.625722578757376,0.7474853963255528,0.7081217982852531,0.6226098137841263,0.625502887627024,0.6090268955133746,0.6172477931776397,0.6168559440493945,0.617397507006585,0.6182737721998773,0.6207185643108195,0.6382895121486417,0.6142939985940297,0.6171405997692989,0.6271121158004325,0.6431027309760484,0.6217626976307381,0.6155811052466711,0.6215942222120097,0.6170840682291306,0.6242991149169993,0.6465430086223626,0.6841780731848153,0.6240820325697064,0.7099622891180063
GSM1616319,0.6056338028169014,0.6056338028169014,0.6056338028169014,0.6056338028169014,0.6111111111111112,0.6056338028169014,0.6056338028169014,0.6056338028169014,0.6056338028169014,0.6056338028169014,0.6056338028169014,0.6056338028169014,0.6111111111111112,0.6111111111111112,0.6056338028169014,0.6056338028169014,0.6056338028169014,0.6056338028169014,0.6056338028169014,0.6056338028169014,0.7019480104553646,0.8177034340648177,0.7793605566255254,0.7571195098442497,0.617747896472706,0.6081190902578822,0.7517837252800225,0.8211557157195021,0.6091150580130481,0.6054142472381018,0.7848032353510123,0.807404022448695,0.749697172867822,0.7751373095057179,0.694996698988981,0.800201743549424,0.7322737111641555,0.720617218245139,0.6061333895617503,0.6355413219170228,0.6049409106727411,0.60670137380366,0.6063842234471699,0.608345892061403,0.6110659234510628,0.6063639421370813,0.6059593424974339,0.6352814413914522,0.6044849930920333,0.6083039475890122,0.6058274954418947,0.6086141722232529,0.612129310592015,0.6113960832929857,0.6085028477208089,0.6037394955412088,0.6059519310160391,0.6064510884165508,0.6070691776012624,0.6075414841395094,0.6056900222675012,0.6097184199192128,0.6087347780416072,0.6093633265614062,0.613117693096897,0.6087587989026477,0.6135033896719261,0.6124761127584032,0.6055108588420838,0.6079891757842665,0.607866691329813,0.6099074638086016,0.6146625536779093,0.6141789733605877,0.6083504841362952,0.7315461234791638,0.6076724030160813,0.6328221827265594,0.607416084059612,0.6422659881469079
GSM1616322,0.6056338028169014,0.6056338028169014,0.6111111111111112,0.6056338028169014,0.6056338028169014,0.6056338028169014,0.6111111111111112,0.6111111111111112,0.6111111111111112,0.6056338028169014,0.6056338028169014,0.6056338028169014,0.6056338028169014,0.6056338028169014,0.6056338028169014,0.6056338028169014,0.6056338028169014,0.6111111111111112,0.6056338028169014,0.6056338028169014,0.5705202029137004,0.557984527887316,0.612815143498849,0.6038487553181263,0.6071286562521705,0.6042791514904982,0.5521297891989698,0.6431317513634147,0.6090303544406991,0.597735220364635,0.6838935850012632,0.574483288429137,0.6571921419748755,0.5872291968621673,0.6460703832248337,0.5722732554496618,0.6498612978587639,0.6115554659813764,0.5684543655777563,0.540849212564794,0.5969008817328972,0.5932634895527513,0.597519905733151,0.5942476863559708,0.5929533864450993,0.5949812231406654,0.5997811515363392,0.6015467936389235,0.6022599964943024,0.5930800842160031,0.5933202425813225,0.5937775846192305,0.593227956469024,0.5968003804626374,0.5942614575793153,0.5942481129107361,0.5933484314195379,0.5984067372342556,0.5925974067867574,0.5968373309775759,0.5791537638719175,0.5921364278632634,0.5715631236882202,0.5936097957378571,0.5921361303791224,0.5936004700998796,0.5975516376947855,0.6017899421826375,0.6001228510116371,0.5920406701045554,0.5747110602091106,0.5928521044995222,0.5940747358467218,0.5793133658866796,0.5950895519599849,0.5939431233518884,0.5228809088151021,0.5765005931312671,0.5918256281384258,0.5951959621575386
GSM1616325,0.6056338028169014,0.6056338028169014,0.6111111111111112,0.6111111111111112,0.6056338028169014,0.6056338028169014,0.6056338028169014,0.6056338028169014,0.6056338028169014,0.6056338028169014,0.6111111111111112,0.6056338028169014,0.6056338028169014,0.6056338028169014,0.6056338028169014,0.6111111111111112,0.6056338028169014,0.6056338028169014,0.6111111111111112,0.6056338028169014,0.6673081365855468,0.6322169948893746,0.6916846754321994,0.6329524595064365,0.4715757013312905,0.5884589443480748,0.6069585684739848,0.610552284835356,0.6097008322462885,0.7336423433436592,0.6340497810848794,0.5565472288627924,0.6353393311290149,0.6278730707844985,0.6257901286317806,0.6135495081355348,0.6156057378699026,0.5482159262401582,0.6187387375781704,0.5904789015332577,0.5998371382764368,0.5978090540890453,0.6019762532157735,0.6035625738445226,0.5975406457689284,0.5723056282336186,0.24581010367527215,0.5766256605135562,0.6004432004195832,0.6004384101285307,0.6035265867770504,0.5982725228209631,0.5972468395617712,0.6000966966357296,0.5886643956483241,0.6063763189739075,0.6000239669956581,0.599691990822587,0.6008476707808081,0.6005923610290377,0.6011513356259593,0.5980400535869841,0.5910452667075516,0.6044597338573571,0.5958652110004807,0.592337979041084,0.591061569445044,0.585710668242474,0.601834055550534,0.6051888099897378,0.5784655942221905,0.5975097558453882,0.597544992005422,0.6015686590342443,0.600330034853322,0.6065459265968081,0.6005109740641421,0.5647240239927929,0.6075917193791022,0.6007781091385023
GSM1616328,0.6111111111111112,0.6111111111111112,0.6056338028169014,0.6056338028169014,0.6111111111111112,0.6056338028169014,0.6056338028169014,0.6111111111111112,0.6056338028169014,0.6056338028169014,0.6056338028169014,0.6056338028169014,0.6056338028169014,0.6056338028169014,0.6056338028169014,0.6111111111111112,0.6056338028169014,0.6056338028169014,0.6056338028169014,0.6056338028169014,0.6606522912152734,0.766737382239012,0.7248815662189064,0.7900227376641462,0.6076043953759939,0.6759051555401502,0.6068000557426588,0.7858791435280782,0.6054980995557084,0.8276830367292528,0.6226602713160859,0.7663682882517568,0.5996712984148972,0.6544482142840955,0.5620274427196478,0.6072656483108236,0.6003957577863944,0.619986639082615,0.6043705020900559,0.6261540554019439,0.6136808585324642,0.612759380967004,0.6087130011530821,0.611637010998181,0.6131237009311055,0.6074831601152203,0.6106109006398078,0.610999490677384,0.6068005924510199,0.626730670708324,0.6143579108563223,0.6082856091150828,0.6136527527599087,0.6075609209628815,0.6121680031810282,0.6123955288501797,0.6067363764841218,0.610065558459711,0.6077522447582001,0.6067137641209667,0.6137021670481183,0.6144184743867143,0.6099068396852118,0.6103233450457614,0.6117967255774127,0.6081201813770619,0.6083921190201077,0.6136553775910916,0.6066272117644611,0.6109673872379159,0.6104834412519187,0.6111462793176146,0.6072631971635286,0.6071273406528243,0.6050072731522437,0.6031209482056844,0.6051674611777682,0.6128983300347969,0.606414680633824,0.6056618944690962
GSM1616331,0.6056338028169014,0.6056338028169014,0.6056338028169014,0.6056338028169014,0.6056338028169014,0.6056338028169014,0.6056338028169014,0.6111111111111112,0.6056338028169014,0.6056338028169014,0.6056338028169014,0.6056338028169014,0.6056338028169014,0.6056338028169014,0.6056338028169014,0.6056338028169014,0.6056338028169014,0.6056338028169014,0.6056338028169014,0.6056338028169014,0.5250269521244519,0.6047679426104661,0.6049512696254625,0.6055966412400637,0.5762230048814626,0.5592734617694016,0.6054184554431282,0.569092436823234,0.4339815384947744,0.6046858824435853,0.6465977973237416,0.5199095319379585,0.6010193721388506,0.5805906972061396,0.5724460546004494,0.6057817330522136,0.5540078769070456,0.5750500890781631,0.5133575472552622,0.4956549180350156,0.6093912747763222,0.6102225422983832,0.6099883269991727,0.6090520052679885,0.6115210964908101,0.6099468368472931,0.955136572237476,0.6129703426686252,0.6094393539726426,0.6130618350058392,0.7740628006611119,0.6090356552488007,0.6236159806186777,0.6123727516667805,0.61860314304254,0.611680602760502,0.7879330339010813,0.6089466245687103,0.610488346648483,0.6090364539041839,0.6089007900118604,0.6092811460095898,0.609292572016718,0.609076248405921,0.6114289063957872,0.6092658165189773,0.6165471066711818,0.6125336924092497,0.6083150282346238,0.6121166488846981,0.8648161055545213,0.6085181709783289,0.6113774715524839,0.6113764228202268,0.6099619302779286,0.6118338533574895,0.6142874538423299,0.6088086546363219,0.609875530311661,0.6082929350776038
GSM1616343,0.6056338028169014,0.6056338028169014,0.6056338028169014,0.6056338028169014,0.6111111111111112,0.6056338028169014,0.6056338028169014,0.6056338028169014,0.6056338028169014,0.6056338028169014,0.6056338028169014,0.6056338028169014,0.6111111111111112,0.6056338028169014,0.6056338028169014,0.6111111111111112,0.6111111111111112,0.6056338028169014,0.6111111111111112,0.6111111111111112,0.6279357403705212,0.7163094862276733,0.6375606552990648,0.6999486659995552,0.6119401234503831,0.7183120971205117,0.6880143116486014,0.547509972191937,0.7750965665244681,0.8089248460041626,0.7320652853222597,0.7016473652930832,0.628656722976084,0.706930869233157,0.6085061234106511,0.6134944419614806,0.6224044421477943,0.6191397454336084,0.6543734408657743,0.6969376339101222,0.6113648675817193,0.6218754882827903,0.6662787201697008,0.6437467704971912,0.6208841931478515,0.6165312042046728,0.6148576547497118,0.6197676931636134,0.6196544668720184,0.650295923386893,0.6182816714154794,0.6499372555619276,0.6257406210556897,0.7060828904151173,0.6223680284962656,0.6206775828593414,0.8055953121922241,0.617687825593742,0.6353318661246643,0.6239190210317359,0.6114062289489441,0.6232210019302338,0.6170283617054445,0.6212692347566687,0.621169962040918,0.7699045578268835,0.6158074867238145,0.6179729307940288,0.6219894350838121,0.616480033346342,0.6196253380061638,0.6228220813138675,0.6258472109009708,0.6223872719126943,0.6232657703099495,0.6440063178686025,0.6318086243829396,0.6753712979960059,0.62205721200572,0.6241479908721255
GSM1616349,0.6056338028169014,0.6056338028169014,0.6111111111111112,0.6056338028169014,0.6056338028169014,0.6056338028169014,0.6056338028169014,0.6056338028169014,0.6056338028169014,0.6111111111111112,0.6111111111111112,0.6056338028169014,0.6056338028169014,0.6056338028169014,0.6056338028169014,0.6056338028169014,0.6056338028169014,0.6111111111111112,0.6056338028169014,0.6056338028169014,0.6985389602213034,0.7360959346320032,0.7123352585012869,0.6845163910593176,0.7200338360244968,0.7172104987035396,0.7313568090527497,0.6736341544081799,0.7728795414162695,0.7285216985644912,0.6805861972968058,0.7065110535859142,0.6588656425486976,0.6827212806091946,0.614183634553616,0.6578756384024098,0.6341520330036238,0.6114637490542655,0.7393905942863142,0.6887786187613832,0.6127793605865397,0.6156811243277598,0.6201281417691775,0.6112639104469509,0.6203006307894873,0.6113015269618672,0.6102293009958707,0.6133385383869628,0.618013754788729,0.6171403455951365,0.6199945714000955,0.6093076724510579,0.615137055665039,0.6128942721409923,0.6165469722287537,0.612589368283713,0.6101311931594724,0.6186924368879572,0.6126405399624187,0.6122011740590734,0.6141109164945316,0.6175757205547969,0.640033804829955,0.6121246039669662,0.622042764875753,0.737840838052691,0.6122496544818161,0.6146277657969905,0.6201062467347741,0.6189174141651611,0.6757028497078238,0.610654680355072,0.6158924710963689,0.630708541596063,0.6193078012184458,0.6130754397318877,0.6108081246363624,0.6331285974778101,0.6143824908829418,0.6140384368819274
GSM1616352,0.6056338028169014,0.6056338028169014,0.6056338028169014,0.6111111111111112,0.6111111111111112,0.6056338028169014,0.6111111111111112,0.6056338028169014,0.6111111111111112,0.6056338028169014,0.6056338028169014,0.6056338028169014,0.6111111111111112,0.6056338028169014,0.6056338028169014,0.6056338028169014,0.6056338028169014,0.6056338028169014,0.6111111111111112,0.6056338028169014,0.458831084375498,0.6029597278575455,0.5687768660534969,0.47335945843169547,0.600113458110949,0.603462013295228,0.5164801733662587,0.5630330865653654,0.6083227892731664,0.31489006545683446,0.39892244639848345,0.477966889342688,0.46428812296181543,0.5295569946981848,0.45237879204267784,0.5167503777724973,0.41367782030052974,0.46483204662927774,0.5538330159758335,0.5416876405383029,0.610173424644156,0.6122138605799716,0.6125707190122612,0.6179025334630655,0.6164591064046642,0.6098648980278858,0.6179575388416997,0.7739704887534845,0.6152287869457653,0.6104780198467449,0.6111721598051437,0.6096785059308553,0.6166633425499818,0.6107573748963082,0.6226859436713593,0.6105962777635793,0.5713982460092025,0.6920155700569093,0.6245204693945641,0.610203118066074,0.6108219799199374,0.6095017758160679,0.6117948012237109,0.6138097599277152,0.6128256439581661,0.6076961831166378,0.6151621403442907,0.6474008063459535,0.6124261516643594,0.6065005973816843,0.607758111129702,0.6079650110775148,0.6139614159346671,0.6134066735260069,0.6071158253045758,0.6096028937827361,0.6093201073429804,0.6480703233900426,0.6127673993152926,0.6095429033286923
GSM1616355,0.6056338028169014,0.6056338028169014,0.6111111111111112,0.6056338028169014,0.6056338028169014,0.6056338028169014,0.6056338028169014,0.6056338028169014,0.6056338028169014,0.6111111111111112,0.6056338028169014,0.6056338028169014,0.6056338028169014,0.6056338028169014,0.6056338028169014,0.6056338028169014,0.6056338028169014,0.6111111111111112,0.6056338028169014,0.6056338028169014,0.5711753995384037,0.531208336518822,0.49282472759302953,0.587001579211571,0.4545939751547744,0.604779064879346,0.6347465254095234,0.4824010625819447,0.4685966378499002,0.48982762716615386,0.5893496111002753,0.5629426471751884,0.5073690085100429,0.5391980979790264,0.6017968566578225,0.39149215673940174,0.5375282385889288,0.6097843498964901,0.5633040375401129,0.5765267064396051,0.6219457440223503,0.6169307854011622,0.6213859346514427,0.6314565499284538,0.6213371541562602,0.6140304076597173,0.6548419060127086,0.6136310314322534,0.6151761351960332,0.6167166417141876,0.6133961001382847,0.6088850609848531,0.616172448261789,0.6133904408297486,0.6170449675620963,0.6198948236784695,0.6123834177880368,0.6180182299853042,0.6152388373303941,0.6162869594498817,0.6912541410695059,0.61578857462614,0.6346895532266486,0.6147554413142577,0.6195576580848614,0.6131430201210667,0.655605089816254,0.6120760268462031,0.6135830413350343,0.6151940011555831,0.6129727961333379,0.6080203788261067,0.6145237720016204,0.6211451809910469,0.6158052057158822,0.617537742907683,0.611556108440594,0.6257568858500971,0.6144873919385268,0.6156253402450024
GSM1616358,0.6056338028169014,0.6056338028169014,0.6056338028169014,0.6056338028169014,0.6056338028169014,0.6056338028169014,0.6056338028169014,0.6056338028169014,0.6056338028169014,0.6056338028169014,0.6056338028169014,0.6056338028169014,0.6056338028169014,0.6056338028169014,0.6056338028169014,0.6056338028169014,0.6111111111111112,0.6056338028169014,0.6056338028169014,0.6056338028169014,0.5969735640171012,0.5747501069802918,0.6047341254821087,0.6540947352709918,0.6355742263721808,0.6141849222908546,0.5230500933097683,0.6808539701580336,0.641319637141598,0.4667480556708583,0.6306509467897198,0.5697938066104522,0.6031280449264202,0.5966081397410652,0.5808044934922073,0.4841045779807458,0.5841471538301943,0.468997561349326,0.5196715400362416,0.641503664979267,0.6159913571776017,0.6128650440843854,0.6122173428982837,0.6099992610688474,0.6124294095341313,0.6129279617645087,0.6087272499268678,0.6111685069131624,0.6146204170485239,0.611352709218135,0.6132359586659362,0.6142235901060196,0.6241932277449234,0.6506316535114604,0.6207503673388617,0.6151900184525997,0.7017643781304838,0.6102863758180789,0.613935791088873,0.6113327082861015,0.6608824173087143,0.612119956126072,0.6113307746023238,0.6105763176598298,0.6127963980073349,0.6126216735045117,0.6070938856809078,0.6122601085134467,0.6140780277827139,0.6084260732442427,0.6273760775506653,0.613273762249185,0.6121144033046027,0.6119219237752443,0.6102792859760828,0.6137658009535409,0.6187809128351839,0.6078082504159406,0.6119981069213416,0.6111783829612832
GSM1616361,0.6056338028169014,0.6056338028169014,0.6056338028169014,0.6056338028169014,0.6056338028169014,0.6056338028169014,0.6111111111111112,0.6056338028169014,0.6056338028169014,0.6111111111111112,0.6056338028169014,0.6056338028169014,0.6111111111111112,0.6056338028169014,0.6056338028169014,0.6056338028169014,0.6111111111111112,0.6056338028169014,0.6056338028169014,0.6111111111111112,0.4628621318770006,0.6029275128635071,0.5136822885039781,0.587156787620357,0.3897063116855213,0.5647645368226839,0.4928642066533966,0.3752782902912971,0.3947790826142017,0.43685756816319693,0.3273734401935182,0.42150547329657295,0.490434110968041,0.45143339714119546,0.43998044978166617,0.534218916855681,0.5726354616382152,0.38699932930258096,0.6047815838422852,0.4484054858816719,0.617953642359991,0.6148763491901414,0.6120973835586832,0.6158231337021253,0.6132970857605752,0.6391028942890894,0.621024352033964,0.7048569194852403,0.6129055663278276,0.6148485461472377,0.6113517083221232,0.6072436314817186,0.6182602261758671,0.6518149434178832,0.6114829357330859,0.61024569811522,0.7106497769907465,0.6175647647084773,0.6146321189540274,0.6155589490479328,0.6479773180521342,0.6121100790594093,0.6110578809600095,0.6445196004870114,0.6106352279180675,0.6162464761327292,0.6183489866908288,0.6150422145794852,0.6100448127669734,0.6126428197523399,0.6079244761742136,0.605094685317785,0.6163891466876126,0.6117996296991061,0.6098246229244524,0.609798345568318,0.6195692578219016,0.6280471717216869,0.6137642501697499,0.613780602601902
GSM1616364,0.6111111111111112,0.6056338028169014,0.6056338028169014,0.6056338028169014,0.6056338028169014,0.6056338028169014,0.6056338028169014,0.6056338028169014,0.6056338028169014,0.6056338028169014,0.6056338028169014,0.6056338028169014,0.6056338028169014,0.6056338028169014,0.6056338028169014,0.6056338028169014,0.6056338028169014,0.6056338028169014,0.6056338028169014,0.6056338028169014,0.6051819084638508,0.6036888960868458,0.5468379915847605,0.6529628124180339,0.6144781432440737,0.5911244609798421,0.6052448779529789,0.5456371646531333,0.5696016765598989,0.6037892909670842,0.602656067537862,0.648617681685272,0.6617789819268738,0.5669095203744919,0.6522408380334637,0.6709668738477409,0.6593727381737251,0.5443016146407192,0.6019553812746129,0.5897817920994194,0.6370966496550087,0.6267424106348893,0.6254498341637331,0.6497195712955459,0.6302933260590069,0.6779138293053636,0.9690758630268411,0.6204942441042449,0.6295411748788692,0.6341875320880564,0.6645951537123298,0.6270687603013436,0.6229155467627161,0.6236170266379506,0.6410202778649279,0.629340879545774,0.6226825075759485,0.6300331769500038,0.6220888305241613,0.629411997325342,0.6366102566607832,0.6246992999838886,0.6241038833727826,0.6222211096477688,0.6295615070133287,0.6319577612083913,0.650394810536503,0.619154047902618,0.6282662306768079,0.6323277802510695,0.6274507793152722,0.6276567663222299,0.6238012881164972,0.6213154663931584,0.6191023013407476,0.6305604346544513,0.7073020463603586,0.6647416002862317,0.6210232892598521,0.7260485701708489
GSM1616370,0.6056338028169014,0.6056338028169014,0.6111111111111112,0.6056338028169014,0.6056338028169014,0.6111111111111112,0.6056338028169014,0.6056338028169014,0.6056338028169014,0.6056338028169014,0.6056338028169014,0.6056338028169014,0.6056338028169014,0.6056338028169014,0.6056338028169014,0.6056338028169014,0.6111111111111112,0.6056338028169014,0.6056338028169014,0.6056338028169014,0.5243339625821616,0.49854684717452635,0.5707780502336391,0.5675905510902831,0.5834253537768654,0.5267890530492606,0.48578160078264915,0.5993130346111348,0.5410952919613521,0.36532391790764357,0.4412138999416662,0.5073320222081997,0.4602657854558145,0.5562584697423725,0.46511062090427624,0.5392357628193457,0.5720916713347272,0.5219809673206647,0.604193663258443,0.4889605397329072,0.6149633917295626,0.6121054821695922,0.6170653177153892,0.6099987327094395,0.612201433549437,0.614951876471406,0.6098391966873915,0.6111468027675132,0.6148694979156465,0.6104981145841907,0.6114366126471398,0.612345647120605,0.6104574557172061,0.6139015771206205,0.6233542050473954,0.6102901983826905,0.7201398976997847,0.6152927089226325,0.6131199150935898,0.612984214969318,0.6415890803648634,0.6103956867824463,0.6242431113748422,0.6095587587809826,0.6115982713524803,0.6138472905070151,0.607611852490387,0.6105459811923961,0.61295264691718,0.6070669766106827,0.6083914808584762,0.6106192228850605,0.6081379814426612,0.6112939951763644,0.6076619206302756,0.6095744410991918,0.618150138730294,0.6257786276923623,0.6117063052497838,0.6107667220297608
GSM1616373,0.6056338028169014,0.6056338028169014,0.6056338028169014,0.6056338028169014,0.6056338028169014,0.6056338028169014,0.6056338028169014,0.6056338028169014,0.6056338028169014,0.6056338028169014,0.6056338028169014,0.6056338028169014,0.6056338028169014,0.6056338028169014,0.6056338028169014,0.6056338028169014,0.6056338028169014,0.6056338028169014,0.6056338028169014,0.6056338028169014,0.6272811613667595,0.6055602410311224,0.648355232019283,0.5987258748058351,0.5924403251518029,0.6332814442998564,0.5840142242845966,0.6998841654245106,0.6059801573659382,0.7719980063888756,0.6862033591695775,0.6383921622237693,0.6401597237391359,0.625859230279459,0.7194366135067166,0.750385573429517,0.7010961492948506,0.697557621229358,0.7361123499314861,0.6683502281761374,0.604995457636993,0.5964807377357318,0.6019052096345854,0.5963840091204894,0.6011434941150193,0.6047980886762705,0.602748876134886,0.6002497706182699,0.602059554400494,0.6155288005688635,0.6004368837095097,0.605433376318556,0.5991250662799806,0.5968006748262299,0.5987233897432617,0.6037007963894887,0.5992631069072745,0.5795267850943936,0.5990249598835248,0.5995116680822421,0.604175877759119,0.5963835624420588,0.6019599837928965,0.5496916164604302,0.6002437647807318,0.968856982298927,0.6018530314668064,0.6015723517991485,0.6021805802336788,0.6071729209914509,0.6003059092341648,0.6052407657332867,0.5994199532292014,0.5968156608228656,0.5998313694778443,0.7655628333775804,0.5737785116014782,0.6026357219884295,0.6002119645547828,0.6000142874299019
GSM1616377,0.6056338028169014,0.6056338028169014,0.6056338028169014,0.6056338028169014,0.6056338028169014,0.6056338028169014,0.6056338028169014,0.6056338028169014,0.6056338028169014,0.6111111111111112,0.6056338028169014,0.6056338028169014,0.6056338028169014,0.6056338028169014,0.6056338028169014,0.6056338028169014,0.6056338028169014,0.6056338028169014,0.6056338028169014,0.6111111111111112,0.5820818844345449,0.6052375421474518,0.6056654035006686,0.5457113430851439,0.6449794301371056,0.6003531318622874,0.6372114321484241,0.7260683053630757,0.6262277279525437,0.6861492465836405,0.7061173323378815,0.6384069622023248,0.6806870691224354,0.5913525150729075,0.6290910520947752,0.5222265868023291,0.5888914854037521,0.671317021367641,0.6018360066917904,0.7280516359917668,0.6018884540732038,0.5847557818900485,0.5910422807031772,0.5954872430423098,0.5949387354371936,0.5993614014911347,0.5982517472602751,0.5921240389589523,0.5816940907720368,0.6006503538445697,0.8312588914408632,0.5843003666964373,0.591946602939486,0.5926354830591832,0.5736713845038964,0.5985564039335663,0.5901037959556776,0.5944862481941762,0.5934048269958397,0.5958408757838164,0.602315194158165,0.584333815629498,0.591073154301725,0.5948603807778984,0.5958376188832785,0.9965463941234362,0.5989228371578554,0.5940914470762909,0.5825064036348587,0.6019208481366415,0.9386861380720259,0.5850244730727531,0.593806503159167,0.5921142820853885,0.5941955077627329,0.8560447495630987,0.5234271045777692,0.5955658344875572,0.5938036347277005,0.5976770670304532
